pt1_X,pt1_Y,pt1_Z,pt2_X,pt2_Y,pt2_Z,pt3_X,pt3_Y,pt3_Z,pt4_X,pt4_Y,pt4_Z,pt5_X,pt5_Y,pt5_Z,pt6_X,pt6_Y,pt6_Z,pt7_X,pt7_Y,pt7_Z
10.733326,2.759951,21.354808,11.595679,2.881279,21.430236,11.665176,2.971257,20.393882,11.737834,0.870434,19.021013,12.684255,0.774742,18.061192,11.278297,0.367798,18.052108,NaN,NaN,NaN
10.709394,2.716678,21.427459,11.612542,2.939501,21.360762,11.694869,2.983955,20.374237,11.728814,0.841748,19.088245,12.681312,0.843522,17.966286,11.324419,0.342284,17.996889,NaN,NaN,NaN
10.709394,2.716678,21.427459,11.612542,2.939501,21.360762,11.694869,2.983955,20.374237,11.728814,0.841748,19.088245,12.681312,0.843522,17.966286,11.324419,0.342284,17.996889,NaN,NaN,NaN
10.709394,2.716678,21.427459,11.612542,2.939501,21.360762,11.694869,2.983955,20.374237,11.728814,0.841748,19.088245,12.681312,0.843522,17.966286,11.324419,0.342284,17.996889,NaN,NaN,NaN
10.709394,2.716678,21.427459,11.612542,2.939501,21.360762,11.694869,2.983955,20.374237,11.728942,0.843132,19.08865,12.681274,0.844042,17.966753,11.324587,0.343146,17.996825,NaN,NaN,NaN
10.70936,2.717206,21.427929,11.612542,2.939501,21.360762,11.694869,2.983955,20.374237,11.728942,0.843132,19.08865,12.681438,0.844902,17.966689,11.323735,0.342628,17.998965,NaN,NaN,NaN
10.708699,2.717037,21.429573,11.61267,2.940882,21.361162,11.694997,2.985331,20.374638,11.72813,0.842093,19.090336,12.681438,0.844902,17.966689,11.324548,0.343664,17.997298,NaN,NaN,NaN
10.708535,2.716184,21.42964,11.61267,2.940882,21.361162,11.694183,2.984311,20.376339,11.72813,0.842093,19.090336,12.680597,0.844383,17.968831,11.323695,0.343146,17.999438,NaN,NaN,NaN
10.708535,2.716184,21.42964,11.611691,2.939004,21.362945,11.694021,2.983459,20.376404,11.728092,0.842615,19.090807,12.680597,0.844383,17.968831,11.323735,0.342628,17.998965,NaN,NaN,NaN
10.708699,2.717037,21.429573,11.611852,2.939858,21.362878,11.694183,2.984311,20.376339,11.728092,0.842615,19.090807,12.680433,0.843522,17.968895,11.323695,0.343146,17.999438,NaN,NaN,NaN
10.707868,2.717739,21.42856,11.611214,2.94088,21.361334,11.693546,2.985329,20.374809,11.728054,0.843137,19.091278,12.680724,0.845764,17.969233,11.323695,0.343146,17.999438,NaN,NaN,NaN
10.708664,2.717565,21.430043,11.611819,2.940385,21.363345,11.694149,2.984836,20.376804,11.727415,0.844176,19.089753,12.680081,0.846796,17.967728,11.323021,0.344706,17.998397,NaN,NaN,NaN
10.708664,2.717565,21.430043,11.61118,2.941408,21.361801,11.693512,2.985854,20.375274,11.727581,0.845037,19.089687,12.680081,0.846796,17.967728,11.323863,0.344008,17.999373,NaN,NaN,NaN
10.70784,2.716542,21.431754,11.611819,2.940385,21.363345,11.693334,2.983815,20.378505,11.726768,0.843999,19.091374,12.680081,0.846796,17.967728,11.32306,0.344187,17.997924,NaN,NaN,NaN
10.708032,2.718592,21.428494,11.61118,2.941408,21.361801,11.694149,2.984836,20.376804,11.726768,0.843999,19.091374,12.680081,0.846796,17.967728,11.322376,0.344531,18,NaN,NaN,NaN
10.708032,2.718592,21.428494,11.61118,2.941408,21.361801,11.693512,2.985854,20.375274,11.726768,0.843999,19.091374,12.67924,0.846276,17.96987,11.322843,0.342628,18.001578,NaN,NaN,NaN
10.708032,2.718592,21.428494,11.61118,2.941408,21.361801,11.693512,2.985854,20.375274,11.726768,0.843999,19.091374,12.680081,0.846796,17.967728,11.323189,0.345568,17.998333,NaN,NaN,NaN
10.708664,2.717565,21.430043,11.61118,2.941408,21.361801,11.694149,2.984836,20.376804,11.72737,0.843483,19.093369,12.680043,0.847315,17.968194,11.323824,0.344526,17.999846,NaN,NaN,NaN
10.707207,2.717569,21.430204,11.610363,2.940383,21.363517,11.692698,2.984833,20.376975,11.727407,0.842961,19.092898,12.67924,0.846276,17.96987,11.323011,0.34349,18.001513,NaN,NaN,NaN
10.708664,2.717565,21.430043,11.611819,2.940385,21.363345,11.694149,2.984836,20.376804,11.726768,0.843999,19.091374,12.679278,0.845757,17.969404,11.322376,0.344531,18,NaN,NaN,NaN
10.70863,2.718093,21.430513,11.611819,2.940385,21.363345,11.694114,2.985361,20.377269,11.726731,0.844521,19.091845,12.67924,0.846276,17.96987,11.322376,0.344531,18,NaN,NaN,NaN
10.708794,2.718946,21.430447,11.611785,2.940913,21.363812,11.694114,2.985361,20.377269,11.726768,0.843999,19.091374,12.679278,0.845757,17.969404,11.322376,0.344531,18,NaN,NaN,NaN
10.708794,2.718946,21.430447,11.61118,2.941408,21.361801,11.694114,2.985361,20.377269,11.726731,0.844521,19.091845,12.67924,0.846276,17.96987,11.322376,0.344531,18,NaN,NaN,NaN
10.708161,2.719973,21.428897,11.611946,2.941767,21.363744,11.694276,2.986213,20.377204,11.726768,0.843999,19.091374,12.67924,0.846276,17.96987,11.322376,0.344531,18,NaN,NaN,NaN
10.708161,2.719973,21.428897,11.611308,2.942789,21.3622,11.69364,2.987231,20.375674,11.726768,0.843999,19.091374,12.678597,0.847308,17.968365,11.322376,0.344531,18,NaN,NaN,NaN
10.708325,2.720827,21.428831,11.611308,2.942789,21.3622,11.694276,2.986213,20.377204,11.726129,0.845038,19.08985,12.678597,0.847308,17.968365,11.322376,0.344531,18,NaN,NaN,NaN
10.708924,2.720327,21.43085,11.612074,2.943149,21.364144,11.694242,2.986738,20.37767,11.726731,0.844521,19.091845,12.678597,0.847308,17.968365,11.322376,0.344531,18,NaN,NaN,NaN
10.709081,2.722905,21.42806,11.612253,2.945196,21.360884,11.694582,2.989628,20.374373,11.726092,0.84556,19.09032,12.678597,0.847308,17.968365,11.322169,0.344188,18.000537,NaN,NaN,NaN
10.709245,2.723758,21.427994,11.61222,2.945724,21.36135,11.694548,2.990153,20.374839,11.726092,0.84556,19.09032,12.6794,0.848347,17.966689,11.322208,0.343669,18.000064,NaN,NaN,NaN
10.709844,2.723259,21.430013,11.612381,2.946577,21.361283,11.695312,2.990512,20.376769,11.726092,0.84556,19.09032,12.678597,0.847308,17.968365,11.322208,0.343669,18.000064,NaN,NaN,NaN
10.710103,2.726021,21.43082,11.613114,2.947464,21.363693,11.69544,2.991889,20.377169,11.726092,0.84556,19.09032,12.677992,0.847821,17.966393,11.322208,0.343669,18.000064,NaN,NaN,NaN
10.711091,2.727897,21.429043,11.614221,2.950725,21.362309,11.696382,2.994286,20.375868,11.725453,0.846598,19.088796,12.677954,0.84834,17.966859,11.321573,0.34471,17.998551,NaN,NaN,NaN
10.711351,2.73066,21.42985,11.614348,2.952106,21.362708,11.697324,2.996684,20.374567,11.725453,0.846598,19.088796,12.677311,0.849372,17.965354,11.321612,0.344192,17.998077,NaN,NaN,NaN
10.713067,2.733417,21.430495,11.615421,2.955894,21.361791,11.699193,3.000291,20.37513,11.725453,0.846598,19.088796,12.676542,0.849023,17.963446,11.319996,0.343335,17.998295,NaN,NaN,NaN
10.714253,2.737387,21.433188,11.617261,2.960041,21.362816,11.700213,3.003404,20.37786,11.725325,0.845214,19.088391,12.676416,0.847643,17.963044,11.320035,0.342816,17.997822,NaN,NaN,NaN
10.715466,2.742553,21.432688,11.6191,2.964188,21.363842,11.701248,3.007703,20.377424,11.72452,0.845391,19.086933,12.676449,0.848333,17.95946,11.319272,0.342477,17.9959,NaN,NaN,NaN
10.717606,2.748926,21.434074,11.620624,2.971065,21.363189,11.703245,3.012687,20.378388,11.72537,0.845907,19.084776,12.676361,0.846433,17.958592,11.319183,0.340579,17.995018,NaN,NaN,NaN
10.719875,2.756679,21.435863,11.621901,2.97695,21.366729,11.7053,3.020098,20.380682,11.725243,0.844524,19.084371,12.67563,0.845565,17.956218,11.319054,0.339198,17.994609,NaN,NaN,NaN
10.722471,2.766139,21.437518,11.625332,2.986918,21.366168,11.709037,3.027313,20.381809,11.725243,0.844524,19.084371,12.676268,0.845743,17.954606,11.319064,0.340414,17.991494,NaN,NaN,NaN
10.726784,2.778357,21.439819,11.628677,2.996748,21.369732,11.711578,3.037279,20.383907,11.725288,0.845217,19.080756,12.674894,0.845907,17.950727,11.318301,0.340075,17.989571,NaN,NaN,NaN
10.732999,2.798623,21.44088,11.634277,3.017007,21.368244,11.716311,3.052553,20.386437,11.725935,0.845393,19.079136,12.674928,0.846597,17.947144,11.318172,0.338695,17.989163,NaN,NaN,NaN
10.739221,2.817958,21.455111,11.639171,3.028748,21.3725,11.723761,3.07976,20.408557,11.725732,0.845054,19.079673,12.674121,0.846768,17.945703,11.317408,0.338356,17.98724,NaN,NaN,NaN
10.74403,2.829489,21.455832,11.646552,3.049374,21.388357,11.729822,3.090424,20.409137,11.725943,0.846608,19.075992,12.674671,0.845046,17.943222,11.318093,0.338013,17.985165,NaN,NaN,NaN
10.750133,2.840163,21.456456,11.652025,3.060567,21.386904,11.736731,3.101583,20.407551,11.727266,0.845225,19.075425,12.674742,0.845216,17.939173,11.317836,0.335252,17.984348,NaN,NaN,NaN
10.835699,2.982556,21.295138,11.662527,3.057235,21.379078,11.671643,3.092644,20.557069,11.695558,0.96513,18.874876,12.616266,0.760176,17.9594,11.212585,0.453325,17.993948,NaN,NaN,NaN
10.838209,3.001918,21.282612,11.676029,3.067344,21.380443,11.67951,3.13122,20.524324,11.713941,0.985855,18.85063,12.626492,0.778029,17.953862,11.195584,0.510068,17.966782,NaN,NaN,NaN
10.831088,3.016677,21.295184,11.691838,3.082785,21.378652,11.700445,3.154705,20.511126,11.719319,0.983394,18.863736,12.626423,0.765899,17.977174,11.205455,0.509844,17.959568,NaN,NaN,NaN
10.872072,3.089935,21.236463,11.719223,3.116138,21.319328,11.727439,3.17698,20.497746,11.726343,1.003722,18.841364,12.623033,0.758951,17.981436,11.196359,0.511125,17.943442,NaN,NaN,NaN
10.887681,3.116509,21.207115,11.729014,3.135094,21.319171,11.75096,3.198743,20.495231,11.730398,1.009332,18.832569,12.633587,0.764473,17.984237,11.213011,0.533066,17.887119,NaN,NaN,NaN
10.880853,3.126728,21.215684,11.732613,3.17076,21.314831,11.76594,3.207387,20.508881,11.734595,0.997999,18.844412,12.633435,0.753179,17.964301,11.203815,0.53161,17.911991,NaN,NaN,NaN
10.923854,3.185422,21.194717,11.741418,3.191522,21.316049,11.772435,3.224172,20.498922,11.72311,1.021159,18.815211,12.621128,0.76071,17.958943,11.207613,0.548162,17.887501,NaN,NaN,NaN
10.927268,3.187497,21.21839,11.770949,3.185652,21.370071,11.789822,3.225491,20.534241,11.734391,1.013323,18.854929,12.63,0.751925,17.958977,11.201823,0.524174,17.910619,NaN,NaN,NaN
10.955983,3.22098,21.191539,11.780958,3.208488,21.383395,11.802807,3.252366,20.529705,11.745746,1.028682,18.830616,12.620504,0.763722,17.932456,11.213567,0.521659,17.920171,NaN,NaN,NaN
10.973853,3.249943,21.174797,11.789717,3.223827,21.382776,11.824839,3.270736,20.544478,11.745314,1.03462,18.836007,12.627915,0.764056,17.926348,11.207003,0.511962,17.912891,NaN,NaN,NaN
10.988804,3.284967,21.168871,11.80003,3.240491,21.374666,11.823447,3.296449,20.512998,11.740828,1.049907,18.827761,12.624705,0.746738,17.940745,11.207222,0.50907,17.910246,NaN,NaN,NaN
11.004716,3.284716,21.191378,11.815059,3.261248,21.359511,11.838026,3.316996,20.500283,11.744438,1.039885,18.857233,12.623718,0.741551,17.941155,11.207106,0.499336,17.925643,NaN,NaN,NaN
11.020714,3.281644,21.227318,11.834006,3.290687,21.33403,11.862542,3.341057,20.495378,11.744018,1.067395,18.829742,12.625426,0.734197,17.93412,11.220298,0.49621,17.929509,NaN,NaN,NaN
11.036007,3.312709,21.201955,11.860799,3.331342,21.29244,11.894266,3.363959,20.485936,11.751462,1.060211,18.83485,12.634073,0.741483,17.914426,11.216538,0.504905,17.923711,NaN,NaN,NaN
11.068758,3.358377,21.167636,11.871639,3.357748,21.290943,11.908856,3.407661,20.4525,11.763754,1.053477,18.839562,12.632691,0.736499,17.929803,11.211654,0.4987,17.933699,NaN,NaN,NaN
11.074728,3.380324,21.163361,11.881769,3.381799,21.290641,11.915469,3.424122,20.459591,11.769153,1.064256,18.831755,12.633532,0.743651,17.931189,11.217881,0.516915,17.90528,NaN,NaN,NaN
11.089723,3.415883,21.142002,11.891268,3.399201,21.289228,11.92395,3.454463,20.450758,11.780886,1.093622,18.800325,12.618165,0.747582,17.869554,11.214856,0.501411,17.906447,NaN,NaN,NaN
11.107104,3.429108,21.183162,11.900342,3.424301,21.302896,11.938291,3.457201,20.494573,11.767404,1.099811,18.782395,12.641188,0.761422,17.843053,11.225593,0.493732,17.916381,NaN,NaN,NaN
11.125689,3.468409,21.139184,11.908308,3.440975,21.297603,11.945204,3.492312,20.476971,11.761729,1.09961,18.783338,12.630266,0.773925,17.822344,11.226146,0.497685,17.895691,NaN,NaN,NaN
11.125405,3.472933,21.143165,11.919677,3.461398,21.288566,11.962648,3.513323,20.455553,11.776937,1.142481,18.750315,12.623004,0.771626,17.826655,11.221161,0.504114,17.892914,NaN,NaN,NaN
11.119719,3.482798,21.162809,11.932692,3.486566,21.277016,11.975334,3.542711,20.435939,11.777985,1.159936,18.742924,12.628885,0.768949,17.837702,11.229013,0.493562,17.886473,NaN,NaN,NaN
11.123676,3.515539,21.168981,11.948485,3.522095,21.255191,11.99352,3.584995,20.391804,11.803493,1.170824,18.737788,12.637056,0.790521,17.811492,11.246297,0.488577,17.878103,NaN,NaN,NaN
11.142962,3.561264,21.142051,11.975442,3.57209,21.21035,12.010976,3.615386,20.378285,11.811224,1.181217,18.706479,12.62468,0.77267,17.807714,11.251145,0.469529,17.898399,NaN,NaN,NaN
11.180926,3.622318,21.086416,11.983975,3.593205,21.205719,12.017873,3.634391,20.368164,11.809815,1.204296,18.691826,12.636609,0.783164,17.795159,11.238628,0.470978,17.91219,NaN,NaN,NaN
11.189739,3.656176,21.07907,11.989376,3.614509,21.202438,12.029658,3.653735,20.379038,11.815419,1.247659,18.654826,12.638137,0.786174,17.778013,11.234297,0.468726,17.901487,NaN,NaN,NaN
11.185923,3.657506,21.090236,11.995845,3.642995,21.213562,12.031088,3.68334,20.374854,11.813751,1.272978,18.645258,12.641345,0.803477,17.763642,11.223779,0.473508,17.888918,NaN,NaN,NaN
11.197082,3.69433,21.080041,11.999078,3.661689,21.210782,12.039396,3.69475,20.407687,11.823017,1.271511,18.66178,12.638135,0.825623,17.754968,11.232938,0.44971,17.894331,NaN,NaN,NaN
11.1972,3.713161,21.076205,12.002344,3.684264,21.205738,12.043559,3.727074,20.396802,11.815166,1.3127,18.61884,12.629594,0.822078,17.763261,11.221763,0.463177,17.889686,NaN,NaN,NaN
11.186149,3.750771,21.059612,12.005131,3.71311,21.197291,12.044609,3.798993,20.334546,11.82607,1.333933,18.599965,12.615915,0.824627,17.773266,11.226646,0.469385,17.879699,NaN,NaN,NaN
11.197106,3.789297,21.066807,12.010756,3.747429,21.187609,12.063617,3.815605,20.323985,11.824018,1.34525,18.597514,12.620112,0.847102,17.758494,11.21888,0.460303,17.873314,NaN,NaN,NaN
11.200636,3.811007,21.051968,12.011621,3.77396,21.180409,12.067747,3.847501,20.311017,11.812467,1.368446,18.597959,12.615738,0.834984,17.763151,11.21538,0.491369,17.834589,NaN,NaN,NaN
11.197078,3.847413,21.049662,12.013394,3.798998,21.174157,12.065558,3.862403,20.32499,11.817184,1.384052,18.578509,12.600009,0.841251,17.752488,11.211956,0.506906,17.810762,NaN,NaN,NaN
11.18644,3.880765,21.032919,12.013816,3.833757,21.18245,12.065714,3.908232,20.300677,11.816233,1.399452,18.560009,12.599569,0.847148,17.757859,11.210174,0.500683,17.834465,NaN,NaN,NaN
11.193243,3.888332,21.051324,12.012355,3.861226,21.174024,12.068877,3.9312,20.305349,11.804428,1.439763,18.543191,12.596288,0.85718,17.772452,11.205978,0.515168,17.833946,NaN,NaN,NaN
11.191981,3.909424,21.034588,12.010974,3.89382,21.167844,12.058266,3.984963,20.266194,11.799123,1.440365,18.557873,12.597458,0.891436,17.759118,11.207501,0.499042,17.843146,NaN,NaN,NaN
11.200081,3.973,21.02955,12.011968,3.934912,21.155648,12.052924,4.001902,20.273817,11.785671,1.472872,18.554087,12.596768,0.895577,17.777644,11.197338,0.517663,17.838127,NaN,NaN,NaN
11.195689,4.023665,21.004566,12.007825,3.964705,21.152888,12.063999,4.039465,20.281344,11.77605,1.493302,18.548351,12.576924,0.917985,17.801886,11.189648,0.493082,17.846608,NaN,NaN,NaN
11.183674,4.076985,21.001897,12.003132,4.002536,21.162023,12.060116,4.068341,20.275357,11.767892,1.518614,18.540306,12.56591,0.926747,17.792555,11.190557,0.510885,17.833458,NaN,NaN,NaN
11.15079,4.092056,21.001832,11.994576,4.034268,21.156684,12.036123,4.110622,20.250396,11.776874,1.542549,18.527639,12.5626,0.968621,17.752833,11.177469,0.501384,17.842344,NaN,NaN,NaN
11.162219,4.182225,20.970577,11.984299,4.078132,21.142629,12.02146,4.165,20.239011,11.757623,1.591659,18.504266,12.531668,0.974446,17.769299,11.180058,0.522656,17.846484,NaN,NaN,NaN
11.153479,4.203687,20.974181,11.960163,4.15224,21.087108,11.997938,4.241464,20.199035,11.745998,1.621654,18.497596,12.513335,1.008211,17.764509,11.149858,0.553122,17.818063,NaN,NaN,NaN
11.138079,4.251514,20.976729,11.950928,4.18973,21.084278,11.990316,4.273915,20.205724,11.733984,1.652538,18.475702,12.485219,1.031522,17.781549,11.145982,0.552081,17.827662,NaN,NaN,NaN
11.111111,4.29116,20.958995,11.94125,4.231112,21.085659,11.990783,4.268833,20.191419,11.715049,1.689382,18.460682,12.465321,1.067972,17.784312,11.138447,0.547109,17.844214,NaN,NaN,NaN
11.122916,4.398882,20.87208,11.928202,4.27357,21.071466,11.972958,4.304222,20.179915,11.700023,1.733743,18.438715,12.461689,1.095972,17.781014,11.121166,0.552103,17.85257,NaN,NaN,NaN
11.088895,4.431472,20.903217,11.896818,4.361358,21.005207,11.926374,4.415053,20.133835,11.664306,1.781105,18.403946,12.439305,1.150355,17.756598,11.106764,0.560214,17.894386,NaN,NaN,NaN
11.049477,4.47333,20.886756,11.850712,4.367666,21.074704,11.919722,4.426798,20.158807,11.630164,1.844637,18.373773,12.412622,1.17026,17.770169,11.089116,0.584063,17.857122,NaN,NaN,NaN
11.031488,4.544265,20.859811,11.831514,4.397443,21.064476,11.899727,4.451969,20.126604,11.610165,1.892154,18.352528,12.37282,1.19056,17.776982,11.064323,0.632628,17.824494,NaN,NaN,NaN
11.031905,4.601291,20.794706,11.78837,4.440168,21.071604,11.869921,4.553985,20.089317,11.566233,1.923814,18.347405,12.354119,1.216162,17.799013,11.042433,0.672405,17.821862,NaN,NaN,NaN
10.973398,4.670989,20.812938,11.764263,4.519809,21.001701,11.850718,4.605283,20.072081,11.547473,1.958505,18.356824,12.337596,1.276171,17.773773,11.042605,0.639662,17.888686,NaN,NaN,NaN
10.91153,4.720153,20.815177,11.722703,4.589897,20.945022,11.821262,4.643186,20.075305,11.494167,2.021522,18.349611,12.289668,1.308633,17.793308,11.023395,0.687569,17.868685,NaN,NaN,NaN
10.88707,4.759888,20.807984,11.653647,4.652643,20.929496,11.782127,4.733106,20.039527,11.457719,2.059042,18.354951,12.273642,1.34607,17.786441,10.985735,0.724241,17.876548,NaN,NaN,NaN
10.850084,4.84406,20.760164,11.617307,4.768407,20.853761,11.716599,4.769663,20.059451,11.445673,2.078495,18.326236,12.207344,1.378647,17.814574,10.96304,0.754102,17.841128,NaN,NaN,NaN
10.833398,4.935902,20.727157,11.619029,4.755294,20.897445,11.676178,4.819912,20.051795,11.390362,2.154468,18.28896,12.173804,1.417631,17.827288,10.942074,0.771981,17.837837,NaN,NaN,NaN
10.776744,4.960492,20.732942,11.555302,4.838406,20.858708,11.61388,4.869819,20.040966,11.323669,2.182534,18.272068,12.137532,1.472751,17.825991,10.918082,0.774415,17.83567,NaN,NaN,NaN
10.725637,5.037338,20.706121,11.516274,4.888744,20.831643,11.545051,4.934732,20.006233,11.260952,2.191393,18.334298,12.099276,1.531531,17.804034,10.901002,0.788694,17.861983,NaN,NaN,NaN
10.659655,5.139919,20.635826,11.466832,4.923688,20.825258,11.4872,5.004755,19.99179,11.209221,2.237741,18.327932,12.046086,1.606335,17.73147,10.874688,0.842597,17.834679,NaN,NaN,NaN
10.620115,5.209809,20.589127,11.407106,5.014077,20.779479,11.443853,5.071206,19.953616,11.177977,2.29977,18.289596,11.979674,1.677067,17.706631,10.826993,0.898651,17.799526,NaN,NaN,NaN
10.570537,5.261171,20.575022,11.348877,5.078797,20.731162,11.406558,5.122042,19.956278,11.112515,2.402777,18.210652,11.929528,1.725389,17.697176,10.796232,0.937728,17.779013,NaN,NaN,NaN
10.51498,5.290893,20.565101,11.27478,5.134033,20.70548,11.376103,5.236617,19.781411,11.06994,2.447978,18.223973,11.879699,1.775434,17.674581,10.765484,0.976797,17.758498,NaN,NaN,NaN
10.453777,5.396054,20.498839,11.223973,5.217492,20.664054,11.307147,5.257547,19.804421,11.001728,2.494661,18.207857,11.841007,1.869761,17.617028,10.714819,1.00535,17.771415,NaN,NaN,NaN
10.409417,5.467527,20.433293,11.178091,5.26464,20.652497,11.235631,5.360711,19.716879,10.932221,2.52768,18.199385,11.777422,1.916107,17.617936,10.689471,0.960037,17.827567,NaN,NaN,NaN
10.354997,5.523259,20.386942,11.126612,5.32444,20.58508,11.163469,5.418313,19.689139,10.845062,2.609761,18.151413,11.703612,1.9613,17.600626,10.637747,0.99094,17.833028,NaN,NaN,NaN
10.265909,5.5837,20.390622,11.034987,5.418292,20.515265,11.105404,5.443533,19.683916,10.816988,2.648056,18.149348,11.620362,2.003546,17.621308,10.603413,1.068887,17.771576,NaN,NaN,NaN
10.188912,5.672279,20.345887,10.944079,5.487705,20.49575,11.031623,5.482066,19.680645,10.693305,2.755497,18.059935,11.54768,2.065122,17.623446,10.546127,1.120917,17.744655,NaN,NaN,NaN
10.0752,5.743567,20.256932,10.864921,5.541586,20.483095,10.970078,5.577717,19.548546,10.643976,2.750352,18.074473,11.486163,2.165262,17.561243,10.48937,1.157852,17.751903,NaN,NaN,NaN
10.005475,5.815149,20.197906,10.773433,5.630447,20.377659,10.907347,5.624569,19.508174,10.57159,2.836243,18.032013,11.43249,2.216189,17.549962,10.425142,1.171223,17.792413,NaN,NaN,NaN
9.908964,5.866111,20.170172,10.674186,5.719247,20.29583,10.801577,5.676218,19.476599,10.504416,2.951149,17.88857,11.371639,2.278722,17.521576,10.378589,1.250019,17.739193,NaN,NaN,NaN
9.800329,5.981722,20.062647,10.599836,5.731418,20.296155,10.722534,5.766639,19.396489,10.423921,3.032644,17.830862,11.276496,2.372529,17.431593,10.327479,1.293665,17.717842,NaN,NaN,NaN
9.722173,6.028317,20.025841,10.493394,5.806386,20.242976,10.609831,5.815809,19.370962,10.333415,3.094436,17.774363,11.198925,2.400325,17.486197,10.277603,1.409154,17.62212,NaN,NaN,NaN
9.607434,6.088507,19.958035,10.410697,5.897628,20.132906,10.482655,5.901715,19.258472,10.235165,3.08604,17.801096,11.121205,2.478025,17.441009,10.21281,1.429329,17.63997,NaN,NaN,NaN
9.506501,6.15698,19.902001,10.286817,5.929441,20.10225,10.366997,5.955708,19.217777,10.164388,3.128777,17.797364,11.0625,2.5532,17.370759,10.164698,1.43453,17.674193,NaN,NaN,NaN
9.384821,6.229,19.82208,10.195013,5.987247,20.047455,10.244265,6.010488,19.181797,10.071095,3.210333,17.741564,10.973689,2.635273,17.33156,10.092783,1.485802,17.6593,NaN,NaN,NaN
9.279854,6.295585,19.731672,10.079098,6.043343,20.025345,10.145818,6.09805,19.098088,9.96835,3.238329,17.745903,10.888872,2.710669,17.290601,10.066444,1.605728,17.518258,NaN,NaN,NaN
9.143704,6.316678,19.726629,9.937497,6.122678,19.958416,10.012951,6.152307,19.06281,9.851514,3.334005,17.643455,10.794334,2.80331,17.267627,9.941174,1.621084,17.571512,NaN,NaN,NaN
9.026978,6.341286,19.721428,9.800568,6.188362,19.900659,9.879229,6.1975,19.003706,9.750219,3.405568,17.602709,10.696172,2.866164,17.213088,9.860496,1.666195,17.575262,NaN,NaN,NaN
8.874567,6.431619,19.608349,9.668577,6.259336,19.802255,9.768347,6.262992,18.877963,9.652893,3.477339,17.519289,10.601605,2.959595,17.123233,9.775646,1.762216,17.495281,NaN,NaN,NaN
8.74766,6.476164,19.512476,9.547612,6.364906,19.663454,9.624709,6.326211,18.809647,9.554051,3.55982,17.446002,10.488351,3.012244,17.105305,9.712211,1.816091,17.458719,NaN,NaN,NaN
8.599477,6.507417,19.474751,9.409903,6.409188,19.598406,9.463752,6.365878,18.775385,9.425952,3.601905,17.427437,10.384987,3.084971,17.055981,9.60155,1.943204,17.342509,NaN,NaN,NaN
8.456693,6.60545,19.32463,9.251171,6.450614,19.540472,9.337798,6.477216,18.637672,9.31535,3.662457,17.374367,10.289618,3.160785,17.017334,9.490659,2.026015,17.256357,NaN,NaN,NaN
8.306306,6.670216,19.243051,9.115174,6.508924,19.447077,9.193797,6.512595,18.586219,9.213845,3.744705,17.25791,10.155669,3.226489,16.962304,9.406301,2.081108,17.209401,NaN,NaN,NaN
8.146003,6.710872,19.189796,8.967312,6.570163,19.355947,9.026604,6.583394,18.491715,9.092512,3.818214,17.190926,10.062221,3.284352,16.892866,9.326992,2.107202,17.201692,NaN,NaN,NaN
7.957888,6.798598,19.041991,8.786919,6.603145,19.319804,8.874225,6.611574,18.446452,8.966535,3.909691,17.079999,9.935473,3.414791,16.771074,9.212471,2.159553,17.177429,NaN,NaN,NaN
7.813555,6.841213,18.961728,8.586717,6.699912,19.198694,8.706523,6.634587,18.408344,8.823018,3.943949,17.0507,9.814396,3.468367,16.745669,9.038045,2.258654,17.103178,NaN,NaN,NaN
7.653731,6.8645,18.879463,8.467098,6.772297,19.118423,8.565969,6.740244,18.243002,8.661234,3.961827,17.042626,9.679585,3.528132,16.688677,8.930297,2.29881,17.082084,NaN,NaN,NaN
7.50625,6.893671,18.814115,8.28586,6.828078,19.044707,8.418154,6.822182,18.096094,8.568006,4.037391,16.926715,9.542625,3.619145,16.582324,8.80096,2.40581,16.936247,NaN,NaN,NaN
7.314114,6.961595,18.693948,8.120312,6.879319,18.926387,8.2433,6.838529,18.052097,8.459061,4.125303,16.807323,9.43577,3.709314,16.50813,8.666159,2.436447,16.927433,NaN,NaN,NaN
7.18215,6.990711,18.614356,7.947208,6.921131,18.853393,8.060342,6.863417,18.017997,8.308034,4.188535,16.729886,9.308922,3.77717,16.417317,8.515756,2.540389,16.782966,NaN,NaN,NaN
6.983497,7.017004,18.54282,7.754745,6.993772,18.72341,7.857782,6.885292,17.975678,8.171168,4.233949,16.6748,9.175639,3.860396,16.316176,8.379393,2.602064,16.698521,NaN,NaN,NaN
6.799045,7.082838,18.415398,7.603045,6.993418,18.706443,7.696955,6.965169,17.829489,7.990155,4.218663,16.673934,9.021959,3.893433,16.256831,8.202669,2.685083,16.581474,NaN,NaN,NaN
6.612688,7.127013,18.308812,7.430341,7.01388,18.647776,7.561795,7.013148,17.753662,7.803567,4.251913,16.613321,8.871887,3.950062,16.16866,8.055731,2.719791,16.527648,NaN,NaN,NaN
6.46276,7.164513,18.254753,7.232994,7.067028,18.560177,7.364294,6.986569,17.778753,7.664587,4.358912,16.441308,8.724558,3.968893,16.089513,7.852667,2.837544,16.388408,NaN,NaN,NaN
6.267423,7.177767,18.179357,7.068665,7.166416,18.399546,7.195244,7.049369,17.634556,7.529597,4.409958,16.34964,8.545674,4.017431,16.017231,7.680378,2.898069,16.279243,NaN,NaN,NaN
6.061712,7.20849,18.131876,6.875543,7.203188,18.29256,7.015426,7.130288,17.457006,7.368375,4.42633,16.313719,8.39663,4.065487,15.93826,7.49544,2.913238,16.241206,NaN,NaN,NaN
5.922734,7.233207,18.011219,6.691059,7.223999,18.235505,6.855531,7.188377,17.361235,7.18452,4.473565,16.231099,8.23492,4.121753,15.844615,7.333482,2.96064,16.130584,NaN,NaN,NaN
5.735758,7.304844,17.882768,6.526098,7.320773,18.09332,6.686821,7.234427,17.241701,7.0131,4.474968,16.208312,8.078044,4.110054,15.827934,7.154645,3.053399,15.99444,NaN,NaN,NaN
5.544515,7.322274,17.800076,6.376525,7.354622,18.036205,6.513845,7.264742,17.181483,6.850491,4.519148,16.095457,7.914667,4.154321,15.693527,6.945327,3.090711,15.872083,NaN,NaN,NaN
5.395669,7.350175,17.725964,6.179562,7.373229,17.983928,6.343946,7.314503,17.07127,6.720332,4.561026,16.011358,7.760974,4.19815,15.56855,6.76953,3.116665,15.801683,NaN,NaN,NaN
5.221225,7.363219,17.676059,5.970801,7.406504,17.900198,6.148837,7.300632,17.059387,6.522377,4.598123,15.8705,7.581347,4.209066,15.475014,6.593074,3.141986,15.73069,NaN,NaN,NaN
5.033523,7.396889,17.542768,5.807533,7.407169,17.872838,5.99237,7.330788,16.974038,6.306301,4.607537,15.787836,7.403348,4.175275,15.462061,6.389441,3.130968,15.662679,NaN,NaN,NaN
4.852109,7.404032,17.508749,5.653484,7.495557,17.739336,5.816546,7.410969,16.842578,6.169207,4.639266,15.724975,7.226729,4.204941,15.353161,6.199136,3.13297,15.583789,NaN,NaN,NaN
4.683161,7.414819,17.4423,5.479269,7.531208,17.611352,5.637684,7.414615,16.853433,6.013357,4.644677,15.644667,7.027299,4.236863,15.214676,6.015866,3.207774,15.400905,NaN,NaN,NaN
4.526958,7.427336,17.379208,5.259982,7.520821,17.583787,5.460095,7.437915,16.746137,5.818792,4.666105,15.544694,6.857427,4.272304,15.091025,5.810398,3.229595,15.261554,NaN,NaN,NaN
4.343652,7.482603,17.250357,5.114674,7.576746,17.475841,5.29154,7.475264,16.642921,5.652078,4.671836,15.461686,6.686119,4.222353,15.068403,5.630288,3.208762,15.237689,NaN,NaN,NaN
4.172446,7.492255,17.187182,4.893572,7.554232,17.432818,5.11812,7.472947,16.599715,5.468494,4.698204,15.367877,6.493176,4.221295,14.966521,5.412357,3.223891,15.141595,NaN,NaN,NaN
4.023726,7.532776,17.105181,4.724638,7.613405,17.303412,4.930691,7.503108,16.503821,5.261414,4.69565,15.283983,6.306019,4.259691,14.837241,5.213158,3.240729,15.045809,NaN,NaN,NaN
3.818939,7.552983,16.993411,4.559228,7.620999,17.230748,4.732423,7.529566,16.415183,5.073964,4.742489,15.180323,6.096491,4.249155,14.753113,5.014481,3.272873,14.911862,NaN,NaN,NaN
3.644398,7.580368,16.895852,4.401314,7.630985,17.168138,4.595918,7.57325,16.306279,4.921628,4.732158,15.145998,5.907082,4.241059,14.655599,4.79191,3.31465,14.748898,NaN,NaN,NaN
3.478247,7.598366,16.825447,4.199918,7.680454,17.075745,4.436369,7.575732,16.266954,4.716578,4.760645,15.060767,5.736252,4.224105,14.563716,4.552517,3.327726,14.65935,NaN,NaN,NaN
3.322895,7.645658,16.710033,4.025935,7.67461,16.998533,4.251084,7.58281,16.222297,4.551088,4.755486,14.952796,5.516969,4.203947,14.46394,4.345124,3.313365,14.565202,NaN,NaN,NaN
3.128633,7.617212,16.65069,3.848907,7.718455,16.877717,4.079836,7.657211,16.060743,4.37779,4.736108,14.867404,5.396878,4.191413,14.378369,4.109221,3.352373,14.420001,NaN,NaN,NaN
2.954115,7.627238,16.579345,3.69335,7.691802,16.872362,3.918773,7.646626,15.997084,4.216012,4.76495,14.686223,5.142747,4.173093,14.247167,3.859057,3.430011,14.22961,NaN,NaN,NaN
2.755759,7.603215,16.529616,3.529826,7.717377,16.791094,3.744041,7.619132,15.974985,4.000333,4.753119,14.644543,4.933482,4.13126,14.157632,3.662764,3.444667,14.095541,NaN,NaN,NaN
2.619883,7.637012,16.393885,3.343115,7.691863,16.733363,3.530676,7.596993,15.913281,3.818172,4.755982,14.558085,4.758002,4.123372,14.045053,3.50819,3.397478,14.060715,NaN,NaN,NaN
2.413918,7.567163,16.402809,3.167218,7.664656,16.685326,3.375835,7.634147,15.847275,3.645638,4.799077,14.383265,4.500879,4.091496,13.96486,3.267411,3.414459,13.903882,NaN,NaN,NaN
2.254488,7.550576,16.34617,2.982848,7.648795,16.618606,3.226755,7.628576,15.775475,3.447715,4.82863,14.281026,4.334257,4.11623,13.802568,3.04326,3.401013,13.832268,NaN,NaN,NaN
2.093233,7.573991,16.233212,2.814966,7.634149,16.579435,3.056948,7.630995,15.688396,3.255425,4.841717,14.155179,4.09499,4.041999,13.698675,2.845812,3.390964,13.784777,NaN,NaN,NaN
1.916082,7.592627,16.138122,2.633278,7.644474,16.473895,2.864281,7.596679,15.638481,3.062997,4.803663,14.037057,3.883978,3.998679,13.631544,2.63443,3.416631,13.585285,NaN,NaN,NaN
1.742619,7.585835,16.05355,2.444187,7.635634,16.397148,2.70108,7.608394,15.524151,2.891739,4.811286,13.963964,3.678654,4.008421,13.490827,2.392625,3.383414,13.463582,NaN,NaN,NaN
1.578711,7.505627,16.06394,2.280956,7.611783,16.304912,2.542336,7.581327,15.478805,2.699185,4.793895,13.860237,3.484341,3.965368,13.404734,2.199085,3.384365,13.324886,NaN,NaN,NaN
1.420041,7.496331,15.951191,2.108685,7.635138,16.160368,2.347966,7.559355,15.420331,2.498723,4.74089,13.783175,3.272803,3.960674,13.244963,1.944696,3.335626,13.279215,NaN,NaN,NaN
1.254997,7.473553,15.892123,1.932899,7.587644,16.130752,2.166338,7.58951,15.272929,2.299685,4.708162,13.686515,3.075858,3.892141,13.199828,1.735722,3.342739,13.092726,NaN,NaN,NaN
1.05973,7.440386,15.821763,1.749576,7.51379,16.117097,1.976057,7.487324,15.296514,2.122997,4.682779,13.581464,2.858867,3.918094,13.017139,1.541546,3.326309,12.992653,NaN,NaN,NaN
0.893082,7.361564,15.808079,1.611002,7.46397,16.055562,1.802095,7.460691,15.237834,1.906209,4.667399,13.431016,2.643906,3.869886,12.9213,1.313393,3.284812,12.899829,NaN,NaN,NaN
0.720265,7.384603,15.670763,1.429832,7.477555,15.924006,1.636074,7.429135,15.171921,1.69802,4.656978,13.319106,2.454467,3.826377,12.862605,1.090836,3.283909,12.771186,NaN,NaN,NaN
0.545544,7.32443,15.609505,1.256148,7.416689,15.90357,1.460359,7.397234,15.112836,1.53047,4.624998,13.257489,2.257245,3.782251,12.767882,0.867595,3.260923,12.68887,NaN,NaN,NaN
0.406297,7.263829,15.554627,1.087638,7.333397,15.913712,1.285081,7.394103,14.965585,1.339942,4.587425,13.148526,2.041157,3.784831,12.595585,0.686234,3.234083,12.599184,NaN,NaN,NaN
0.209117,7.204134,15.488013,0.890229,7.287226,15.82274,1.099692,7.313532,14.970091,1.123643,4.505758,13.119532,1.817287,3.716021,12.494444,0.479245,3.210521,12.464416,NaN,NaN,NaN
0.025489,7.139849,15.446836,0.735216,7.25904,15.719157,0.935702,7.281202,14.896303,0.929037,4.496165,12.995777,1.611223,3.66767,12.369335,0.255503,3.122496,12.402924,NaN,NaN,NaN
-0.117338,7.103516,15.338492,0.53674,7.150937,15.671116,0.781339,7.20361,14.878479,0.716463,4.422437,12.931626,1.384832,3.607467,12.27865,0.036472,3.110916,12.2218,NaN,NaN,NaN
-0.282469,7.048507,15.286101,0.411096,7.130851,15.596179,0.617977,7.194096,14.714916,0.54023,4.407512,12.770683,1.182806,3.55073,12.150692,-0.163908,3.126692,12.077344,NaN,NaN,NaN
-0.472923,6.981461,15.211409,0.226227,7.097192,15.462117,0.454571,7.101774,14.673346,0.390267,4.285333,12.801809,0.972344,3.451762,12.126857,-0.371896,2.982886,12.052909,NaN,NaN,NaN
-0.626965,6.95559,15.075898,0.05904,6.972118,15.500023,0.258311,7.019207,14.632254,0.187748,4.20277,12.741104,0.771451,3.422221,11.975195,-0.57776,2.896752,11.984976,NaN,NaN,NaN
-0.801728,6.83807,15.098423,-0.092735,6.941555,15.339415,0.098578,6.984765,14.575178,-0.009541,4.165595,12.601149,0.537477,3.360487,11.882274,-0.804506,2.860749,11.844078,NaN,NaN,NaN
-0.965916,6.744562,15.036073,-0.27279,6.827581,15.349284,-0.077316,6.91831,14.513718,-0.215736,4.079751,12.544334,0.295898,3.228337,11.870296,-0.952021,2.786904,11.780877,NaN,NaN,NaN
-1.111028,6.666855,14.998245,-0.454417,6.737548,15.279071,-0.246696,6.818539,14.445131,-0.400201,4.007147,12.469295,0.160263,3.204062,11.74628,-1.139428,2.751403,11.680343,NaN,NaN,NaN
-1.284033,6.596597,14.894747,-0.616193,6.680815,15.168121,-0.411923,6.776252,14.326332,-0.571224,3.969622,12.322332,-0.081147,3.101366,11.699475,-1.374512,2.661824,11.616543,NaN,NaN,NaN
-1.471388,6.494406,14.850379,-0.806987,6.594011,15.094972,-0.59316,6.697659,14.224905,-0.764731,3.908796,12.217108,-0.298018,3.066691,11.543788,-1.581944,2.575771,11.533362,NaN,NaN,NaN
-1.634629,6.415292,14.789915,-0.976738,6.45286,15.15668,-0.756946,6.5601,14.256968,-0.968121,3.788756,12.180124,-0.512411,2.959437,11.501754,-1.768559,2.517925,11.447262,NaN,NaN,NaN
-1.804249,6.289481,14.777569,-1.11697,6.373916,15.032932,-0.935918,6.496977,14.1415,-1.145825,3.669496,12.169825,-0.66306,2.884941,11.380418,-1.980375,2.402549,11.392433,NaN,NaN,NaN
-1.9626,6.161537,14.740182,-1.307716,6.274903,14.964973,-1.096272,6.376514,14.144032,-1.322224,3.590891,12.057251,-0.867141,2.794018,11.302646,-2.158504,2.381008,11.225001,NaN,NaN,NaN
-2.11193,6.086432,14.665511,-1.519871,6.127117,14.954053,-1.254417,6.270742,14.087892,-1.521798,3.46078,12.021312,-1.084464,2.688891,11.193987,-2.34532,2.216076,11.207311,NaN,NaN,NaN
-2.320093,5.972549,14.566039,-1.656881,6.078014,14.775386,-1.440147,6.196611,13.994932,-1.730391,3.355905,11.946186,-1.289498,2.619898,11.078224,-2.534067,2.110417,11.135622,NaN,NaN,NaN
-2.480009,5.852053,14.518053,-1.802152,5.965497,14.749028,-1.632702,6.061094,13.955728,-1.912554,3.244796,11.880238,-1.46116,2.500555,10.980006,-2.720107,2.000615,11.020946,NaN,NaN,NaN
-2.667841,5.717178,14.466829,-1.950861,5.810542,14.73547,-1.774409,5.943604,13.929368,-2.063419,3.168441,11.772747,-1.65326,2.390048,10.913854,-2.90832,1.840919,10.936748,NaN,NaN,NaN
-2.801688,5.605443,14.376947,-2.160565,5.687774,14.667134,-1.943771,5.842967,13.841267,-2.2718,3.051692,11.687353,-1.839225,2.321824,10.804569,-3.085619,1.689558,10.837764,NaN,NaN,NaN
-2.987871,5.492597,14.295278,-2.309207,5.576719,14.622527,-2.12312,5.717403,13.763268,-2.476358,2.90906,11.611226,-2.036129,2.174934,10.746159,-3.260695,1.584671,10.774368,NaN,NaN,NaN
-3.1646,5.361409,14.231967,-2.522451,5.41465,14.550472,-2.302189,5.598373,13.671668,-2.664262,2.823607,11.488123,-2.210192,2.0725,10.659514,-3.464755,1.448688,10.629487,NaN,NaN,NaN
-3.360125,5.180611,14.19821,-2.682153,5.3382,14.419447,-2.481472,5.465017,13.599798,-2.825837,2.689326,11.430237,-2.411485,1.893495,10.634069,-3.645119,1.319059,10.56316,NaN,NaN,NaN
-3.534453,5.056217,14.13141,-2.844476,5.219721,14.321853,-2.648061,5.340383,13.548178,-3.012764,2.555228,11.358243,-2.530758,1.807955,10.511294,-3.775726,1.171618,10.533591,NaN,NaN,NaN
-3.694721,4.964178,14.067639,-3.031244,5.039633,14.321557,-2.859192,5.168492,13.527217,-3.155408,2.441753,11.32257,-2.670751,1.690506,10.462427,-3.894863,1.011456,10.46739,NaN,NaN,NaN
-3.879059,4.832349,13.985268,-3.200245,4.931475,14.230261,-3.047336,5.072742,13.424326,-3.231597,2.389063,11.202836,-2.70598,1.619592,10.387429,-3.876573,0.928356,10.363288,NaN,NaN,NaN
-4.028528,4.719184,13.939451,-3.393755,4.832433,14.136306,-3.23421,4.949084,13.358979,-3.341771,2.277985,11.200001,-2.746297,1.54293,10.340613,-3.94502,0.890498,10.327955,NaN,NaN,NaN
-4.259782,4.565562,13.876488,-3.568946,4.692877,14.098015,-3.420364,4.84256,13.286319,-3.416864,2.202232,11.14803,-2.76607,1.539271,10.305199,-3.933793,0.896899,10.23195,NaN,NaN,NaN
-4.446948,4.444631,13.806336,-3.760192,4.586613,14.045525,-3.552212,4.773734,13.219331,-3.495311,2.128834,11.105102,-2.787586,1.564826,10.245453,-3.951034,0.872778,10.200193,NaN,NaN,NaN
-4.582059,4.394798,13.693391,-3.905107,4.497996,13.980429,-3.746102,4.651899,13.160736,-3.558812,2.068944,11.047449,-2.816654,1.548603,10.240229,-3.997064,0.821677,10.2233,NaN,NaN,NaN
-4.763808,4.308536,13.61154,-4.06195,4.375844,13.969842,-3.917428,4.609476,13.006766,-3.63075,2.077848,10.938216,-2.868584,1.578816,10.158878,-4.012127,0.814109,10.205767,NaN,NaN,NaN
-4.908605,4.183856,13.581768,-4.214303,4.320963,13.894389,-4.047881,4.514082,12.997748,-3.72002,2.011613,10.93283,-2.926295,1.581041,10.136431,-4.03018,0.837731,10.172269,NaN,NaN,NaN
-5.026564,4.16106,13.501563,-4.35964,4.296532,13.750101,-4.184784,4.448825,12.952587,-3.809552,1.974606,10.938136,-2.98915,1.606975,10.093072,-4.079766,0.841183,10.173573,NaN,NaN,NaN
-5.160035,4.104765,13.450755,-4.48622,4.232068,13.691727,-4.328134,4.36846,12.925605,-3.898753,1.97881,10.84815,-3.09567,1.592932,10.0766,-4.129957,0.858183,10.153479,NaN,NaN,NaN
-5.291148,4.025515,13.415908,-4.608632,4.17725,13.680407,-4.445813,4.310853,12.863971,-3.995956,1.948671,10.828627,-3.136461,1.650918,10.002959,-4.200796,0.863569,10.142045,NaN,NaN,NaN
-5.380595,4.006862,13.345831,-4.73541,4.125429,13.61801,-4.575608,4.289111,12.83093,-4.083706,1.9686,10.763942,-3.229933,1.657556,9.971447,-4.252175,0.865907,10.132918,NaN,NaN,NaN
-5.515367,3.99162,13.324038,-4.845015,4.086814,13.572093,-4.653037,4.31278,12.716157,-4.15673,1.969387,10.736202,-3.264664,1.715153,9.932409,-4.281626,0.890438,10.11157,NaN,NaN,NaN
-5.647034,3.927497,13.302441,-4.946058,4.05238,13.545854,-4.781164,4.250538,12.712013,-4.240319,1.965065,10.710231,-3.348755,1.707013,9.93304,-4.341363,0.923462,10.043926,NaN,NaN,NaN
-5.731105,3.959099,13.177684,-5.066663,4.073737,13.386961,-4.903674,4.197644,12.687745,-4.330963,1.924139,10.686839,-3.416926,1.721233,9.911629,-4.399649,0.915518,10.051392,NaN,NaN,NaN
-5.848753,3.871262,13.212584,-5.150862,3.990306,13.444955,-4.976876,4.203305,12.636471,-4.416501,1.943408,10.60741,-3.517319,1.739423,9.887967,-4.461377,0.924948,10.028959,NaN,NaN,NaN
-5.930599,3.848315,13.206836,-5.25451,3.989559,13.421144,-5.068075,4.188422,12.601312,-4.513622,1.960508,10.542881,-3.581283,1.774835,9.837492,-4.508116,0.938068,10.02309,NaN,NaN,NaN
-6.021008,3.904205,13.11425,-5.33657,4.006042,13.359475,-5.155125,4.16483,12.584261,-4.634807,1.963289,10.515816,-3.657977,1.774981,9.839908,-4.577391,0.978006,9.98852,NaN,NaN,NaN
-6.096615,3.911365,13.079492,-5.402557,3.96944,13.37053,-5.251086,4.18462,12.522378,-4.698629,1.949601,10.504878,-3.740706,1.819628,9.746022,-4.631999,0.99657,9.948195,NaN,NaN,NaN
-6.191196,3.921771,13.000959,-5.484077,3.975784,13.311154,-5.311081,4.182909,12.482613,-4.807521,1.931978,10.520224,-3.859829,1.797578,9.739642,-4.692019,1.030327,9.898354,NaN,NaN,NaN
-6.2675,3.873616,13.053537,-5.564641,3.941022,13.330988,-5.403011,4.197253,12.454463,-4.859557,1.99585,10.428878,-3.964873,1.808459,9.721428,-4.739843,1.066497,9.854405,NaN,NaN,NaN
-6.327993,3.917819,12.972874,-5.646967,3.924065,13.296428,-5.485473,4.177821,12.432401,-4.959663,1.984213,10.391317,-4.015445,1.852626,9.67638,-4.78947,1.100835,9.782056,NaN,NaN,NaN
-6.393753,3.915905,12.961805,-5.697343,3.963438,13.224429,-5.537143,4.194933,12.408012,-5.039246,1.990008,10.381251,-4.080177,1.841177,9.661689,-4.824249,1.059654,9.785757,NaN,NaN,NaN
-6.471744,3.926345,12.968457,-5.756467,3.97215,13.212647,-5.605085,4.187925,12.404903,-5.12166,1.976827,10.394118,-4.141393,1.846621,9.634297,-4.865144,1.061509,9.750019,NaN,NaN,NaN
-6.524576,3.956244,12.949576,-5.811529,3.997729,13.166343,-5.689254,4.215837,12.343811,-5.176889,1.972817,10.406098,-4.205174,1.870776,9.592981,-4.902593,1.080869,9.703747,NaN,NaN,NaN
-6.584621,3.97199,12.936379,-5.864856,4.008829,13.141749,-5.729089,4.219207,12.320051,-5.259785,1.97605,10.393252,-4.277706,1.875379,9.574619,-4.95259,1.070056,9.672819,NaN,NaN,NaN
-6.633298,4.02081,12.885398,-5.94493,3.981036,13.16471,-5.778718,4.220828,12.327741,-5.334131,1.995863,10.362078,-4.376001,1.856607,9.582377,-4.970193,1.082077,9.639459,NaN,NaN,NaN
-6.697616,4.031743,12.879315,-5.97715,3.992543,13.151003,-5.795096,4.243481,12.287397,-5.378899,2.005495,10.332193,-4.443922,1.837444,9.568515,-5.006347,1.064395,9.669042,NaN,NaN,NaN
-6.721906,4.079343,12.842114,-6.009431,4.035528,13.099106,-5.824725,4.260122,12.282642,-5.471323,2.005122,10.329166,-4.480276,1.850097,9.535213,-4.955479,0.808819,9.857185,NaN,NaN,NaN
-6.752174,4.111804,12.827177,-6.061232,4.042007,13.090756,-5.869044,4.250888,12.306106,-5.513325,1.999042,10.32892,-4.527153,1.857334,9.522525,-4.997327,0.791885,9.875471,NaN,NaN,NaN
-6.791128,4.129121,12.837389,-6.100502,4.044623,13.086814,-5.945024,4.285359,12.277958,-5.556782,1.986668,10.336333,-4.544401,1.896458,9.478941,-5.068794,0.822412,9.836307,NaN,NaN,NaN
-6.855324,4.147701,12.854054,-6.12328,4.091231,13.064274,-5.974371,4.299783,12.283661,-5.611389,1.966419,10.353058,-4.633907,1.879177,9.513964,-5.105844,0.875629,9.767173,NaN,NaN,NaN
-6.883725,4.176408,12.848888,-6.162368,4.104279,13.067206,-6.000781,4.344078,12.233226,-5.644088,1.996009,10.33578,-4.650758,1.902138,9.475063,-5.11859,0.884309,9.73559,NaN,NaN,NaN
-6.928504,4.224227,12.823441,-6.18269,4.12723,13.057703,-6.033704,4.377242,12.213728,-5.687636,2.019088,10.263626,-4.700287,1.882107,9.49665,-5.170304,0.909059,9.707886,NaN,NaN,NaN
-6.931649,4.250591,12.794997,-6.202601,4.130588,13.058973,-6.031209,4.381365,12.222398,-5.723736,2.046002,10.205766,-4.758493,1.888541,9.49292,-5.215538,0.905753,9.70107,NaN,NaN,NaN
-6.955721,4.284085,12.782702,-6.215714,4.137123,13.068992,-6.056171,4.389066,12.213628,-5.764102,2.054059,10.208783,-4.780313,1.900481,9.472131,-5.239245,0.916279,9.669122,NaN,NaN,NaN
-6.961121,4.272473,12.821733,-6.23197,4.162781,13.041011,-6.08192,4.384763,12.244501,-5.801104,2.071127,10.182698,-4.798313,1.91131,9.505318,-5.260814,0.899703,9.686651,NaN,NaN,NaN
-6.973018,4.315261,12.789651,-6.247381,4.178859,13.027647,-6.081397,4.405829,12.234968,-5.814482,2.103774,10.124289,-4.811792,1.930262,9.485692,-5.261612,0.944281,9.631036,NaN,NaN,NaN
-6.97518,4.368802,12.761934,-6.263316,4.196137,13.003749,-6.077652,4.400716,12.256538,-5.855378,2.100534,10.11287,-4.827645,1.937706,9.447676,-5.277448,0.967579,9.600711,NaN,NaN,NaN
-7.006509,4.364526,12.758535,-6.262564,4.219419,13.005214,-6.095621,4.420877,12.252267,-5.865315,2.138668,10.115032,-4.840601,1.952758,9.392483,-5.292655,0.976212,9.581877,NaN,NaN,NaN
-7.010104,4.392703,12.750327,-6.269073,4.228089,13.002035,-6.105283,4.42302,12.252824,-5.890356,2.15715,10.101083,-4.878459,1.959005,9.404869,-5.305645,0.998455,9.553298,NaN,NaN,NaN
-7.008561,4.421655,12.747413,-6.267723,4.248708,12.989058,-6.113018,4.435163,12.255023,-5.876337,2.151381,10.130407,-4.896941,1.947749,9.40952,-5.338546,0.990612,9.58201,NaN,NaN,NaN
-7.023283,4.445049,12.761192,-6.26607,4.26565,12.972625,-6.102297,4.442806,12.225286,-5.886938,2.157663,10.112023,-4.923093,1.915481,9.447125,-5.328128,0.983009,9.56682,NaN,NaN,NaN
-6.99366,4.443748,12.746272,-6.266849,4.262578,12.972661,-6.098765,4.451011,12.233919,-5.893958,2.151717,10.123232,-4.930986,1.920087,9.452839,-5.344264,0.958779,9.594552,NaN,NaN,NaN
-6.973087,4.449426,12.75585,-6.254723,4.262753,12.957312,-6.096048,4.472999,12.195925,-5.89415,2.155971,10.106655,-4.91312,1.939419,9.424182,-5.379876,0.944814,9.624988,NaN,NaN,NaN
-6.980914,4.465777,12.731992,-6.245502,4.263939,12.972639,-6.067588,4.483542,12.184766,-5.914807,2.196801,10.042227,-4.920503,1.956523,9.40584,-5.375425,0.965507,9.589318,NaN,NaN,NaN
-6.964135,4.484822,12.740222,-6.217123,4.27744,12.963265,-6.040093,4.493969,12.186389,-5.937848,2.203839,10.04483,-4.923115,1.96382,9.40127,-5.391391,0.959149,9.601363,NaN,NaN,NaN
-6.95135,4.475272,12.739737,-6.195202,4.291661,12.95782,-6.042712,4.481638,12.208004,-5.909102,2.191518,10.064878,-4.932477,1.96375,9.390842,-5.404986,0.94459,9.577916,NaN,NaN,NaN
-6.94649,4.499325,12.693547,-6.148466,4.26899,12.977803,-6.014414,4.478579,12.200451,-5.882404,2.167279,10.08018,-4.926512,1.959265,9.373611,-5.401212,0.961418,9.566103,NaN,NaN,NaN
-6.933085,4.483844,12.706245,-6.117064,4.249745,12.999067,-6.010017,4.461813,12.214561,-5.869832,2.153085,10.0875,-4.916158,1.941926,9.371661,-5.397274,0.955611,9.572975,NaN,NaN,NaN
-6.901893,4.473617,12.734082,-6.111853,4.228028,13.031357,-5.983675,4.458801,12.176803,-5.852204,2.138579,10.094738,-4.905083,1.927878,9.384395,-5.397922,0.963462,9.572975,NaN,NaN,NaN
-6.877,4.462783,12.740884,-6.0998,4.240851,13.001353,-5.956605,4.463534,12.142453,-5.847442,2.14465,10.0698,-4.868809,1.921985,9.376701,-5.3937,0.956662,9.591446,NaN,NaN,NaN
-6.861477,4.462301,12.723885,-6.075934,4.257527,12.959453,-5.930075,4.464104,12.129629,-5.822028,2.13322,10.059581,-4.848754,1.890464,9.403092,-5.382152,0.958476,9.592796,NaN,NaN,NaN
-6.838115,4.468426,12.727862,-6.055786,4.217699,12.994124,-5.883802,4.477498,12.093404,-5.83066,2.176193,10.035538,-4.833731,1.896288,9.401713,-5.351824,0.959564,9.58543,NaN,NaN,NaN
-6.828781,4.499118,12.675779,-6.039374,4.194928,13.012807,-5.873568,4.469499,12.09985,-5.79824,2.141039,10.095508,-4.800014,1.898602,9.358495,-5.300853,0.978314,9.556587,NaN,NaN,NaN
-6.804783,4.478159,12.660176,-5.979454,4.222031,12.952298,-5.87135,4.460401,12.099947,-5.788187,2.117795,10.121542,-4.796727,1.900521,9.367635,-5.287425,0.98633,9.551234,NaN,NaN,NaN
-6.794431,4.45997,12.641953,-5.986253,4.218836,12.943574,-5.852035,4.440713,12.100693,-5.765694,2.101594,10.13416,-4.765021,1.918446,9.355368,-5.284831,0.969598,9.580402,NaN,NaN,NaN
-6.764972,4.454505,12.660299,-5.973464,4.180291,12.959392,-5.823319,4.433631,12.101856,-5.734806,2.114631,10.109915,-4.731767,1.918736,9.357819,-5.263558,0.953169,9.601855,NaN,NaN,NaN
-6.758711,4.4283,12.681602,-5.947011,4.188476,12.929848,-5.790545,4.423489,12.092005,-5.701066,2.096351,10.113983,-4.689723,1.921263,9.356794,-5.247329,0.937955,9.6221,NaN,NaN,NaN
-6.72673,4.386698,12.7056,-5.940803,4.225679,12.88203,-5.762521,4.442382,12.029075,-5.674254,2.087669,10.0858,-4.667307,1.890784,9.379921,-5.240786,0.939304,9.628248,NaN,NaN,NaN
-6.712517,4.408427,12.671083,-5.909246,4.235968,12.830563,-5.748444,4.42351,12.042571,-5.662457,2.094762,10.062035,-4.637567,1.891561,9.375527,-5.223047,0.93467,9.618151,NaN,NaN,NaN
-6.711154,4.391904,12.655545,-5.896021,4.188705,12.873642,-5.733418,4.404749,12.0433,-5.636293,2.120817,9.991698,-4.615303,1.857549,9.411086,-5.195314,0.946869,9.603805,NaN,NaN,NaN
-6.676569,4.379153,12.639765,-5.882423,4.165495,12.898002,-5.705647,4.382117,12.059113,-5.625476,2.135043,9.957621,-4.579749,1.901328,9.374526,-5.166649,0.982116,9.535905,NaN,NaN,NaN
-6.652925,4.393706,12.597404,-5.863017,4.160115,12.885754,-5.687321,4.353968,12.059341,-5.599833,2.14059,9.922558,-4.549437,1.882665,9.403417,-5.141998,1.000698,9.512658,NaN,NaN,NaN
-6.650304,4.388259,12.605342,-5.862777,4.145638,12.898652,-5.679174,4.337911,12.109403,-5.573089,2.124868,9.935722,-4.532286,1.892829,9.370157,-5.122081,1.007325,9.505843,NaN,NaN,NaN
-6.627789,4.38814,12.589483,-5.837606,4.140774,12.898196,-5.676946,4.328818,12.109488,-5.567753,2.116073,9.954893,-4.504672,1.889321,9.397591,-5.117141,0.991005,9.530304,NaN,NaN,NaN
-6.582056,4.373796,12.584113,-5.816789,4.124619,12.911051,-5.681009,4.351595,12.075596,-5.532594,2.111934,9.982904,-4.45443,1.929996,9.371212,-5.101143,0.961329,9.554172,NaN,NaN,NaN
-6.694265,4.239391,12.730966,-5.784707,4.163346,12.86314,-5.668713,4.322283,12.099665,-5.506119,2.15075,9.986887,-4.440098,1.906511,9.402361,-5.073218,0.939207,9.582332,NaN,NaN,NaN
-6.687746,4.234728,12.730533,-5.785672,4.185543,12.833938,-5.653775,4.330451,12.083853,-5.477739,2.170342,9.961959,-4.383708,1.939454,9.387329,-5.055721,0.930324,9.603474,NaN,NaN,NaN
-6.665459,4.19376,12.775243,-5.772033,4.157661,12.865802,-5.618349,4.353543,12.077092,-5.448078,2.159425,9.952274,-4.368167,1.931795,9.409093,-5.033215,0.921929,9.619796,NaN,NaN,NaN
-6.669139,4.211476,12.724344,-5.768363,4.153233,12.86715,-5.593417,4.320781,12.104044,-5.436601,2.132601,9.992,-4.3641,1.901393,9.427604,-5.027333,0.883871,9.668983,NaN,NaN,NaN
-6.661732,4.211238,12.725043,-5.76292,4.14517,12.873793,-5.590862,4.352862,12.037538,-5.429578,2.118053,10.012524,-4.355383,1.89226,9.433431,-5.007682,0.899922,9.635891,NaN,NaN,NaN
-6.656618,4.202823,12.724902,-5.747791,4.151567,12.867089,-5.583781,4.35385,12.056644,-5.400618,2.10507,10.021442,-4.30785,1.911598,9.431168,-4.995928,0.895256,9.633638,NaN,NaN,NaN
-6.650198,4.209049,12.714756,-5.750411,4.160083,12.854731,-5.569857,4.338213,12.085766,-5.363545,2.067568,10.079144,-4.305889,1.894186,9.462112,-4.99395,0.886366,9.662823,NaN,NaN,NaN
-6.64354,4.212229,12.719482,-5.735488,4.157512,12.8661,-5.558539,4.317447,12.080138,-5.358967,2.05314,10.106649,-4.293411,1.882201,9.472441,-5.006033,0.904225,9.647404,NaN,NaN,NaN
-6.640164,4.213697,12.712525,-5.730467,4.150271,12.885443,-5.564107,4.326143,12.053376,-5.357128,2.048093,10.136247,-4.267366,1.914572,9.434698,-4.999632,0.908308,9.648519,NaN,NaN,NaN
-6.624494,4.210827,12.728521,-5.721137,4.160833,12.859431,-5.545486,4.340713,12.044438,-5.328592,2.052867,10.158857,-4.272948,1.938513,9.461933,-4.999014,0.910279,9.655506,NaN,NaN,NaN
-6.578952,4.223566,12.705228,-5.981813,3.914757,13.144637,-5.710738,4.150163,12.260072,-5.227156,2.078177,10.508359,-4.288075,2.005655,9.571547,-5.009729,0.583667,10.041745,NaN,NaN,NaN
-6.581316,4.24499,12.690142,-5.977227,3.916453,13.145195,-5.733046,4.170286,12.11972,-5.22028,2.080658,10.507519,-4.267273,1.995385,9.579651,-5.005515,0.591767,10.030622,NaN,NaN,NaN
-6.585878,4.269888,12.664516,-5.971528,3.919828,13.14428,-5.72733,4.171235,12.123698,-5.214413,2.080428,10.507147,-4.261116,1.998083,9.583144,-4.999494,0.599686,10.021999,NaN,NaN,NaN
-6.574063,4.250503,12.694839,-5.969311,3.921269,13.146754,-5.715619,4.155661,12.155637,-5.20749,2.082401,10.50582,-4.260217,2.069814,9.662279,-4.996734,0.606396,10.016695,NaN,NaN,NaN
-6.563522,4.247395,12.722079,-5.964031,3.922723,13.14879,-5.710139,4.158246,12.154741,-5.202969,2.084609,10.506868,-4.253696,2.072682,9.665731,-4.974819,0.645739,9.987607,NaN,NaN,NaN
-6.565846,4.251608,12.703627,-5.949804,3.900341,13.191009,-5.708579,4.159412,12.155245,-5.197404,2.086202,10.505022,-4.24868,2.073876,9.668198,-4.961829,0.661987,9.968442,NaN,NaN,NaN
-6.561563,4.255079,12.702712,-5.946234,3.903731,13.19151,-5.703398,4.163794,12.152863,-5.19489,2.085809,10.508943,-4.246161,2.073493,9.67208,-4.960672,0.663209,9.966495,NaN,NaN,NaN
-6.559334,4.25841,12.699799,-5.944668,3.9049,13.192016,-5.702136,4.166756,12.15188,-5.192831,2.085943,10.510914,-4.243642,2.073109,9.675963,-4.960379,0.666173,9.964607,NaN,NaN,NaN
-6.557124,4.259842,12.702275,-5.941492,3.906725,13.192541,-5.698476,4.167558,12.153878,-5.190276,2.087002,10.509017,-4.239133,2.075332,9.67698,-4.957319,0.671029,9.960788,NaN,NaN,NaN
-6.555812,4.262284,12.700811,-5.939508,3.909816,13.190094,-5.697909,4.170758,12.15143,-5.189367,2.085949,10.512917,-4.239369,2.074688,9.680329,-4.958674,0.67066,9.960252,NaN,NaN,NaN
-6.553092,4.264594,12.699384,-5.938199,3.912279,13.188609,-5.695198,4.173083,12.149991,-5.188712,2.08621,10.514857,-4.236945,2.075311,9.685186,-4.957016,0.673629,9.961749,NaN,NaN,NaN
-6.551727,4.264979,12.699904,-5.936376,3.912155,13.191107,-5.693835,4.173469,12.150505,-5.188157,2.089447,10.512438,-4.237348,2.078136,9.684699,-4.95752,0.674677,9.960287,NaN,NaN,NaN
-6.551865,4.268066,12.698888,-5.93628,3.915528,13.189578,-5.693071,4.177447,12.148046,-5.18886,2.089327,10.513861,-4.235642,2.080601,9.685671,-4.957623,0.675675,9.961287,NaN,NaN,NaN
-6.551469,4.269619,12.698874,-5.935366,3.916425,13.188117,-5.691664,4.177322,12.148075,-5.19046,2.086706,10.519173,-4.236728,2.081705,9.689045,-4.958123,0.674706,9.965176,NaN,NaN,NaN
-6.550637,4.271538,12.698392,-5.935708,3.918746,13.1871,-5.691964,4.179119,12.146589,-5.192867,2.088903,10.516215,-4.238225,2.082831,9.689997,-4.959925,0.672869,9.968029,NaN,NaN,NaN
-6.552536,4.272689,12.696871,-5.935334,3.921181,13.184635,-5.693,4.181664,12.144123,-5.194721,2.087596,10.519567,-4.239911,2.082811,9.69381,-4.961179,0.6743,9.968473,NaN,NaN,NaN
-6.551662,4.274093,12.695905,-5.935788,3.921692,13.182655,-5.693453,4.182169,12.142162,-5.199136,2.08719,10.519484,-4.240561,2.085349,9.693822,-4.962788,0.673629,9.968457,NaN,NaN,NaN
-6.5528,4.274842,12.692457,-5.93698,3.922958,13.179684,-5.694644,4.183424,12.139221,-5.201238,2.085604,10.523332,-4.243649,2.08545,9.697613,-4.965838,0.668409,9.975125,NaN,NaN,NaN
-6.553248,4.275347,12.690487,-5.937477,3.923982,13.178192,-5.69514,4.18444,12.137746,-5.204951,2.084951,10.524703,-4.245194,2.08708,9.699051,-4.966394,0.669956,9.974163,NaN,NaN,NaN
-6.554626,4.275835,12.68753,-5.938625,3.924734,13.174733,-5.696288,4.185183,12.13432,-5.207807,2.085713,10.525127,-4.249352,2.08694,9.698496,-4.968797,0.665352,9.979925,NaN,NaN,NaN
-6.555608,4.277875,12.684558,-5.940314,3.927024,13.17027,-5.697974,4.187455,12.129903,-5.211467,2.082959,10.528467,-4.25039,2.087542,9.701382,-4.970306,0.666479,9.98089,NaN,NaN,NaN
-6.557705,4.27825,12.683044,-5.943788,3.927006,13.168242,-5.701737,4.189228,12.12641,-5.215381,2.081519,10.529847,-4.254643,2.088408,9.701801,-4.973814,0.660155,9.988098,NaN,NaN,NaN
-6.560926,4.278501,12.680518,-5.947065,3.927771,13.1662,-5.705199,4.189205,12.124403,-5.220446,2.078892,10.533156,-4.25958,2.087553,9.70608,-4.992515,0.633775,10.020221,NaN,NaN,NaN
-6.562771,4.277595,12.680979,-5.949625,3.928651,13.162711,-5.707752,4.190073,12.120948,-5.222098,2.07874,10.533621,-4.260593,2.089611,9.703182,-4.995281,0.631883,10.022152,NaN,NaN,NaN
-6.56594,4.27579,12.680437,-5.952579,3.927965,13.159246,-5.712775,4.188886,12.118437,-5.226466,2.077827,10.53305,-4.264141,2.090239,9.705037,-4.995424,0.630218,10.024522,NaN,NaN,NaN
-6.567994,4.275649,12.678438,-5.956507,3.928458,13.155238,-5.725732,4.207768,12.081592,-5.230328,2.073918,10.539277,-4.268191,2.08749,9.705954,-5.001496,0.6228,10.033645,NaN,NaN,NaN
-6.571893,4.274603,12.6769,-5.959959,3.928796,13.150281,-5.730797,4.207092,12.079566,-5.23469,2.071412,10.541162,-4.272233,2.087543,9.708807,-5.002097,0.62003,10.036556,NaN,NaN,NaN
-6.574145,4.273687,12.674908,-5.976782,3.952561,13.105079,-5.734197,4.206908,12.074173,-5.236342,2.07126,10.541626,-4.274929,2.085177,9.710235,-5.005667,0.614567,10.041417,NaN,NaN,NaN
-6.576396,4.272771,12.672916,-5.979538,3.952658,13.101603,-5.737856,4.206106,12.072175,-5.24071,2.070347,10.541055,-4.287606,2.077391,9.720578,-5.008577,0.611008,10.045719,NaN,NaN,NaN
-6.580919,4.269041,12.67432,-5.98386,3.951586,13.09762,-5.742405,4.204763,12.068722,-5.243667,2.067714,10.542971,-4.291389,2.076129,9.725379,-5.00983,0.605968,10.052041,NaN,NaN,NaN
-6.584484,4.265684,12.67379,-5.987429,3.948199,13.097117,-5.746021,4.203451,12.066239,-5.245722,2.06562,10.546332,-4.294804,2.075604,9.722922,-5.012597,0.604075,10.053972,NaN,NaN,NaN
-6.588724,4.261699,12.674218,-5.992169,3.945208,13.096084,-5.751851,4.198799,12.066667,-5.248485,2.065366,10.545783,-4.298149,2.072616,9.725276,-5.015658,0.599216,10.057794,NaN,NaN,NaN
-6.593132,4.257296,12.671732,-5.997084,3.941791,13.092135,-5.756358,4.196946,12.062728,-5.251692,2.062086,10.551073,-4.300352,2.073983,9.724789,-5.016462,0.595644,10.060725,NaN,NaN,NaN
-6.596809,4.252133,12.67024,-6.000149,3.939296,13.087708,-5.759613,4.193677,12.058345,-5.253297,2.061427,10.551051,-4.304615,2.072048,9.723271,-5.020681,0.589563,10.066495,NaN,NaN,NaN
-6.600727,4.246709,12.669239,-6.003675,3.935395,13.086717,-5.763878,4.192092,12.053912,-5.257819,2.059218,10.550002,-4.309324,2.069035,9.722263,-5.022591,0.58427,10.070874,NaN,NaN,NaN
-6.605196,4.238444,12.667772,-6.009462,3.930568,13.08374,-5.769347,4.185483,12.052437,-5.259925,2.059594,10.548515,-4.311337,2.06839,9.719829,-5.040027,0.550244,10.087127,NaN,NaN,NaN
-6.612741,4.225137,12.667283,-6.014275,3.924564,13.081304,-5.773493,4.181674,12.046598,-5.262936,2.059062,10.548462,-4.316427,2.066243,9.723632,-5.041582,0.547053,10.091967,NaN,NaN,NaN
-6.616909,4.220995,12.664304,-6.017926,3.914995,13.074581,-5.776487,4.174307,12.036498,-5.264541,2.058403,10.548439,-4.317366,2.069256,9.71446,-5.041484,0.5444,10.09347,NaN,NaN,NaN
-6.620639,4.217889,12.66083,-6.023119,3.912515,13.071568,-5.781446,4.17296,12.0306,-5.267798,2.057592,10.548881,-4.321664,2.066221,9.715875,-5.044598,0.540038,10.097793,NaN,NaN,NaN
-6.626431,4.206638,12.646141,-6.027142,3.909639,13.069085,-5.786323,4.16869,12.029095,-5.270355,2.056534,10.550778,-4.325811,2.06448,9.717765,-5.045445,0.536597,10.10408,NaN,NaN,NaN
-6.631525,4.203149,12.642144,-6.031532,3.906245,13.06365,-5.792679,4.159649,12.003711,-5.27212,2.056171,10.547822,-4.329082,2.062446,9.713846,-5.046153,0.536846,10.102634,NaN,NaN,NaN
-6.635736,4.199523,12.639649,-6.036701,3.904123,13.05771,-5.798292,4.156127,12.001226,-5.275124,2.054047,10.550224,-4.330541,2.063429,9.711458,-5.049018,0.531132,10.108941,NaN,NaN,NaN
-6.640872,4.196549,12.636136,-6.041114,3.900372,13.055202,-5.802316,4.154812,11.996297,-5.277587,2.051972,10.551147,-4.334899,2.0625,9.710912,-5.049671,0.528861,10.112353,NaN,NaN,NaN
-6.6448,4.192668,12.632666,-6.046927,3.894393,13.037472,-5.808184,4.152576,11.991843,-5.279239,2.051821,10.551611,-4.337713,2.063101,9.708014,-5.050272,0.526089,10.115266,NaN,NaN,NaN
-6.649062,4.1911,12.628188,-6.052308,3.893049,13.029055,-5.823806,4.168285,11.958867,-5.282853,2.04856,10.554463,-4.339773,2.062959,9.706065,-5.052484,0.522646,10.118161,NaN,NaN,NaN
-6.654774,4.190179,12.624156,-6.058294,3.893402,13.023048,-5.828411,4.169009,11.953435,-5.284912,2.048427,10.552489,-4.341996,2.063127,9.701195,-5.054748,0.519704,10.121556,NaN,NaN,NaN
-6.659734,4.186081,12.626023,-6.075347,3.911285,12.984284,-5.834042,4.16514,11.953846,-5.28546,2.049971,10.551511,-4.346116,2.062844,9.697298,-5.052836,0.518522,10.123058,NaN,NaN,NaN
-6.666235,4.182725,12.621987,-6.079349,3.907541,12.984237,-5.839693,4.160922,11.957155,-5.288423,2.048931,10.550971,-4.34647,2.065166,9.696324,-5.054392,0.51533,10.1279,NaN,NaN,NaN
-6.689463,4.209949,12.561128,-6.083625,3.90596,12.979764,-5.844867,4.15845,11.954163,-5.290029,2.048272,10.550948,-4.34894,2.065048,9.691952,-5.056905,0.513739,10.129311,NaN,NaN,NaN
-6.721811,4.180122,12.609805,-6.086755,3.903626,12.978747,-5.849434,4.156762,11.953605,-5.292241,2.046844,10.548497,-4.350973,2.066363,9.684219,-5.057312,0.512137,10.129349,NaN,NaN,NaN
-6.725022,4.178835,12.609742,-6.093588,3.898223,12.984045,-5.880176,4.129173,11.997306,-5.293393,2.045658,10.550425,-4.35367,2.063998,9.685645,-5.060372,0.505251,10.138533,NaN,NaN,NaN
-6.727459,4.176272,12.610189,-6.131351,3.864705,13.03639,-5.882428,4.128248,11.995335,-5.294951,2.044491,10.549915,-4.357104,2.065435,9.677887,-5.060575,0.50445,10.138552,NaN,NaN,NaN
-6.729543,4.172629,12.606288,-6.133289,3.86233,13.03298,-5.885528,4.126272,11.991424,-5.297508,2.043433,10.551811,-4.363736,2.07336,9.658513,-5.060326,0.503098,10.140536,NaN,NaN,NaN
-6.73242,4.169029,12.607232,-6.13642,3.859996,13.031961,-5.889558,4.123056,11.991854,-5.299721,2.042005,10.54936,-4.364652,2.074413,9.654641,-5.063186,0.499035,10.144343,NaN,NaN,NaN
-6.734869,4.16734,12.605243,-6.138877,3.85829,13.029984,-5.892262,4.122638,11.987922,-5.300625,2.041097,10.550793,-4.366053,2.074535,9.654617,-5.063441,0.498735,10.144861,NaN,NaN,NaN
-6.737225,4.163078,12.604753,-6.141092,3.856852,13.027507,-5.894688,4.120074,11.988373,-5.300919,2.041328,10.551774,-4.36856,2.073317,9.65318,-5.064343,0.497814,10.14629,NaN,NaN,NaN
-6.739371,4.158718,12.606692,-6.143926,3.852711,13.02799,-5.897554,4.116463,11.989329,-5.304584,2.040537,10.549777,-4.369534,2.076476,9.647347,-5.064945,0.495041,10.149204,NaN,NaN,NaN
-6.742458,4.155216,12.605206,-6.145511,3.852415,13.025044,-5.899806,4.115538,11.987358,-5.30499,2.040555,10.54734,-4.371746,2.075042,9.644924,-5.065547,0.492268,10.152118,NaN,NaN,NaN
-6.744084,4.150193,12.60571,-6.147429,3.84917,13.024069,-5.901346,4.114725,11.983953,-5.306596,2.039896,10.547317,-4.371308,2.076476,9.641564,-5.068565,0.491729,10.152063,NaN,NaN,NaN
-6.744928,4.149148,12.603753,-6.149192,3.847221,13.023571,-5.902862,4.113052,11.98296,-5.308355,2.037941,10.546817,-4.373367,2.076334,9.639616,-5.06776,0.488825,10.155014,NaN,NaN,NaN
-6.748003,4.144773,12.604703,-6.151154,3.84449,13.023085,-5.905332,4.110999,11.983896,-5.309507,2.036756,10.548744,-4.374768,2.076456,9.639591,-5.068616,0.485751,10.158446,NaN,NaN,NaN
-6.748127,4.143841,12.601304,-6.152002,3.843437,13.021129,-5.907739,4.108785,11.981449,-5.309556,2.039226,10.543897,-4.374836,2.078919,9.634783,-5.06751,0.487473,10.156998,NaN,NaN,NaN
-6.750087,4.141131,12.600799,-6.15285,3.842384,13.019174,-5.908431,4.109023,11.979984,-5.312971,2.036752,10.546738,-4.377485,2.076051,9.63572,-5.071477,0.481687,10.162254,NaN,NaN,NaN
-6.750441,4.139064,12.600328,-6.154812,3.839653,13.018687,-5.909235,4.107461,11.977558,-5.314482,2.035075,10.545743,-4.377743,2.077368,9.633771,-5.070625,0.483109,10.161324,NaN,NaN,NaN
-6.751483,4.137243,12.598376,-6.155165,3.837575,13.018222,-5.910541,4.105013,11.979021,-5.313077,2.034947,10.545774,-4.3768,2.077773,9.63186,-5.071024,0.481136,10.164219,NaN,NaN,NaN
-6.75193,4.137749,12.596406,-6.156353,3.838843,13.015252,-5.912144,4.104361,11.978999,-5.313825,2.035705,10.544805,-4.378906,2.078134,9.630399,-5.072537,0.477812,10.165705,NaN,NaN,NaN
-6.752755,4.134287,12.599351,-6.15673,3.836408,13.017712,-5.912057,4.103339,11.978028,-5.314279,2.036232,10.542854,-4.379364,2.07866,9.628463,-5.071431,0.479534,10.164257,NaN,NaN,NaN
-6.75291,4.132996,12.598873,-6.156365,3.834444,13.015802,-5.912453,4.101781,11.978048,-5.314279,2.036232,10.542854,-4.380412,2.076461,9.629412,-5.070528,0.480454,10.162827,NaN,NaN,NaN
-6.753797,4.132466,12.597399,-6.157974,3.833791,13.01578,-5.913102,4.101509,11.976098,-5.31543,2.035046,10.544782,-4.380212,2.077251,9.6294,-5.070977,0.478983,10.166222,NaN,NaN,NaN
-6.752836,4.13284,12.595468,-6.1561,3.83507,13.012377,-5.912148,4.101889,11.974169,-5.316442,2.032334,10.54525,-4.380032,2.080001,9.624091,-5.071385,0.47738,10.166259,NaN,NaN,NaN
-6.752836,4.13284,12.595468,-6.157059,3.834687,13.014322,-5.913102,4.101509,11.976098,-5.313778,2.035196,10.544319,-4.38087,2.076987,9.627476,-5.071583,0.478232,10.163776,NaN,NaN,NaN
-6.752273,4.131663,12.593549,-6.155803,3.833262,13.01388,-5.910984,4.101493,11.974696,-5.316538,2.035313,10.540889,-4.379842,2.081147,9.621231,-5.072792,0.477512,10.166223,NaN,NaN,NaN
-6.75319,4.130773,12.594996,-6.156718,3.832366,13.015337,-5.911653,4.100871,11.975644,-5.316332,2.034508,10.543335,-4.37948,2.081626,9.624142,-5.071588,0.476579,10.166278,NaN,NaN,NaN
-6.752304,4.131303,12.59647,-6.155066,3.832505,13.014871,-5.910247,4.100744,11.975675,-5.31518,2.035693,10.541408,-4.38007,2.0789,9.627027,-5.071889,0.478432,10.164793,NaN,NaN,NaN
-6.749979,4.132059,12.595061,-6.154194,3.833915,13.013902,-5.90938,4.102145,11.974718,-5.314432,2.034936,10.542377,-4.380174,2.077104,9.626064,-5.070731,0.479653,10.162846,NaN,NaN,NaN
-6.749781,4.132835,12.595055,-6.153953,3.834183,13.013402,-5.909555,4.100505,11.97714,-5.31543,2.035046,10.544782,-4.38048,2.078924,9.624604,-5.072987,0.47634,10.1691,NaN,NaN,NaN
-6.749489,4.131038,12.596547,-6.151428,3.835733,13.011967,-5.907041,4.102047,11.975718,-5.312827,2.035595,10.5424,-4.379878,2.076889,9.625077,-5.084441,0.463258,10.183454,NaN,NaN,NaN
-6.746881,4.131539,12.594164,-6.150933,3.834707,13.013458,-5.905592,4.10141,11.975264,-5.312016,2.03752,10.54194,-4.377705,2.077222,9.630436,-5.08514,0.463139,10.184865,NaN,NaN,NaN
-6.746328,4.134382,12.594629,-6.150041,3.835246,13.014926,-5.90334,4.102334,11.977236,-5.311169,2.034153,10.544391,-4.377219,2.078153,9.626588,-5.084186,0.463559,10.182936,NaN,NaN,NaN
-6.743712,4.133341,12.594712,-6.14722,3.834988,13.014993,-5.901934,4.102206,11.977268,-5.312123,2.035715,10.540976,-4.378314,2.076456,9.628025,-5.083839,0.466033,10.180539,NaN,NaN,NaN
-6.743117,4.135669,12.594694,-6.14613,3.836309,13.016448,-5.901242,4.101968,11.978732,-5.31027,2.036653,10.540505,-4.37616,2.075592,9.628998,-5.082732,0.467755,10.17909,NaN,NaN,NaN
-6.740637,4.137717,12.593763,-6.144763,3.836694,13.01697,-5.898277,4.103003,11.979271,-5.309459,2.038577,10.540045,-4.374912,2.078582,9.628036,-5.083389,0.467504,10.177143,NaN,NaN,NaN
-6.738592,4.139396,12.593299,-6.141545,3.838,13.017014,-5.896178,4.102638,11.980767,-5.308055,2.038449,10.540077,-4.375006,2.075183,9.629522,-5.081635,0.469847,10.174783,NaN,NaN,NaN
-6.736986,4.14004,12.593331,-6.140654,3.838539,13.018481,-5.893665,4.104181,11.979345,-5.306402,2.0386,10.539614,-4.372157,2.07884,9.628573,-5.079769,0.470817,10.174283,NaN,NaN,NaN
-6.734152,4.144154,12.592871,-6.137975,3.841385,13.017522,-5.891951,4.106633,11.980327,-5.305798,2.041329,10.536708,-4.371851,2.077021,9.630033,-5.076857,0.47438,10.169976,NaN,NaN,NaN
-6.733768,4.139784,12.595862,-6.137182,3.838552,13.020515,-5.888447,4.106141,11.981854,-5.302985,2.039112,10.542105,-4.368829,2.075607,9.635366,-5.065713,0.489683,10.151281,NaN,NaN,NaN
-6.729771,4.145717,12.593434,-6.134483,3.840527,13.021992,-5.886305,4.105265,11.982865,-5.301383,2.041732,10.536795,-4.367295,2.078738,9.630569,-5.063908,0.491524,10.148422,NaN,NaN,NaN
-6.728406,4.1461,12.593956,-6.131959,3.842076,13.020556,-5.882925,4.108209,11.980485,-5.299071,2.040551,10.540728,-4.366225,2.074573,9.635427,-5.063306,0.494297,10.145508,NaN,NaN,NaN
-6.725685,4.148409,12.592534,-6.12894,3.842601,13.020611,-5.880827,4.107843,11.98198,-5.298776,2.04032,10.539747,-4.36366,2.073685,9.638823,-5.061801,0.497991,10.141165,NaN,NaN,NaN
-6.722474,4.149696,12.592598,-6.126439,3.843794,13.0221,-5.876908,4.109259,11.980589,-5.296314,2.042396,10.538823,-4.362717,2.07409,9.636911,-5.060695,0.499712,10.139717,NaN,NaN,NaN
-6.720472,4.151891,12.592617,-6.123661,3.844049,13.022654,-5.874401,4.108897,11.984531,-5.294909,2.042268,10.538855,-4.361753,2.072534,9.640296,-5.060598,0.497058,10.14122,NaN,NaN,NaN
-6.717751,4.1542,12.591195,-6.120443,3.845356,13.022697,-5.870978,4.111331,11.981665,-5.293908,2.040197,10.541784,-4.359894,2.071886,9.642256,-5.059288,0.499581,10.139754,NaN,NaN,NaN
-6.713424,4.157153,12.589804,-6.117226,3.846663,13.02274,-5.866366,4.112509,11.981738,-5.291398,2.041763,10.540374,-4.357328,2.070998,9.645653,-5.057733,0.502773,10.134912,NaN,NaN,NaN
-6.711819,4.157797,12.589835,-6.115208,3.847319,13.025228,-5.863103,4.111748,11.98376,-5.289946,2.041127,10.539919,-4.354326,2.071544,9.645689,-5.056432,0.505665,10.130588,NaN,NaN,NaN
-6.70865,4.1596,12.590383,-6.113599,3.847972,13.025249,-5.862256,4.1128,11.9857,-5.288641,2.043608,10.538469,-4.352266,2.071686,9.647637,-5.056432,0.505665,10.130588,NaN,NaN,NaN
-6.706128,4.161133,12.588967,-6.109886,3.848254,13.026783,-5.857173,4.113821,11.984835,-5.28513,2.043104,10.539988,-4.352196,2.064817,9.652957,-5.05422,0.509108,10.127693,NaN,NaN,NaN
-6.702718,4.163196,12.589023,-6.106712,3.850075,13.027313,-5.853254,4.115237,11.983443,-5.28468,2.044539,10.536605,-4.343974,2.062322,9.668982,-5.05422,0.509108,10.127693,NaN,NaN,NaN
-6.699236,4.165104,12.585675,-6.10389,3.849817,13.027379,-5.849707,4.114235,11.984483,-5.283074,2.045198,10.536628,-4.341324,2.062033,9.668956,-5.052664,0.5123,10.122851,NaN,NaN,NaN
-6.698505,4.164344,12.586669,-6.101587,3.850228,13.028879,-5.846544,4.11605,11.98501,-5.280668,2.042999,10.539588,-4.338947,2.058751,9.674813,-5.05247,0.51347,10.119976,NaN,NaN,NaN
-6.693658,4.166634,12.583844,-6.098766,3.849971,13.028945,-5.842823,4.116688,11.983628,-5.278906,2.045323,10.537209,-4.336955,2.061357,9.671951,-5.050258,0.516912,10.117081,NaN,NaN,NaN
-6.691699,4.169345,12.584346,-6.095548,3.851278,13.028987,-5.814929,4.139813,11.943293,-5.276603,2.047695,10.533354,-4.334848,2.060995,9.673411,-5.048647,0.517583,10.117098,NaN,NaN,NaN
-6.688061,4.172543,12.581476,-6.091459,3.853996,13.028059,-5.811098,4.14225,11.942871,-5.275199,2.047567,10.533385,-4.332045,2.060752,9.673459,-5.047851,0.521525,10.11131,NaN,NaN,NaN
-6.685965,4.172166,12.582992,-6.088185,3.853227,13.030104,-5.808052,4.140363,11.947798,-5.273186,2.048208,10.535845,-4.33108,2.059196,9.676844,-5.047347,0.520474,10.112775,NaN,NaN,NaN
-6.679483,4.175459,12.577279,-6.084669,3.852727,13.031649,-5.804053,4.138855,11.950796,-5.271688,2.047063,10.534903,-4.329631,2.058571,9.676381,-5.046949,0.522445,10.109881,NaN,NaN,NaN
-6.65124,4.199824,12.537327,-6.084197,3.851346,13.036064,-5.793862,4.120049,11.984174,-5.269829,2.046409,10.536885,-4.325359,2.060148,9.680751,-5.045445,0.526137,10.10554,NaN,NaN,NaN
-6.648959,4.201096,12.536402,-6.079136,3.852883,13.035681,-5.790897,4.121087,11.984709,-5.268677,2.047595,10.534958,-4.325863,2.056772,9.679814,-5.043279,0.525255,10.106524,NaN,NaN,NaN
-6.646239,4.203405,12.534979,-6.06402,3.831375,13.076427,-5.786978,4.122504,11.983316,-5.266215,2.04967,10.534034,-4.323166,2.059139,9.678388,-5.042483,0.529197,10.100736,NaN,NaN,NaN
-6.644144,4.203028,12.536494,-6.061,3.831901,13.07648,-5.784879,4.12214,11.98481,-5.265667,2.048127,10.535012,-4.320773,2.058919,9.676012,-5.041978,0.528146,10.102201,NaN,NaN,NaN
-6.642681,4.20151,12.538481,-6.024724,3.863255,13.022607,-5.783493,4.121664,11.987739,-5.264309,2.048507,10.535529,-4.320799,2.057461,9.681797,-5.042279,0.529998,10.100718,NaN,NaN,NaN
-6.640827,4.200872,12.540487,-6.023732,3.861205,13.025587,-5.782285,4.120758,11.987779,-5.263111,2.049185,10.533115,-4.318665,2.058558,9.677472,-5.040475,0.531838,10.09786,NaN,NaN,NaN
-6.638348,4.20292,12.539555,-6.021252,3.86327,13.024637,-5.77932,4.121796,11.988314,-5.259847,2.048403,10.535128,-4.315203,2.058578,9.679443,-5.040025,0.533308,10.094468,NaN,NaN,NaN
-6.637041,4.200111,12.541064,-6.019522,3.860464,13.028609,-5.777634,4.119523,11.992727,-5.260348,2.049438,10.533665,-4.31326,2.061687,9.677067,-5.040378,0.535661,10.093483,NaN,NaN,NaN
-6.634498,4.199229,12.544548,-6.018154,3.86085,13.029128,-5.776229,4.119397,11.992757,-5.258849,2.048294,10.532723,-4.311516,2.060847,9.675617,-5.038069,0.53645,10.092091,NaN,NaN,NaN
-6.633091,4.199097,12.544585,-6.016545,3.861504,13.029149,-5.774173,4.119544,11.994736,-5.257244,2.048953,10.532745,-4.311305,2.060033,9.678053,-5.038573,0.5375,10.090626,NaN,NaN,NaN
-6.631038,4.199236,12.546585,-6.01498,3.862672,13.029656,-5.771901,4.12082,11.993807,-5.25664,2.051683,10.52984,-4.309998,2.060918,9.679051,-5.037416,0.538721,10.08868,NaN,NaN,NaN
-6.630057,4.197195,12.549553,-6.014484,3.861648,13.031147,-5.77257,4.120197,11.994756,-5.255886,2.049334,10.533263,-4.306358,2.063689,9.675712,-5.036662,0.536319,10.092127,NaN,NaN,NaN
-6.609235,4.166798,12.620636,-6.013073,3.86152,13.031179,-5.769759,4.119945,11.994816,-5.253784,2.050919,10.529416,-4.308254,2.060078,9.6776,-5.036514,0.53964,10.087251,NaN,NaN,NaN
-6.607828,4.166666,12.620673,-6.011882,3.860253,13.034148,-5.768199,4.121109,11.995321,-5.252726,2.053123,10.528461,-4.306415,2.061391,9.674262,-5.034052,0.541731,10.08634,NaN,NaN,NaN
-6.607629,4.167442,12.620666,-6.010968,3.861149,13.032689,-5.768613,4.1192,11.998239,-5.252679,2.052614,10.527975,-4.304813,2.062059,9.674273,-5.034709,0.54148,10.084394,NaN,NaN,NaN
-6.606222,4.167311,12.620703,-6.010514,3.860638,13.034667,-5.767207,4.119074,11.998269,-5.250867,2.052468,10.530443,-4.30326,2.063231,9.674772,-5.033655,0.543701,10.083446,NaN,NaN,NaN
-6.605981,4.167572,12.620212,-6.00982,3.860396,13.036146,-5.765604,4.119727,11.998289,-5.24987,2.052359,10.528038,-4.301421,2.064544,9.671434,-5.033807,0.5424,10.082966,NaN,NaN,NaN
-6.603657,4.16833,12.618801,-6.007495,3.861165,13.034719,-5.764199,4.119601,11.998319,-5.248665,2.051444,10.528078,-4.298972,2.066623,9.670507,-5.03346,0.544871,10.080572,NaN,NaN,NaN
-6.604574,4.16744,12.620249,-6.008212,3.86105,13.036166,-5.764911,4.119489,11.999753,-5.247561,2.053139,10.526637,-4.297123,2.067579,9.670018,-5.031748,0.54454,10.079591,NaN,NaN,NaN
-6.603166,4.167309,12.620286,-6.006801,3.860922,13.036198,-5.763505,4.119363,11.999783,-5.247561,2.053139,10.526637,-4.296886,2.068224,9.666669,-5.032053,0.54474,10.080608,NaN,NaN,NaN
-6.603364,4.166533,12.620293,-6.006502,3.859115,13.0377,-5.762099,4.119237,11.999813,-5.247767,2.053944,10.524191,-4.297885,2.06552,9.667132,-5.032053,0.54474,10.080608,NaN,NaN,NaN
-6.603166,4.167309,12.620286,-6.006304,3.859898,13.037688,-5.762099,4.119237,11.999813,-5.24661,2.053538,10.524718,-4.296332,2.066691,9.667631,-5.0311,0.545159,10.078681,NaN,NaN,NaN
-6.60225,4.168199,12.618838,-6.005587,3.860012,13.036242,-5.76119,4.120128,11.998369,-5.246109,2.052503,10.526181,-4.296531,2.065901,9.667643,-5.030392,0.544909,10.080127,NaN,NaN,NaN
-6.603124,4.166794,12.619802,-6.00539,3.860794,13.03623,-5.762099,4.119237,11.999813,-5.245205,2.05341,10.524749,-4.294293,2.068795,9.66428,-5.030045,0.54738,10.077733,NaN,NaN,NaN
-6.601716,4.166662,12.619839,-6.005091,3.858987,13.037732,-5.761603,4.11822,12.001287,-5.243647,2.054578,10.525258,-4.294493,2.068004,9.664293,-5.028435,0.54805,10.07775,NaN,NaN,NaN
-6.601716,4.166662,12.619839,-6.00539,3.860794,13.03623,-5.761406,4.118999,12.001277,-5.244254,2.05381,10.52283,-4.294493,2.068004,9.664293,-5.02894,0.549101,10.076286,NaN,NaN,NaN
-6.601716,4.166662,12.619839,-6.004893,3.85977,13.03772,-5.760496,4.11989,11.999833,-5.244254,2.05381,10.52283,-4.293597,2.068912,9.662867,-5.030753,0.54763,10.076287,NaN,NaN,NaN
-6.601914,4.165886,12.619846,-6.005091,3.858987,13.037732,-5.760496,4.11989,11.999833,-5.244254,2.05381,10.52283,-4.294234,2.066688,9.666241,-5.029347,0.547499,10.076323,NaN,NaN,NaN
-6.601716,4.166662,12.619839,-6.004893,3.85977,13.03772,-5.761406,4.118999,12.001277,-5.24335,2.054717,10.521398,-4.293797,2.068122,9.66288,-5.028241,0.54922,10.074876,NaN,NaN,NaN
-6.601716,4.166662,12.619839,-6.004893,3.85977,13.03772,-5.76,4.118873,12.001307,-5.243804,2.055244,10.519448,-4.294208,2.068146,9.660457,-5.02819,0.548719,10.074377,NaN,NaN,NaN
-6.601673,4.166147,12.619355,-6.00485,3.859256,13.037233,-5.760453,4.11938,11.999348,-5.24335,2.054717,10.521398,-4.293819,2.070083,9.657583,-5.028393,0.547918,10.074395,NaN,NaN,NaN
-6.601872,4.165371,12.619362,-6.005048,3.858473,13.037245,-5.760453,4.11938,11.999348,-5.243804,2.055244,10.519448,-4.293161,2.070346,9.659506,-5.028842,0.546449,10.077787,NaN,NaN,NaN
-6.602362,4.166392,12.617876,-6.005091,3.858987,13.037732,-5.76065,4.1186,11.999358,-5.243804,2.055244,10.519448,-4.294714,2.069175,9.659008,-5.028444,0.548419,10.074894,NaN,NaN,NaN
-6.601829,4.164856,12.618877,-6.005048,3.858473,13.037245,-5.760453,4.11938,11.999348,-5.244459,2.054984,10.517507,-4.294866,2.067882,9.658533,-5.02794,0.547368,10.076359,NaN,NaN,NaN
-6.601829,4.164856,12.618877,-6.005048,3.858473,13.037245,-5.760453,4.11938,11.999348,-5.244005,2.054457,10.519457,-4.295714,2.066471,9.659471,-5.028444,0.548419,10.074894,NaN,NaN,NaN
-6.60232,4.165877,12.617392,-6.005048,3.858473,13.037245,-5.761319,4.117978,12.000307,-5.244459,2.054984,10.517507,-4.294229,2.070106,9.65516,-5.028842,0.546449,10.077787,NaN,NaN,NaN
-6.602277,4.165362,12.616908,-6.005004,3.85796,13.036757,-5.760607,4.118089,11.998873,-5.244459,2.054984,10.517507,-4.296679,2.068027,9.656086,-5.029046,0.545648,10.077806,NaN,NaN,NaN
-6.60232,4.165877,12.617392,-6.005048,3.858473,13.037245,-5.761363,4.118489,12.000792,-5.245363,2.054076,10.518939,-4.295277,2.067906,9.65611,-5.0293,0.545347,10.078323,NaN,NaN,NaN
-6.602277,4.165362,12.616908,-6.005699,3.858202,13.035278,-5.762013,4.118216,11.998843,-5.245409,2.054584,10.519425,-4.297973,2.065539,9.657537,-5.029046,0.545648,10.077806,NaN,NaN,NaN
-6.603434,4.164211,12.618847,-6.005246,3.857691,13.037257,-5.76156,4.117709,12.000802,-5.244955,2.054058,10.521375,-4.297669,2.068125,9.658486,-5.029948,0.544728,10.079234,NaN,NaN,NaN
-6.602518,4.165101,12.617399,-6.005742,3.858716,13.035766,-5.762013,4.118216,11.998843,-5.245657,2.054306,10.519921,-4.297632,2.067979,9.65515,-5.029249,0.544847,10.077824,NaN,NaN,NaN
-6.602923,4.165092,12.614945,-6.005699,3.858202,13.035278,-5.761517,4.117198,12.000317,-5.246364,2.056146,10.516012,-4.297691,2.070086,9.653189,-5.029948,0.544728,10.079234,NaN,NaN,NaN
-6.602673,4.163809,12.616921,-6.006613,3.857305,13.036737,-5.762013,4.118216,11.998843,-5.24561,2.053797,10.519434,-4.298527,2.067071,9.656575,-5.030752,0.541156,10.082164,NaN,NaN,NaN
-6.603547,4.162404,12.617886,-6.00657,3.856791,13.036249,-5.762879,4.116814,11.999802,-5.246518,2.054851,10.515534,-4.297843,2.068793,9.652714,-5.028195,0.547068,10.076876,NaN,NaN,NaN
-6.603995,4.162911,12.615916,-6.00657,3.856791,13.036249,-5.761969,4.117705,11.998358,-5.245661,2.056267,10.514588,-4.297536,2.066973,9.654176,-5.028999,0.543496,10.079806,NaN,NaN,NaN
-6.603745,4.161628,12.617892,-6.006768,3.856009,13.036261,-5.762167,4.116925,11.998368,-5.246518,2.054851,10.515534,-4.298301,2.069319,9.650778,-5.028744,0.543796,10.079289,NaN,NaN,NaN
-6.603995,4.162911,12.615916,-6.006811,3.856523,13.036749,-5.762879,4.116814,11.999802,-5.246017,2.053816,10.516998,-4.297947,2.066997,9.651752,-5.029249,0.544847,10.077824,NaN,NaN,NaN
-6.603901,4.160337,12.617415,-6.006768,3.856009,13.036261,-5.763076,4.116034,11.999812,-5.245814,2.054971,10.514111,-4.298043,2.068002,9.652727,-5.02855,0.544966,10.076414,NaN,NaN,NaN
-6.603901,4.160337,12.617415,-6.006966,3.855226,13.036273,-5.762123,4.116415,11.997883,-5.245567,2.05525,10.513616,-4.295498,2.069076,9.650826,-5.027842,0.544716,10.07786,NaN,NaN,NaN
-6.60366,4.160598,12.616924,-6.006725,3.855495,13.035774,-5.762537,4.114506,12.000801,-5.245113,2.054723,10.515566,-4.298453,2.068026,9.650304,-5.027893,0.545217,10.078359,NaN,NaN,NaN
-6.604619,4.160223,12.618857,-6.006966,3.855226,13.036273,-5.763033,4.115523,11.999327,-5.245614,2.055758,10.514102,-4.297843,2.068793,9.652714,-5.028948,0.542995,10.079307,NaN,NaN,NaN
-6.605266,4.159953,12.616894,-6.008333,3.854841,13.035754,-5.763231,4.114744,11.999337,-5.246217,2.053028,10.517007,-4.299042,2.065299,9.65319,-5.030059,0.546098,10.077376,NaN,NaN,NaN
-6.604306,4.160328,12.614961,-6.007837,3.853816,13.037244,-5.763187,4.114233,11.998852,-5.245614,2.055758,10.514102,-4.297995,2.0675,9.65224,-5.027842,0.544716,10.07786,NaN,NaN,NaN
-6.604349,4.160843,12.615445,-6.00712,3.85393,13.035797,-5.762321,4.115635,11.997893,-5.244663,2.056157,10.512183,-4.298653,2.067236,9.650316,-5.0293,0.545347,10.078323,NaN,NaN,NaN
-6.605421,4.158662,12.616416,-6.008035,3.853033,13.037256,-5.763187,4.114233,11.998852,-5.245767,2.054463,10.513625,-4.297358,2.069724,9.648866,-5.027842,0.544716,10.07786,NaN,NaN,NaN
-6.605171,4.157379,12.618393,-6.008035,3.853033,13.037256,-5.764097,4.113342,12.000297,-5.246518,2.054851,10.515534,-4.297995,2.0675,9.65224,-5.029249,0.544847,10.077824,NaN,NaN,NaN
-6.604973,4.158156,12.618386,-6.008035,3.853033,13.037256,-5.76414,4.113853,12.000782,-5.245113,2.054723,10.515566,-4.298194,2.066709,9.652252,-5.0293,0.545347,10.078323,NaN,NaN,NaN
-6.605378,4.158147,12.615932,-6.007991,3.85252,13.036768,-5.764097,4.113342,12.000297,-5.245567,2.05525,10.513616,-4.297099,2.068407,9.650815,-5.028097,0.544416,10.078378,NaN,NaN,NaN
-6.605421,4.158662,12.616416,-6.008233,3.852251,13.037268,-5.764097,4.113342,12.000297,-5.245614,2.055758,10.514102,-4.298453,2.068026,9.650304,-5.026737,0.546437,10.076414,NaN,NaN,NaN
-6.605464,4.159177,12.616901,-6.008488,3.853544,13.035278,-5.76414,4.113853,12.000782,-5.246718,2.054064,10.515543,-4.297606,2.069437,9.649366,-5.028744,0.543796,10.079289,NaN,NaN,NaN
-6.606338,4.157772,12.617865,-6.008531,3.854058,13.035765,-5.764593,4.114359,11.998822,-5.24516,2.055231,10.516052,-4.298453,2.068026,9.650304,-5.027842,0.544716,10.07786,NaN,NaN,NaN
-6.605223,4.159438,12.61641,-6.008035,3.853033,13.037256,-5.764097,4.113342,12.000297,-5.24516,2.055231,10.516052,-4.29909,2.065802,9.653677,-5.027842,0.544716,10.07786,NaN,NaN,NaN
-6.605421,4.158662,12.616416,-6.008488,3.853544,13.035278,-5.764097,4.113342,12.000297,-5.245066,2.054215,10.515079,-4.298653,2.067236,9.650316,-5.028744,0.543796,10.079289,NaN,NaN,NaN
-6.605421,4.158662,12.616416,-6.008488,3.853544,13.035278,-5.764593,4.114359,11.998822,-5.245113,2.054723,10.515566,-4.297843,2.068793,9.652714,-5.027185,0.544967,10.079806,NaN,NaN,NaN
-6.605421,4.158662,12.616416,-6.007617,3.854955,13.034307,-5.763881,4.114471,11.997388,-5.245614,2.055758,10.514102,-4.298147,2.066207,9.651765,-5.028291,0.543246,10.081253,NaN,NaN,NaN
-6.605619,4.157885,12.616423,-6.008531,3.854058,13.035765,-5.76479,4.11358,11.998832,-5.245066,2.054215,10.515079,-4.298406,2.067524,9.649816,-5.029249,0.544847,10.077824,NaN,NaN,NaN
-6.604306,4.160328,12.614961,-6.008488,3.853544,13.035278,-5.763881,4.114471,11.997388,-5.244913,2.05551,10.515556,-4.297947,2.066997,9.651752,-5.02769,0.546017,10.078341,NaN,NaN,NaN
-6.605266,4.159953,12.616894,-6.008531,3.854058,13.035765,-5.764834,4.114091,11.999317,-5.24516,2.055231,10.516052,-4.297995,2.0675,9.65224,-5.027842,0.544716,10.07786,NaN,NaN,NaN
-6.605421,4.158662,12.616416,-6.008488,3.853544,13.035278,-5.764294,4.112563,12.000307,-5.245614,2.055758,10.514102,-4.298043,2.068002,9.652727,-5.027842,0.544716,10.07786,NaN,NaN,NaN
-6.60638,4.158287,12.618349,-6.008531,3.854058,13.035765,-5.764593,4.114359,11.998822,-5.246064,2.054324,10.517484,-4.298453,2.068026,9.650304,-5.028744,0.543796,10.079289,NaN,NaN,NaN
-6.605464,4.159177,12.616901,-6.008488,3.853544,13.035278,-5.76479,4.11358,11.998832,-5.246718,2.054064,10.515543,-4.298394,2.065919,9.652265,-5.028744,0.543796,10.079289,NaN,NaN,NaN
-6.60638,4.158287,12.618349,-6.009446,3.853162,13.037224,-5.76479,4.11358,11.998832,-5.246017,2.053816,10.516998,-4.299748,2.065538,9.651754,-5.029698,0.543377,10.081216,NaN,NaN,NaN
-6.605421,4.158662,12.616416,-6.008729,3.853276,13.035777,-5.76479,4.11358,11.998832,-5.244659,2.054196,10.517516,-4.299548,2.066328,9.651741,-5.028948,0.542995,10.079307,NaN,NaN,NaN
-6.60638,4.158287,12.618349,-6.009446,3.853162,13.037224,-5.765089,4.115377,11.997348,-5.245567,2.05525,10.513616,-4.299453,2.065323,9.650766,-5.028291,0.543246,10.081253,NaN,NaN,NaN
-6.605266,4.159953,12.616894,-6.008531,3.854058,13.035765,-5.765089,4.115377,11.997348,-5.246111,2.054832,10.517971,-4.298938,2.067095,9.654152,-5.028541,0.544597,10.07927,NaN,NaN,NaN
-6.605714,4.160459,12.614924,-6.008984,3.854569,13.033787,-5.76479,4.11358,11.998832,-5.245563,2.053289,10.518948,-4.298453,2.068026,9.650304,-5.028088,0.544047,10.081234,NaN,NaN,NaN
-6.605266,4.159953,12.616894,-6.009028,3.855083,13.034275,-5.76479,4.11358,11.998832,-5.247469,2.054452,10.517453,-4.299703,2.069441,9.650755,-5.029698,0.543377,10.081216,NaN,NaN,NaN
-6.605464,4.159177,12.616901,-6.008531,3.854058,13.035765,-5.765286,4.114597,11.997358,-5.246565,2.055359,10.516021,-4.299349,2.067118,9.651729,-5.028744,0.543796,10.079289,NaN,NaN,NaN
-6.605266,4.159953,12.616894,-6.008333,3.854841,13.035754,-5.764636,4.11487,11.999307,-5.246565,2.055359,10.516021,-4.298597,2.069534,9.651766,-5.028291,0.543246,10.081253,NaN,NaN,NaN
-6.606871,4.159308,12.616864,-6.009942,3.854186,13.035733,-5.765286,4.114597,11.997358,-5.246565,2.055359,10.516021,-4.298855,2.070851,9.649817,-5.029142,0.541826,10.082182,NaN,NaN,NaN
-6.605558,4.161751,12.615402,-6.010197,3.85548,13.033743,-5.765286,4.114597,11.997358,-5.245661,2.056267,10.514588,-4.299644,2.067334,9.652716,-5.028744,0.543796,10.079289,NaN,NaN,NaN
-6.605756,4.160974,12.615408,-6.008984,3.854569,13.033787,-5.765089,4.115377,11.997348,-5.246518,2.054851,10.515534,-4.298808,2.070348,9.64933,-5.029647,0.542876,10.080717,NaN,NaN,NaN
-6.606673,4.160085,12.616857,-6.009744,3.854969,13.035721,-5.765089,4.115377,11.997348,-5.246968,2.053416,10.518917,-4.299197,2.068411,9.652203,-5.02849,0.544097,10.078771,NaN,NaN,NaN
-6.606475,4.160861,12.61685,-6.009326,3.85689,13.032773,-5.765585,4.116394,11.995874,-5.246411,2.056654,10.516498,-4.301435,2.065518,9.655566,-5.028541,0.544597,10.07927,NaN,NaN,NaN
-6.606673,4.160085,12.616857,-6.009028,3.855083,13.034275,-5.765286,4.114597,11.997358,-5.24797,2.055487,10.515989,-4.29995,2.069153,9.651255,-5.0306,0.542457,10.082645,NaN,NaN,NaN
-6.606716,4.1606,12.617341,-6.00883,3.855865,13.034263,-5.765132,4.115887,11.997833,-5.247019,2.055886,10.514071,-4.300539,2.066426,9.654141,-5.02985,0.542076,10.080736,NaN,NaN,NaN
-6.605799,4.161489,12.615893,-6.009326,3.85689,13.032773,-5.765585,4.116394,11.995874,-5.248123,2.054191,10.515512,-4.300846,2.068245,9.65268,-5.029647,0.542876,10.080717,NaN,NaN,NaN
-6.606716,4.1606,12.617341,-6.010439,3.855211,13.034243,-5.765826,4.116125,11.996369,-5.247469,2.054452,10.517453,-4.300646,2.069036,9.652667,-5.030549,0.541957,10.082146,NaN,NaN,NaN
-6.606247,4.161996,12.613923,-6.010439,3.855211,13.034243,-5.765585,4.116394,11.995874,-5.247168,2.052629,10.518926,-4.301539,2.063722,9.654604,-5.02985,0.542076,10.080736,NaN,NaN,NaN
-6.606673,4.160085,12.616857,-6.009524,3.856108,13.032784,-5.765826,4.116125,11.996369,-5.249528,2.054319,10.515481,-4.299903,2.06865,9.650767,-5.02985,0.542076,10.080736,NaN,NaN,NaN
-6.607362,4.16033,12.615378,-6.010395,3.854697,13.033755,-5.765585,4.116394,11.995874,-5.247215,2.053138,10.519412,-4.300387,2.067719,9.654616,-5.0306,0.542457,10.082645,NaN,NaN,NaN
-6.605799,4.161489,12.615893,-6.009326,3.85689,13.032773,-5.765628,4.116905,11.996359,-5.24862,2.053265,10.519381,-4.30034,2.067216,9.654128,-5.029901,0.542576,10.081235,NaN,NaN,NaN
-6.60629,4.162511,12.614407,-6.009524,3.856108,13.032784,-5.765826,4.116125,11.996369,-5.248573,2.052757,10.518894,-4.301941,2.066547,9.654117,-5.031655,0.540236,10.083593,NaN,NaN,NaN
-6.607206,4.161621,12.615856,-6.01002,3.857132,13.031294,-5.765628,4.116905,11.996359,-5.248573,2.052757,10.518894,-4.300894,2.068748,9.653167,-5.030202,0.544428,10.079752,NaN,NaN,NaN
-6.606716,4.1606,12.617341,-6.010241,3.855994,13.034231,-5.766538,4.116014,11.997803,-5.248573,2.052757,10.518894,-4.300798,2.067743,9.652192,-5.030549,0.541957,10.082146,NaN,NaN,NaN
-6.607405,4.160845,12.615862,-6.010737,3.857018,13.032741,-5.767231,4.116252,11.996339,-5.247669,2.053664,10.517462,-4.303036,2.064849,9.655555,-5.029647,0.542876,10.080717,NaN,NaN,NaN
-6.607249,4.162136,12.61634,-6.010241,3.855994,13.034231,-5.765628,4.116905,11.996359,-5.24862,2.053265,10.519381,-4.302152,2.067361,9.651681,-5.030549,0.541957,10.082146,NaN,NaN,NaN
-6.607405,4.160845,12.615862,-6.010439,3.855211,13.034243,-5.766735,4.115234,11.997813,-5.24862,2.053265,10.519381,-4.303036,2.064849,9.655555,-5.030549,0.541957,10.082146,NaN,NaN,NaN
-6.608321,4.159955,12.617311,-6.010439,3.855211,13.034243,-5.767447,4.115122,11.999248,-5.250025,2.053393,10.519349,-4.302884,2.066142,9.65603,-5.031655,0.540236,10.083593,NaN,NaN,NaN
-6.607249,4.162136,12.61634,-6.01002,3.857132,13.031294,-5.767034,4.117031,11.996329,-5.249074,2.053792,10.517431,-4.302884,2.066142,9.65603,-5.031502,0.541537,10.084073,NaN,NaN,NaN
-6.607447,4.16136,12.616346,-6.010482,3.855725,13.034731,-5.767231,4.116252,11.996339,-5.248573,2.052757,10.518894,-4.301694,2.066835,9.653617,-5.031706,0.540736,10.084092,NaN,NaN,NaN
-6.607206,4.161621,12.615856,-6.010284,3.856507,13.034719,-5.767034,4.117031,11.996329,-5.250379,2.05131,10.518881,-4.302647,2.066786,9.652681,-5.031858,0.539435,10.083611,NaN,NaN,NaN
-6.607249,4.162136,12.61634,-6.010935,3.856236,13.032752,-5.766322,4.117143,11.994894,-5.24862,2.053265,10.519381,-4.302447,2.067577,9.652669,-5.031201,0.539686,10.085557,NaN,NaN,NaN
-6.607697,4.162642,12.61437,-6.011431,3.857261,13.031262,-5.767034,4.117031,11.996329,-5.249724,2.051571,10.520822,-4.301989,2.06705,9.654605,-5.031201,0.539686,10.085557,NaN,NaN,NaN
-6.608364,4.16047,12.617795,-6.010935,3.856236,13.032752,-5.768396,4.116646,11.995814,-5.250679,2.053132,10.517408,-4.302248,2.068367,9.652656,-5.030451,0.539304,10.083648,NaN,NaN,NaN
-6.607292,4.162651,12.616824,-6.010978,3.85675,13.03324,-5.767034,4.117031,11.996329,-5.249931,2.052376,10.518377,-4.303295,2.066166,9.653606,-5.031706,0.540736,10.084092,NaN,NaN,NaN
-6.608812,4.160976,12.615825,-6.011849,3.855339,13.034211,-5.768637,4.116378,11.996309,-5.251035,2.050681,10.519818,-4.305286,2.06356,9.656469,-5.031655,0.540236,10.083593,NaN,NaN,NaN
-6.607447,4.16136,12.616346,-6.011431,3.857261,13.031262,-5.767727,4.117269,11.994865,-5.249677,2.051062,10.520336,-4.303495,2.065376,9.653619,-5.031655,0.540236,10.083593,NaN,NaN,NaN
-6.608364,4.16047,12.617795,-6.011849,3.855339,13.034211,-5.767727,4.117269,11.994865,-5.250178,2.052097,10.518872,-4.301552,2.068484,9.651244,-5.03276,0.538515,10.08504,NaN,NaN,NaN
-6.608136,4.161605,12.614867,-6.011672,3.856992,13.031762,-5.767727,4.117269,11.994865,-5.251489,2.051208,10.517868,-4.304342,2.063965,9.654557,-5.032557,0.539316,10.085021,NaN,NaN,NaN
-6.607895,4.161866,12.614377,-6.010935,3.856236,13.032752,-5.767684,4.116758,11.994379,-5.251376,2.051419,10.521286,-4.304944,2.066,9.654083,-5.032459,0.536664,10.086523,NaN,NaN,NaN
-6.608812,4.160976,12.615825,-6.011849,3.855339,13.034211,-5.768637,4.116378,11.996309,-5.251536,2.051717,10.518354,-4.304342,2.063965,9.654557,-5.032608,0.539817,10.08552,NaN,NaN,NaN
-6.608812,4.160976,12.615825,-6.012346,3.856364,13.03272,-5.768637,4.116378,11.996309,-5.251082,2.05119,10.520304,-4.305286,2.06356,9.656469,-5.032405,0.540618,10.085502,NaN,NaN,NaN
-6.607938,4.162381,12.614861,-6.011431,3.857261,13.031262,-5.769133,4.117395,11.994835,-5.250632,2.052624,10.516922,-4.305355,2.066024,9.651659,-5.031655,0.540236,10.083593,NaN,NaN,NaN
-6.607447,4.16136,12.616346,-6.010935,3.856236,13.032752,-5.767231,4.116252,11.996339,-5.250829,2.049876,10.522264,-4.30439,2.064468,9.655044,-5.032812,0.539016,10.085539,NaN,NaN,NaN
-6.608855,4.161491,12.616309,-6.012346,3.856364,13.03272,-5.767727,4.117269,11.994865,-5.250178,2.052097,10.518872,-4.304438,2.064971,9.655531,-5.030905,0.539854,10.081684,NaN,NaN,NaN
-6.607938,4.162381,12.614861,-6.011431,3.857261,13.031262,-5.76818,4.117775,11.992905,-5.251082,2.05119,10.520304,-4.305792,2.06459,9.65502,-5.032104,0.538766,10.086985,NaN,NaN,NaN
-6.608855,4.161491,12.616309,-6.012389,3.856878,13.033208,-5.769133,4.117395,11.994835,-5.251736,2.050929,10.518363,-4.305792,2.06459,9.65502,-5.032256,0.537464,10.086505,NaN,NaN,NaN
-6.60901,4.1602,12.615832,-6.012125,3.857503,13.029784,-5.76818,4.117775,11.992905,-5.251282,2.050403,10.520314,-4.305333,2.064063,9.656956,-5.032307,0.537965,10.087004,NaN,NaN,NaN
-6.609053,4.160715,12.616316,-6.012389,3.856878,13.033208,-5.769133,4.117395,11.994835,-5.251282,2.050403,10.520314,-4.303247,2.065663,9.653119,-5.03276,0.538515,10.08504,NaN,NaN,NaN
-6.608231,4.164178,12.613369,-6.012644,3.858171,13.031218,-5.768935,4.118174,11.994825,-5.250782,2.049368,10.521777,-4.304896,2.065497,9.653595,-5.031405,0.538885,10.085575,NaN,NaN,NaN
-6.60774,4.163157,12.614854,-6.011431,3.857261,13.031262,-5.76753,4.118048,11.994855,-5.252233,2.050004,10.522232,-4.30584,2.065092,9.655508,-5.033158,0.536545,10.087933,NaN,NaN,NaN
-6.609303,4.161997,12.61434,-6.012346,3.856364,13.03272,-5.769133,4.117395,11.994835,-5.25264,2.050022,10.519796,-4.304744,2.06679,9.65407,-5.033866,0.536794,10.086487,NaN,NaN,NaN
-6.609053,4.160715,12.616316,-6.012346,3.856364,13.03272,-5.768637,4.116378,11.996309,-5.25309,2.048588,10.523178,-4.308371,2.059256,9.66077,-5.033663,0.537595,10.086468,NaN,NaN,NaN
-6.609544,4.161736,12.61483,-6.012842,3.857389,13.03123,-5.769133,4.117395,11.994835,-5.25264,2.050022,10.519796,-4.306687,2.063682,9.656445,-5.033209,0.537045,10.088432,NaN,NaN,NaN
-6.608855,4.161491,12.616309,-6.012346,3.856364,13.03272,-5.769133,4.117395,11.994835,-5.251129,2.051698,10.520791,-4.30584,2.065092,9.655508,-5.031599,0.537715,10.08845,NaN,NaN,NaN
-6.609345,4.162513,12.614824,-6.012842,3.857389,13.03123,-5.769133,4.117395,11.994835,-5.251282,2.050403,10.520314,-4.307087,2.062101,9.656471,-5.032964,0.537714,10.085058,NaN,NaN,NaN
-6.609053,4.160715,12.616316,-6.012346,3.856364,13.03272,-5.769089,4.116884,11.99435,-5.251783,2.051438,10.51885,-4.30584,2.065092,9.655508,-5.032307,0.537965,10.087004,NaN,NaN,NaN
-6.609053,4.160715,12.616316,-6.01304,3.856606,13.031242,-5.769133,4.117395,11.994835,-5.25264,2.050022,10.519796,-4.305792,2.06459,9.65502,-5.033209,0.537045,10.088432,NaN,NaN,NaN
-6.608897,4.162007,12.616793,-6.012885,3.857902,13.031718,-5.769176,4.117906,11.99532,-5.252687,2.05053,10.520282,-4.307441,2.064424,9.655497,-5.033413,0.536244,10.088451,NaN,NaN,NaN
-6.608855,4.161491,12.616309,-6.012842,3.857389,13.03123,-5.768935,4.118174,11.994825,-5.252434,2.049216,10.522241,-4.310173,2.057797,9.660771,-5.033413,0.536244,10.088451,NaN,NaN,NaN
-6.607938,4.162381,12.614861,-6.012842,3.857389,13.03123,-5.768223,4.118286,11.99339,-5.252186,2.049495,10.521746,-4.306039,2.064302,9.65552,-5.032358,0.538466,10.087502,NaN,NaN,NaN
-6.609053,4.160715,12.616316,-6.012842,3.857389,13.03123,-5.769133,4.117395,11.994835,-5.252434,2.049216,10.522241,-4.306524,2.06337,9.659369,-5.034121,0.536494,10.087004,NaN,NaN,NaN
-6.608855,4.161491,12.616309,-6.012842,3.857389,13.03123,-5.770538,4.117521,11.994805,-5.252687,2.05053,10.520282,-4.307489,2.064926,9.655984,-5.034315,0.535324,10.089879,NaN,NaN,NaN
-6.609147,4.163289,12.614817,-6.012688,3.858685,13.031706,-5.768935,4.118174,11.994825,-5.253188,2.051565,10.518818,-4.310268,2.058803,9.661746,-5.033413,0.536244,10.088451,NaN,NaN,NaN
-6.608855,4.161491,12.616309,-6.012346,3.856364,13.03272,-5.769133,4.117395,11.994835,-5.252687,2.05053,10.520282,-4.30645,2.064326,9.653097,-5.033413,0.536244,10.088451,NaN,NaN,NaN
-6.609544,4.161736,12.61483,-6.013338,3.858413,13.02974,-5.769629,4.118412,11.99336,-5.253338,2.048309,10.523674,-4.308619,2.058969,9.661269,-5.034616,0.537176,10.088396,NaN,NaN,NaN
-6.609303,4.161997,12.61434,-6.012644,3.858171,13.031218,-5.769388,4.118681,11.992865,-5.252734,2.051039,10.520769,-4.30703,2.0644,9.65792,-5.034264,0.534824,10.08938,NaN,NaN,NaN
-6.609345,4.162513,12.614824,-6.012842,3.857389,13.03123,-5.769629,4.118412,11.99336,-5.252387,2.048708,10.521755,-4.305792,2.06459,9.65502,-5.033362,0.535744,10.087952,NaN,NaN,NaN
-6.609345,4.162513,12.614824,-6.012842,3.857389,13.03123,-5.768676,4.118793,11.991431,-5.253389,2.050778,10.518827,-4.307947,2.065453,9.654048,-5.033015,0.538215,10.085557,NaN,NaN,NaN
-6.609345,4.162513,12.614824,-6.012842,3.857389,13.03123,-5.768223,4.118286,11.99339,-5.252387,2.048708,10.521755,-4.30584,2.065092,9.655508,-5.03251,0.537164,10.087022,NaN,NaN,NaN
-6.608429,4.163402,12.613375,-6.012842,3.857389,13.03123,-5.768223,4.118286,11.99339,-5.253638,2.050131,10.522201,-4.308536,2.062726,9.656934,-5.033209,0.537045,10.088432,NaN,NaN,NaN
-6.609345,4.162513,12.614824,-6.012842,3.857389,13.03123,-5.769585,4.117902,11.992875,-5.254293,2.049871,10.52026,-4.310726,2.059329,9.659809,-5.034315,0.535324,10.089879,NaN,NaN,NaN
-6.609345,4.162513,12.614824,-6.013338,3.858413,13.02974,-5.769826,4.117633,11.99337,-5.253338,2.048309,10.523674,-4.309432,2.061818,9.658359,-5.033413,0.536244,10.088451,NaN,NaN,NaN
-6.609147,4.163289,12.614817,-6.013338,3.858413,13.02974,-5.769585,4.117902,11.992875,-5.253839,2.049344,10.52221,-4.306393,2.066624,9.654546,-5.03482,0.536375,10.088414,NaN,NaN,NaN
-6.608231,4.164178,12.613369,-6.011928,3.858285,13.029772,-5.768719,4.119303,11.991916,-5.253792,2.048836,10.521724,-4.311116,2.057392,9.662683,-5.033866,0.536794,10.086487,NaN,NaN,NaN
-6.610064,4.162399,12.616266,-6.014253,3.857517,13.031198,-5.770538,4.117521,11.994805,-5.254246,2.049362,10.519773,-4.311774,2.057129,9.66076,-5.033917,0.537295,10.086986,NaN,NaN,NaN
-6.610262,4.161623,12.616272,-6.012842,3.857389,13.03123,-5.770538,4.117521,11.994805,-5.254242,2.047401,10.525106,-4.310527,2.06012,9.659797,-5.034565,0.536675,10.087897,NaN,NaN,NaN
-6.609303,4.161997,12.61434,-6.012799,3.856875,13.030742,-5.769585,4.117902,11.992875,-5.253638,2.050131,10.522201,-4.309938,2.062847,9.656911,-5.035421,0.533604,10.091326,NaN,NaN,NaN
-6.609388,4.163028,12.615308,-6.013338,3.858413,13.02974,-5.769826,4.117633,11.99337,-5.253792,2.048836,10.521724,-4.310068,2.059593,9.661733,-5.034264,0.534824,10.08938,NaN,NaN,NaN
-6.609147,4.163289,12.614817,-6.012842,3.857389,13.03123,-5.768719,4.119303,11.991916,-5.254293,2.049871,10.52026,-4.311527,2.057416,9.66026,-5.03482,0.536375,10.088414,NaN,NaN,NaN
-6.610021,4.161884,12.615782,-6.012842,3.857389,13.03123,-5.769585,4.117902,11.992875,-5.253992,2.048049,10.521733,-4.312717,2.056724,9.662672,-5.035421,0.533604,10.091326,NaN,NaN,NaN