pt1_X,pt1_Y,pt1_Z,pt2_X,pt2_Y,pt2_Z,pt3_X,pt3_Y,pt3_Z,pt4_X,pt4_Y,pt4_Z,pt5_X,pt5_Y,pt5_Z,pt6_X,pt6_Y,pt6_Z,pt7_X,pt7_Y,pt7_Z,pt8_X,pt8_Y,pt8_Z
NaN,NaN,NaN,NaN,NaN,NaN,NaN,NaN,NaN,NaN,NaN,NaN,NaN,NaN,NaN,NaN,NaN,NaN,NaN,NaN,NaN,NaN,NaN,NaN
NaN,NaN,NaN,NaN,NaN,NaN,NaN,NaN,NaN,NaN,NaN,NaN,NaN,NaN,NaN,NaN,NaN,NaN,NaN,NaN,NaN,NaN,NaN,NaN
NaN,NaN,NaN,NaN,NaN,NaN,NaN,NaN,NaN,NaN,NaN,NaN,NaN,NaN,NaN,NaN,NaN,NaN,NaN,NaN,NaN,NaN,NaN,NaN
NaN,NaN,NaN,NaN,NaN,NaN,NaN,NaN,NaN,NaN,NaN,NaN,NaN,NaN,NaN,NaN,NaN,NaN,NaN,NaN,NaN,NaN,NaN,NaN
NaN,NaN,NaN,NaN,NaN,NaN,NaN,NaN,NaN,NaN,NaN,NaN,NaN,NaN,NaN,NaN,NaN,NaN,NaN,NaN,NaN,NaN,NaN,NaN
NaN,NaN,NaN,NaN,NaN,NaN,NaN,NaN,NaN,NaN,NaN,NaN,NaN,NaN,NaN,NaN,NaN,NaN,NaN,NaN,NaN,NaN,NaN,NaN
NaN,NaN,NaN,NaN,NaN,NaN,NaN,NaN,NaN,NaN,NaN,NaN,NaN,NaN,NaN,NaN,NaN,NaN,NaN,NaN,NaN,NaN,NaN,NaN
NaN,NaN,NaN,NaN,NaN,NaN,NaN,NaN,NaN,NaN,NaN,NaN,NaN,NaN,NaN,NaN,NaN,NaN,NaN,NaN,NaN,NaN,NaN,NaN
NaN,NaN,NaN,NaN,NaN,NaN,NaN,NaN,NaN,NaN,NaN,NaN,NaN,NaN,NaN,NaN,NaN,NaN,NaN,NaN,NaN,NaN,NaN,NaN
NaN,NaN,NaN,NaN,NaN,NaN,NaN,NaN,NaN,NaN,NaN,NaN,NaN,NaN,NaN,NaN,NaN,NaN,NaN,NaN,NaN,NaN,NaN,NaN
NaN,NaN,NaN,NaN,NaN,NaN,NaN,NaN,NaN,NaN,NaN,NaN,NaN,NaN,NaN,NaN,NaN,NaN,NaN,NaN,NaN,NaN,NaN,NaN
NaN,NaN,NaN,NaN,NaN,NaN,NaN,NaN,NaN,NaN,NaN,NaN,NaN,NaN,NaN,NaN,NaN,NaN,NaN,NaN,NaN,NaN,NaN,NaN
NaN,NaN,NaN,NaN,NaN,NaN,NaN,NaN,NaN,NaN,NaN,NaN,NaN,NaN,NaN,NaN,NaN,NaN,NaN,NaN,NaN,NaN,NaN,NaN
NaN,NaN,NaN,NaN,NaN,NaN,NaN,NaN,NaN,NaN,NaN,NaN,NaN,NaN,NaN,NaN,NaN,NaN,NaN,NaN,NaN,NaN,NaN,NaN
NaN,NaN,NaN,NaN,NaN,NaN,NaN,NaN,NaN,NaN,NaN,NaN,NaN,NaN,NaN,NaN,NaN,NaN,NaN,NaN,NaN,NaN,NaN,NaN
NaN,NaN,NaN,NaN,NaN,NaN,NaN,NaN,NaN,NaN,NaN,NaN,NaN,NaN,NaN,NaN,NaN,NaN,NaN,NaN,NaN,NaN,NaN,NaN
NaN,NaN,NaN,NaN,NaN,NaN,NaN,NaN,NaN,NaN,NaN,NaN,NaN,NaN,NaN,NaN,NaN,NaN,NaN,NaN,NaN,NaN,NaN,NaN
NaN,NaN,NaN,NaN,NaN,NaN,NaN,NaN,NaN,NaN,NaN,NaN,NaN,NaN,NaN,NaN,NaN,NaN,NaN,NaN,NaN,NaN,NaN,NaN
NaN,NaN,NaN,NaN,NaN,NaN,NaN,NaN,NaN,NaN,NaN,NaN,NaN,NaN,NaN,NaN,NaN,NaN,NaN,NaN,NaN,NaN,NaN,NaN
NaN,NaN,NaN,NaN,NaN,NaN,NaN,NaN,NaN,NaN,NaN,NaN,NaN,NaN,NaN,NaN,NaN,NaN,NaN,NaN,NaN,NaN,NaN,NaN
NaN,NaN,NaN,NaN,NaN,NaN,NaN,NaN,NaN,NaN,NaN,NaN,NaN,NaN,NaN,NaN,NaN,NaN,NaN,NaN,NaN,NaN,NaN,NaN
NaN,NaN,NaN,NaN,NaN,NaN,NaN,NaN,NaN,NaN,NaN,NaN,NaN,NaN,NaN,NaN,NaN,NaN,NaN,NaN,NaN,NaN,NaN,NaN
NaN,NaN,NaN,NaN,NaN,NaN,NaN,NaN,NaN,NaN,NaN,NaN,NaN,NaN,NaN,NaN,NaN,NaN,NaN,NaN,NaN,NaN,NaN,NaN
NaN,NaN,NaN,NaN,NaN,NaN,NaN,NaN,NaN,NaN,NaN,NaN,NaN,NaN,NaN,NaN,NaN,NaN,NaN,NaN,NaN,NaN,NaN,NaN
NaN,NaN,NaN,NaN,NaN,NaN,NaN,NaN,NaN,NaN,NaN,NaN,NaN,NaN,NaN,NaN,NaN,NaN,NaN,NaN,NaN,NaN,NaN,NaN
NaN,NaN,NaN,NaN,NaN,NaN,NaN,NaN,NaN,NaN,NaN,NaN,NaN,NaN,NaN,NaN,NaN,NaN,NaN,NaN,NaN,NaN,NaN,NaN
NaN,NaN,NaN,NaN,NaN,NaN,NaN,NaN,NaN,NaN,NaN,NaN,NaN,NaN,NaN,NaN,NaN,NaN,NaN,NaN,NaN,NaN,NaN,NaN
NaN,NaN,NaN,NaN,NaN,NaN,NaN,NaN,NaN,NaN,NaN,NaN,NaN,NaN,NaN,NaN,NaN,NaN,NaN,NaN,NaN,NaN,NaN,NaN
NaN,NaN,NaN,NaN,NaN,NaN,NaN,NaN,NaN,NaN,NaN,NaN,NaN,NaN,NaN,NaN,NaN,NaN,NaN,NaN,NaN,NaN,NaN,NaN
NaN,NaN,NaN,NaN,NaN,NaN,NaN,NaN,NaN,NaN,NaN,NaN,NaN,NaN,NaN,NaN,NaN,NaN,NaN,NaN,NaN,NaN,NaN,NaN
NaN,NaN,NaN,NaN,NaN,NaN,NaN,NaN,NaN,NaN,NaN,NaN,NaN,NaN,NaN,NaN,NaN,NaN,NaN,NaN,NaN,NaN,NaN,NaN
NaN,NaN,NaN,NaN,NaN,NaN,NaN,NaN,NaN,NaN,NaN,NaN,NaN,NaN,NaN,NaN,NaN,NaN,NaN,NaN,NaN,NaN,NaN,NaN
NaN,NaN,NaN,NaN,NaN,NaN,NaN,NaN,NaN,NaN,NaN,NaN,NaN,NaN,NaN,NaN,NaN,NaN,NaN,NaN,NaN,NaN,NaN,NaN
NaN,NaN,NaN,NaN,NaN,NaN,NaN,NaN,NaN,NaN,NaN,NaN,NaN,NaN,NaN,NaN,NaN,NaN,NaN,NaN,NaN,NaN,NaN,NaN
NaN,NaN,NaN,NaN,NaN,NaN,NaN,NaN,NaN,NaN,NaN,NaN,NaN,NaN,NaN,NaN,NaN,NaN,NaN,NaN,NaN,NaN,NaN,NaN
NaN,NaN,NaN,NaN,NaN,NaN,NaN,NaN,NaN,NaN,NaN,NaN,NaN,NaN,NaN,NaN,NaN,NaN,NaN,NaN,NaN,NaN,NaN,NaN
NaN,NaN,NaN,NaN,NaN,NaN,NaN,NaN,NaN,NaN,NaN,NaN,NaN,NaN,NaN,NaN,NaN,NaN,NaN,NaN,NaN,NaN,NaN,NaN
NaN,NaN,NaN,NaN,NaN,NaN,NaN,NaN,NaN,NaN,NaN,NaN,NaN,NaN,NaN,NaN,NaN,NaN,NaN,NaN,NaN,NaN,NaN,NaN
NaN,NaN,NaN,NaN,NaN,NaN,NaN,NaN,NaN,NaN,NaN,NaN,NaN,NaN,NaN,NaN,NaN,NaN,NaN,NaN,NaN,NaN,NaN,NaN
NaN,NaN,NaN,NaN,NaN,NaN,NaN,NaN,NaN,NaN,NaN,NaN,NaN,NaN,NaN,NaN,NaN,NaN,NaN,NaN,NaN,NaN,NaN,NaN
NaN,NaN,NaN,NaN,NaN,NaN,NaN,NaN,NaN,NaN,NaN,NaN,NaN,NaN,NaN,NaN,NaN,NaN,NaN,NaN,NaN,NaN,NaN,NaN
NaN,NaN,NaN,NaN,NaN,NaN,NaN,NaN,NaN,NaN,NaN,NaN,NaN,NaN,NaN,NaN,NaN,NaN,NaN,NaN,NaN,NaN,NaN,NaN
NaN,NaN,NaN,NaN,NaN,NaN,NaN,NaN,NaN,NaN,NaN,NaN,NaN,NaN,NaN,NaN,NaN,NaN,NaN,NaN,NaN,NaN,NaN,NaN
NaN,NaN,NaN,NaN,NaN,NaN,NaN,NaN,NaN,NaN,NaN,NaN,NaN,NaN,NaN,NaN,NaN,NaN,NaN,NaN,NaN,NaN,NaN,NaN
NaN,NaN,NaN,NaN,NaN,NaN,NaN,NaN,NaN,NaN,NaN,NaN,NaN,NaN,NaN,NaN,NaN,NaN,NaN,NaN,NaN,NaN,NaN,NaN
NaN,NaN,NaN,NaN,NaN,NaN,NaN,NaN,NaN,NaN,NaN,NaN,NaN,NaN,NaN,NaN,NaN,NaN,NaN,NaN,NaN,NaN,NaN,NaN
NaN,NaN,NaN,NaN,NaN,NaN,NaN,NaN,NaN,NaN,NaN,NaN,NaN,NaN,NaN,NaN,NaN,NaN,NaN,NaN,NaN,NaN,NaN,NaN
NaN,NaN,NaN,NaN,NaN,NaN,NaN,NaN,NaN,NaN,NaN,NaN,NaN,NaN,NaN,NaN,NaN,NaN,NaN,NaN,NaN,NaN,NaN,NaN
NaN,NaN,NaN,NaN,NaN,NaN,NaN,NaN,NaN,NaN,NaN,NaN,NaN,NaN,NaN,NaN,NaN,NaN,NaN,NaN,NaN,NaN,NaN,NaN
NaN,NaN,NaN,NaN,NaN,NaN,NaN,NaN,NaN,NaN,NaN,NaN,NaN,NaN,NaN,NaN,NaN,NaN,NaN,NaN,NaN,NaN,NaN,NaN
NaN,NaN,NaN,NaN,NaN,NaN,NaN,NaN,NaN,NaN,NaN,NaN,NaN,NaN,NaN,NaN,NaN,NaN,NaN,NaN,NaN,NaN,NaN,NaN
NaN,NaN,NaN,NaN,NaN,NaN,NaN,NaN,NaN,NaN,NaN,NaN,NaN,NaN,NaN,NaN,NaN,NaN,NaN,NaN,NaN,NaN,NaN,NaN
NaN,NaN,NaN,NaN,NaN,NaN,NaN,NaN,NaN,NaN,NaN,NaN,NaN,NaN,NaN,NaN,NaN,NaN,NaN,NaN,NaN,NaN,NaN,NaN
NaN,NaN,NaN,NaN,NaN,NaN,NaN,NaN,NaN,NaN,NaN,NaN,NaN,NaN,NaN,NaN,NaN,NaN,NaN,NaN,NaN,NaN,NaN,NaN
NaN,NaN,NaN,NaN,NaN,NaN,NaN,NaN,NaN,NaN,NaN,NaN,NaN,NaN,NaN,NaN,NaN,NaN,NaN,NaN,NaN,NaN,NaN,NaN
NaN,NaN,NaN,NaN,NaN,NaN,NaN,NaN,NaN,NaN,NaN,NaN,NaN,NaN,NaN,NaN,NaN,NaN,NaN,NaN,NaN,NaN,NaN,NaN
NaN,NaN,NaN,NaN,NaN,NaN,NaN,NaN,NaN,NaN,NaN,NaN,NaN,NaN,NaN,NaN,NaN,NaN,NaN,NaN,NaN,NaN,NaN,NaN
NaN,NaN,NaN,NaN,NaN,NaN,NaN,NaN,NaN,NaN,NaN,NaN,NaN,NaN,NaN,NaN,NaN,NaN,NaN,NaN,NaN,NaN,NaN,NaN
NaN,NaN,NaN,NaN,NaN,NaN,NaN,NaN,NaN,NaN,NaN,NaN,NaN,NaN,NaN,NaN,NaN,NaN,NaN,NaN,NaN,NaN,NaN,NaN
NaN,NaN,NaN,NaN,NaN,NaN,NaN,NaN,NaN,NaN,NaN,NaN,NaN,NaN,NaN,NaN,NaN,NaN,NaN,NaN,NaN,NaN,NaN,NaN
NaN,NaN,NaN,NaN,NaN,NaN,NaN,NaN,NaN,NaN,NaN,NaN,NaN,NaN,NaN,NaN,NaN,NaN,NaN,NaN,NaN,NaN,NaN,NaN
NaN,NaN,NaN,NaN,NaN,NaN,NaN,NaN,NaN,NaN,NaN,NaN,NaN,NaN,NaN,NaN,NaN,NaN,NaN,NaN,NaN,NaN,NaN,NaN
NaN,NaN,NaN,NaN,NaN,NaN,NaN,NaN,NaN,NaN,NaN,NaN,NaN,NaN,NaN,NaN,NaN,NaN,NaN,NaN,NaN,NaN,NaN,NaN
NaN,NaN,NaN,NaN,NaN,NaN,NaN,NaN,NaN,NaN,NaN,NaN,NaN,NaN,NaN,NaN,NaN,NaN,NaN,NaN,NaN,NaN,NaN,NaN
NaN,NaN,NaN,NaN,NaN,NaN,NaN,NaN,NaN,NaN,NaN,NaN,NaN,NaN,NaN,NaN,NaN,NaN,NaN,NaN,NaN,NaN,NaN,NaN
NaN,NaN,NaN,NaN,NaN,NaN,NaN,NaN,NaN,NaN,NaN,NaN,NaN,NaN,NaN,NaN,NaN,NaN,NaN,NaN,NaN,NaN,NaN,NaN
NaN,NaN,NaN,NaN,NaN,NaN,NaN,NaN,NaN,NaN,NaN,NaN,NaN,NaN,NaN,NaN,NaN,NaN,NaN,NaN,NaN,NaN,NaN,NaN
NaN,NaN,NaN,NaN,NaN,NaN,NaN,NaN,NaN,NaN,NaN,NaN,NaN,NaN,NaN,NaN,NaN,NaN,NaN,NaN,NaN,NaN,NaN,NaN
NaN,NaN,NaN,NaN,NaN,NaN,NaN,NaN,NaN,NaN,NaN,NaN,NaN,NaN,NaN,NaN,NaN,NaN,NaN,NaN,NaN,NaN,NaN,NaN
NaN,NaN,NaN,NaN,NaN,NaN,NaN,NaN,NaN,NaN,NaN,NaN,NaN,NaN,NaN,NaN,NaN,NaN,NaN,NaN,NaN,NaN,NaN,NaN
NaN,NaN,NaN,NaN,NaN,NaN,NaN,NaN,NaN,NaN,NaN,NaN,NaN,NaN,NaN,NaN,NaN,NaN,NaN,NaN,NaN,NaN,NaN,NaN
NaN,NaN,NaN,NaN,NaN,NaN,NaN,NaN,NaN,NaN,NaN,NaN,NaN,NaN,NaN,NaN,NaN,NaN,NaN,NaN,NaN,NaN,NaN,NaN
NaN,NaN,NaN,NaN,NaN,NaN,NaN,NaN,NaN,NaN,NaN,NaN,NaN,NaN,NaN,NaN,NaN,NaN,NaN,NaN,NaN,NaN,NaN,NaN
NaN,NaN,NaN,NaN,NaN,NaN,NaN,NaN,NaN,NaN,NaN,NaN,NaN,NaN,NaN,NaN,NaN,NaN,NaN,NaN,NaN,NaN,NaN,NaN
NaN,NaN,NaN,NaN,NaN,NaN,NaN,NaN,NaN,NaN,NaN,NaN,NaN,NaN,NaN,NaN,NaN,NaN,NaN,NaN,NaN,NaN,NaN,NaN
NaN,NaN,NaN,NaN,NaN,NaN,NaN,NaN,NaN,NaN,NaN,NaN,NaN,NaN,NaN,NaN,NaN,NaN,NaN,NaN,NaN,NaN,NaN,NaN
NaN,NaN,NaN,NaN,NaN,NaN,NaN,NaN,NaN,NaN,NaN,NaN,NaN,NaN,NaN,NaN,NaN,NaN,NaN,NaN,NaN,NaN,NaN,NaN
NaN,NaN,NaN,NaN,NaN,NaN,NaN,NaN,NaN,NaN,NaN,NaN,NaN,NaN,NaN,NaN,NaN,NaN,NaN,NaN,NaN,NaN,NaN,NaN
NaN,NaN,NaN,NaN,NaN,NaN,NaN,NaN,NaN,NaN,NaN,NaN,NaN,NaN,NaN,NaN,NaN,NaN,NaN,NaN,NaN,NaN,NaN,NaN
NaN,NaN,NaN,NaN,NaN,NaN,NaN,NaN,NaN,NaN,NaN,NaN,NaN,NaN,NaN,NaN,NaN,NaN,NaN,NaN,NaN,NaN,NaN,NaN
NaN,NaN,NaN,NaN,NaN,NaN,NaN,NaN,NaN,NaN,NaN,NaN,NaN,NaN,NaN,NaN,NaN,NaN,NaN,NaN,NaN,NaN,NaN,NaN
NaN,NaN,NaN,NaN,NaN,NaN,NaN,NaN,NaN,NaN,NaN,NaN,NaN,NaN,NaN,NaN,NaN,NaN,NaN,NaN,NaN,NaN,NaN,NaN
NaN,NaN,NaN,NaN,NaN,NaN,NaN,NaN,NaN,NaN,NaN,NaN,NaN,NaN,NaN,NaN,NaN,NaN,NaN,NaN,NaN,NaN,NaN,NaN
NaN,NaN,NaN,NaN,NaN,NaN,NaN,NaN,NaN,NaN,NaN,NaN,NaN,NaN,NaN,NaN,NaN,NaN,NaN,NaN,NaN,NaN,NaN,NaN
27.050382,3.912107,15.688629,27.611352,3.9395,15.754312,27.629956,3.941855,14.951714,27.39432,1.28897,13.174788,27.857346,0.887271,12.40078,26.276027,0.209207,12.205297,25.056998,-0.14,12.702313,NaN,NaN,NaN
27.044014,3.911187,15.717181,27.547873,3.983951,15.781552,27.628538,3.936738,14.968005,27.36111,1.310379,13.087363,27.86278,0.907156,12.405817,26.305666,0.238503,12.150949,25.03757,-0.228533,12.772473,NaN,NaN,NaN
27.044014,3.911187,15.717181,27.548514,3.984524,15.779347,27.628557,3.936246,14.96756,27.36111,1.310379,13.087363,27.86278,0.907156,12.405817,26.305799,0.239405,12.150851,25.038325,-0.229535,12.773848,NaN,NaN,NaN
27.044032,3.910694,15.716731,27.548514,3.984524,15.779347,27.628557,3.936246,14.96756,27.36111,1.310379,13.087363,27.86278,0.907156,12.405817,26.30569,0.238019,12.15049,25.03757,-0.228533,12.772473,NaN,NaN,NaN
27.044779,3.910226,15.718567,27.549282,3.983565,15.780732,27.629323,3.93529,14.968934,27.36111,1.310379,13.087363,27.86278,0.907156,12.405817,26.305823,0.238921,12.150393,25.03757,-0.228533,12.772473,NaN,NaN,NaN
27.044797,3.909734,15.718117,27.549282,3.983565,15.780732,27.629323,3.93529,14.968934,27.361877,1.309399,13.088727,27.86278,0.907156,12.405817,26.306451,0.237028,12.151851,25.038325,-0.229535,12.773848,NaN,NaN,NaN
27.045424,3.910798,15.716366,27.550672,3.983672,15.78036,27.63071,3.935397,14.968563,27.362497,1.310482,13.08701,27.862803,0.906672,12.405362,26.305666,0.238503,12.150949,25.03757,-0.228533,12.772473,NaN,NaN,NaN
27.046816,3.910901,15.716,27.551294,3.984739,15.778603,27.63133,3.936462,14.966818,27.362519,1.309996,13.086556,27.863445,0.904787,12.406819,26.30656,0.238413,12.152212,25.03757,-0.228533,12.772473,NaN,NaN,NaN
27.04758,3.90994,15.717386,27.552062,3.98378,15.779988,27.632862,3.934549,14.969567,27.362391,1.309095,13.086656,27.863445,0.904787,12.406819,26.306452,0.240006,12.148697,25.03757,-0.228533,12.772473,NaN,NaN,NaN
27.048345,3.908979,15.718772,27.552849,3.982327,15.780926,27.632862,3.934549,14.969567,27.363158,1.308115,13.08802,27.864059,0.905875,12.405108,26.30708,0.238113,12.150154,25.038462,-0.228632,12.77375,NaN,NaN,NaN
27.049737,3.909083,15.718407,27.555007,3.981475,15.781939,27.635015,3.9337,14.970571,27.363286,1.309016,13.08792,27.864852,0.90441,12.406009,26.307212,0.236036,12.153211,25.038301,-0.22905,12.774312,NaN,NaN,NaN
27.049737,3.909083,15.718407,27.555007,3.981475,15.781939,27.635654,3.934273,14.96838,27.363925,1.307135,13.089384,27.864852,0.90441,12.406009,26.30784,0.237121,12.151515,25.038437,-0.228147,12.774215,NaN,NaN,NaN
27.051893,3.908225,15.719428,27.557147,3.981117,15.7834,27.637168,3.932852,14.971575,27.364568,1.307732,13.087212,27.866236,0.904516,12.405653,26.30784,0.237121,12.151515,25.038437,-0.228147,12.774215,NaN,NaN,NaN
27.052677,3.906772,15.720364,27.557166,3.980623,15.782952,27.638573,3.932468,14.970758,27.365335,1.306752,13.088576,27.866259,0.904033,12.405199,26.30784,0.237121,12.151515,25.039079,-0.227062,12.772519,NaN,NaN,NaN
27.054068,3.906875,15.719998,27.558556,3.98073,15.78258,27.63996,3.932576,14.970387,27.365335,1.306752,13.088576,27.866131,0.903129,12.4053,26.308625,0.235646,12.152417,25.039193,-0.229149,12.775589,NaN,NaN,NaN
27.054958,3.906804,15.721282,27.560215,3.979701,15.785249,27.640726,3.931619,14.971762,27.366744,1.306369,13.087769,27.866901,0.902147,12.406656,26.309253,0.236731,12.150721,25.039218,-0.229634,12.775125,NaN,NaN,NaN
27.055723,3.905843,15.722668,27.561606,3.979809,15.784877,27.641616,3.93155,14.973037,27.367489,1.305874,13.089587,27.867539,0.902752,12.40449,26.308601,0.23613,12.152875,25.039079,-0.227062,12.772519,NaN,NaN,NaN
27.057114,3.905946,15.722303,27.562374,3.978849,15.786262,27.643003,3.931658,14.972666,27.367511,1.305389,13.089133,27.868308,0.90177,12.405846,26.309229,0.237215,12.151179,25.039834,-0.228064,12.773893,NaN,NaN,NaN
27.058506,3.906049,15.721937,27.562996,3.979916,15.784504,27.644389,3.931766,14.972295,27.367511,1.305389,13.089133,27.868308,0.90177,12.405846,26.310751,0.235232,12.153899,25.039834,-0.228064,12.773893,NaN,NaN,NaN
27.058488,3.906542,15.722387,27.563764,3.978957,15.78589,27.645156,3.93081,14.973669,27.367511,1.305389,13.089133,27.868308,0.90177,12.405846,26.310751,0.235232,12.153899,25.039834,-0.228064,12.773893,NaN,NaN,NaN
27.058506,3.906049,15.721937,27.563764,3.978957,15.78589,27.645776,3.931874,14.971924,27.368407,1.305309,13.090396,27.869692,0.901876,12.40549,26.310775,0.234748,12.153441,25.04059,-0.229066,12.775268,NaN,NaN,NaN
27.059271,3.905089,15.723323,27.565277,3.979954,15.785415,27.646542,3.930918,14.973298,27.368278,1.304408,13.090497,27.869205,0.901693,12.4071,26.310884,0.236134,12.153802,25.040726,-0.228163,12.77517,NaN,NaN,NaN
27.059377,3.90647,15.723671,27.565277,3.979954,15.785415,27.646647,3.932298,14.973644,27.368899,1.305492,13.088779,27.869692,0.901876,12.40549,26.310884,0.236134,12.153802,25.040726,-0.228163,12.77517,NaN,NaN,NaN
27.059985,3.908027,15.722369,27.565259,3.980447,15.785863,27.646647,3.932298,14.973644,27.368876,1.305977,13.089234,27.869692,0.901876,12.40549,26.31086,0.236617,12.154261,25.041343,-0.226594,12.773939,NaN,NaN,NaN
27.060124,3.906002,15.725508,27.56615,3.980378,15.787146,27.648033,3.932406,14.973273,27.369005,1.306878,13.089133,27.86982,0.90278,12.405389,26.312249,0.236711,12.153925,25.041367,-0.227078,12.773474,NaN,NaN,NaN
27.059483,3.907852,15.724019,27.565382,3.981337,15.785761,27.646752,3.933677,14.973991,27.369005,1.306878,13.089133,27.869797,0.903264,12.405843,26.312382,0.237613,12.153828,25.041367,-0.227078,12.773474,NaN,NaN,NaN
27.06011,3.908916,15.722267,27.565487,3.98272,15.786106,27.647372,3.934742,14.972245,27.369005,1.306878,13.089133,27.869797,0.903264,12.405843,26.312358,0.238096,12.154286,25.040587,-0.225592,12.772564,NaN,NaN,NaN
27.060197,3.910791,15.723065,27.565469,3.983214,15.786554,27.646586,3.93619,14.971316,27.368982,1.307364,13.089587,27.869797,0.903264,12.405843,26.313118,0.237105,12.155646,25.041343,-0.226594,12.773939,NaN,NaN,NaN
27.058806,3.910688,15.723431,27.564682,3.984667,15.785616,27.646568,3.936682,14.971762,27.368343,1.309245,13.088123,27.869155,0.905149,12.404386,26.314507,0.237198,12.15531,25.042764,-0.226996,12.773153,NaN,NaN,NaN
27.058147,3.91303,15.722393,27.564037,3.986515,15.784129,27.645906,3.939019,14.970734,27.368343,1.309245,13.088123,27.869132,0.905633,12.404841,26.314483,0.237682,12.155769,25.042739,-0.226511,12.773617,NaN,NaN,NaN
27.058253,3.914412,15.72274,27.564019,3.987009,15.784576,27.645906,3.939019,14.970734,27.368321,1.309731,13.088577,27.869901,0.904651,12.406196,26.314616,0.238584,12.155671,25.042739,-0.226511,12.773617,NaN,NaN,NaN
27.057488,3.915373,15.721354,27.563355,3.989351,15.783536,27.645244,3.941355,14.969705,27.368321,1.309731,13.088577,27.869132,0.905633,12.404841,26.315353,0.238076,12.15749,25.042008,-0.225994,12.771778,NaN,NaN,NaN
27.057575,3.917247,15.722152,27.56346,3.990735,15.783882,27.645349,3.942735,14.970051,27.369194,1.310137,13.090295,27.870006,0.906039,12.406549,26.316766,0.237686,12.156696,25.042764,-0.226996,12.773153,NaN,NaN,NaN
27.056916,3.919589,15.721114,27.562796,3.993077,15.782842,27.643902,3.946519,14.968094,27.368533,1.312504,13.089285,27.868622,0.905932,12.406905,26.317503,0.237178,12.158514,25.04416,-0.226913,12.772831,NaN,NaN,NaN
27.056364,3.923314,15.720423,27.562115,3.995913,15.78225,27.644627,3.948963,14.966695,27.36851,1.31299,13.089739,27.869341,0.908407,12.405547,26.318131,0.238263,12.156818,25.044046,-0.224826,12.769761,NaN,NaN,NaN
27.056451,3.925188,15.721221,27.562201,3.99779,15.783042,27.643947,3.951792,14.966112,27.367229,1.314274,13.090446,27.869318,0.908891,12.406001,26.319001,0.238657,12.158539,25.045557,-0.22683,12.772509,NaN,NaN,NaN
27.05529,3.927356,15.721833,27.561643,4.001515,15.782348,27.643266,3.95462,14.96553,27.366462,1.315254,13.089082,27.868038,0.910172,12.40671,26.319761,0.237666,12.1599,25.044801,-0.225828,12.771135,NaN,NaN,NaN
27.054719,3.931572,15.721592,27.561084,4.00524,15.781654,27.643476,3.957379,14.966222,27.366568,1.31664,13.089436,27.868143,0.911559,12.407063,26.320655,0.237576,12.161163,25.044801,-0.225828,12.771135,NaN,NaN,NaN
27.054166,3.935296,15.720902,27.560525,4.008965,15.78096,27.642134,3.962543,14.964611,27.365884,1.319493,13.08888,27.868248,0.912947,12.407416,26.321392,0.237069,12.162982,25.046198,-0.225745,12.770813,NaN,NaN,NaN
27.053719,3.940401,15.72056,27.559948,4.013183,15.780713,27.642179,3.967814,14.962629,27.36599,1.32088,13.089234,27.86756,0.915799,12.406868,26.323022,0.236471,12.166064,25.046198,-0.225745,12.770813,NaN,NaN,NaN
27.053272,3.945507,15.720217,27.559495,4.018291,15.780364,27.641603,3.972021,14.962392,27.366202,1.323653,13.089941,27.86705,0.916098,12.408933,26.32452,0.23795,12.166089,25.046929,-0.226262,12.772652,NaN,NaN,NaN
27.052807,3.951104,15.720324,27.558255,4.024851,15.779078,27.641771,3.97818,14.960311,27.365518,1.326505,13.089385,27.867259,0.918873,12.409639,26.325281,0.236959,12.167449,25.048325,-0.22618,12.772331,NaN,NaN,NaN
27.051684,3.959043,15.719394,27.557783,4.030452,15.779176,27.640516,3.985215,14.959492,27.364963,1.330258,13.088729,27.866571,0.921725,12.40909,26.326126,0.237837,12.169629,25.049103,-0.224192,12.770537,NaN,NaN,NaN
27.051467,3.966418,15.719297,27.556043,4.036834,15.779545,27.639402,3.992644,14.958128,27.364532,1.332434,13.091608,27.866165,0.923412,12.411508,26.327624,0.236338,12.172808,25.049834,-0.224709,12.772376,NaN,NaN,NaN
27.049947,3.975564,15.720364,27.555904,4.046089,15.780233,27.638521,3.999925,14.960675,27.364105,1.337087,13.090851,27.865605,0.927168,12.410859,26.32847,0.240194,12.171833,25.051367,-0.223723,12.771956,NaN,NaN,NaN
27.049049,3.989153,15.72092,27.55377,4.053677,15.782603,27.636373,4.010399,14.959829,27.363035,1.341144,13.092266,27.865177,0.929339,12.413731,26.329992,0.24119,12.1714,25.052008,-0.222639,12.77026,NaN,NaN,NaN
27.046062,4.011256,15.726556,27.549462,4.077571,15.789352,27.629857,4.031251,14.972925,27.362585,1.346283,13.091964,27.864721,0.934481,12.413434,26.33149,0.242669,12.171425,25.052739,-0.223156,12.772099,NaN,NaN,NaN
27.044547,4.022817,15.723934,27.547175,4.090558,15.78983,27.624724,4.044038,14.983203,27.361622,1.351725,13.093732,27.865035,0.938643,12.414493,26.333881,0.24108,12.175868,25.053494,-0.224158,12.773474,NaN,NaN,NaN
27.041517,4.033386,15.72178,27.544111,4.101619,15.78812,27.621564,4.053692,14.981182,27.36115,1.35735,13.093884,27.863964,0.942698,12.415908,26.334751,0.241474,12.177589,25.054135,-0.223073,12.771778,NaN,NaN,NaN
27.038487,4.043954,15.719626,27.540583,4.111515,15.787172,27.617783,4.062281,14.980906,27.358908,1.366552,13.092724,27.863613,0.949228,12.415965,26.33701,0.241962,12.178974,25.055668,-0.222087,12.771358,NaN,NaN,NaN
27.034569,4.054591,15.716188,27.535879,4.123108,15.782348,27.613712,4.074906,14.974392,27.358179,1.374281,13.094745,27.862902,0.956478,12.41753,26.337227,0.244734,12.179696,25.055644,-0.221602,12.771823,NaN,NaN,NaN
27.029905,4.065695,15.710916,27.53182,4.132853,15.779011,27.608774,4.084693,14.969823,27.35512,1.386862,13.098435,27.861422,0.964708,12.41774,26.338073,0.245612,12.181876,25.056399,-0.222604,12.773197,NaN,NaN,NaN
27.02357,4.078319,15.703426,27.524691,4.146427,15.770136,27.60154,4.097343,14.961133,27.3544,1.418027,13.119645,27.860224,0.971774,12.420915,26.338315,0.247899,12.18214,25.057291,-0.222703,12.774474,NaN,NaN,NaN
27.016609,4.089879,15.697688,27.518494,4.156526,15.765341,27.595979,4.108478,14.954647,27.35282,1.424861,13.119496,27.858742,0.99175,12.426097,26.339269,0.250163,12.184681,25.057152,-0.220132,12.771867,NaN,NaN,NaN
26.99343,4.122154,15.66432,27.497545,4.1854,15.735693,27.577232,4.134012,14.929913,27.350345,1.431774,13.118082,27.858666,1.012567,12.445926,26.339354,0.252033,12.1855,25.057883,-0.220649,12.773706,NaN,NaN,NaN
26.986437,4.134694,15.659484,27.489658,4.197508,15.729127,27.569363,4.146086,14.923417,27.347742,1.437787,13.116769,27.856571,1.019708,12.447847,26.33881,0.255795,12.184861,25.058775,-0.220748,12.774983,NaN,NaN,NaN
26.979753,4.14221,15.660017,27.482683,4.206638,15.727085,27.562902,4.155365,14.919765,27.344501,1.445678,13.113992,27.854859,1.025646,12.447805,26.339789,0.257575,12.186944,25.058131,-0.218359,12.773975,NaN,NaN,NaN
26.972879,4.153223,15.658764,27.47658,4.216193,15.726772,27.556547,4.166021,14.91646,27.341898,1.45169,13.112679,27.852482,1.03395,12.44676,26.339982,0.260831,12.188124,25.058887,-0.219361,12.77535,NaN,NaN,NaN
26.964894,4.162507,15.66046,27.468198,4.225709,15.725548,27.547565,4.174446,14.917012,27.337759,1.457185,13.112274,27.849851,1.040447,12.445918,26.339572,0.265495,12.187388,25.058107,-0.217874,12.77444,NaN,NaN,NaN
26.956902,4.169379,15.66584,27.459943,4.233699,15.727908,27.538565,4.183363,14.918008,27.33377,1.463094,13.111315,27.846605,1.045858,12.446788,26.337724,0.271033,12.187905,25.058974,-0.217488,12.776181,NaN,NaN,NaN
26.935736,4.291324,15.654831,27.472282,4.283686,15.661314,27.526424,4.204321,14.92497,27.335873,1.5484,13.110821,27.838849,0.995482,12.448873,26.388288,0.250964,12.236702,25.058194,-0.216002,12.775271,NaN,NaN,NaN
26.913011,4.285323,15.651993,27.464431,4.309193,15.646655,27.510763,4.21398,14.927176,27.332652,1.567162,13.10373,27.852172,0.955321,12.526676,26.336497,0.316629,12.185998,25.058194,-0.216002,12.775271,NaN,NaN,NaN
26.935411,4.300215,15.662887,27.414087,4.264936,15.730641,27.482721,4.214909,14.951292,27.298607,1.566376,13.086095,27.810692,1.004986,12.492071,26.404748,0.319012,12.218886,25.059086,-0.216101,12.776547,NaN,NaN,NaN
26.900114,4.330906,15.641987,27.40662,4.321989,15.652171,27.458736,4.24174,14.931864,27.282348,1.583896,13.11471,27.815739,1.065803,12.43415,26.358359,0.263659,12.261409,25.057046,-0.213795,12.775861,NaN,NaN,NaN
26.887548,4.367583,15.623935,27.392134,4.33286,15.658961,27.443975,4.257569,14.937399,27.277577,1.593629,13.110184,27.815393,1.073118,12.44106,26.37795,0.31488,12.215119,25.057046,-0.213795,12.775861,NaN,NaN,NaN
26.888713,4.387042,15.630798,27.383623,4.345837,15.645981,27.430366,4.274611,14.94356,27.26482,1.59179,13.124243,27.807321,1.066803,12.469456,26.375773,0.312717,12.225483,25.056997,-0.212826,12.77679,NaN,NaN,NaN
26.867161,4.400514,15.634809,27.376568,4.36988,15.632266,27.419344,4.290068,14.936134,27.260834,1.627488,13.133114,27.789533,1.079381,12.469098,26.360796,0.332212,12.198709,25.055737,-0.212006,12.777014,NaN,NaN,NaN
26.842432,4.34671,15.610192,27.365729,4.386703,15.616035,27.405144,4.306044,14.926975,27.257641,1.645752,13.125573,27.7714,1.099277,12.475646,26.355148,0.386764,12.157885,25.055093,-0.209617,12.776006,NaN,NaN,NaN
26.800952,4.407239,15.543511,27.347999,4.428323,15.611182,27.387234,4.325751,14.91496,27.247224,1.651471,13.137981,27.775289,1.107375,12.459213,26.334289,0.368177,12.220829,25.053809,-0.208312,12.776695,NaN,NaN,NaN
26.782251,4.418803,15.618699,27.319472,4.470026,15.565874,27.357325,4.358633,14.888997,27.234553,1.647701,13.150214,27.73317,1.171568,12.438498,26.334289,0.368177,12.220829,25.053165,-0.205923,12.775687,NaN,NaN,NaN
26.768216,4.444909,15.601819,27.305251,4.489054,15.55784,27.335965,4.37999,14.897786,27.221093,1.645393,13.161539,27.768123,1.127025,12.500176,26.333347,0.387141,12.238964,25.05188,-0.204619,12.776376,NaN,NaN,NaN
26.746672,4.458394,15.605808,27.286955,4.493702,15.562986,27.313324,4.380023,14.916016,27.221302,1.669631,13.132054,27.75391,1.118442,12.548787,26.329607,0.37751,12.240076,25.051237,-0.20223,12.775368,NaN,NaN,NaN
26.742141,4.466855,15.624364,27.273058,4.514814,15.541687,27.283593,4.382032,14.933416,27.198233,1.671101,13.156233,27.723488,1.153918,12.468177,26.329136,0.386978,12.249165,25.049791,-0.201344,12.776618,NaN,NaN,NaN
26.735631,4.50557,15.586612,27.238833,4.530246,15.549083,27.259612,4.406457,14.913624,27.173541,1.71863,13.11235,27.726003,1.191239,12.479425,26.329136,0.386978,12.249165,25.048643,-0.199136,12.777209,NaN,NaN,NaN
26.696184,4.535791,15.576225,27.190338,4.528671,15.568437,27.230322,4.437043,14.883788,27.167144,1.74417,13.102555,27.712756,1.19474,12.460149,26.327431,0.375339,12.250459,25.045962,-0.197915,12.778219,NaN,NaN,NaN
26.661278,4.557543,15.547295,27.157787,4.531508,15.608479,27.213874,4.452967,14.873722,27.160726,1.770188,13.093217,27.697198,1.217948,12.525057,26.341463,0.374821,12.295382,25.045294,-0.195041,12.777676,NaN,NaN,NaN
26.612503,4.573533,15.566929,27.147608,4.557564,15.563288,27.191822,4.475232,14.859601,27.146422,1.798205,13.117479,27.694912,1.221225,12.540188,26.32696,0.38482,12.259531,25.04348,-0.193434,12.780427,NaN,NaN,NaN
26.571732,4.650242,15.485726,27.101259,4.568076,15.58505,27.151583,4.513054,14.832427,27.124903,1.797252,13.143916,27.703912,1.25349,12.524323,26.309014,0.425259,12.250721,25.041664,-0.188354,12.780474,NaN,NaN,NaN
26.55795,4.641541,15.531575,27.060824,4.59412,15.584022,27.119969,4.526812,14.844301,27.114801,1.825233,13.125029,27.656673,1.327441,12.455897,26.323513,0.415254,12.286585,25.038226,-0.182658,12.777406,NaN,NaN,NaN
26.505866,4.645384,15.561537,27.037485,4.628816,15.587587,27.077909,4.542208,14.900296,27.082615,1.868585,13.070102,27.632414,1.34505,12.482637,26.293113,0.463679,12.2421,25.037029,-0.179482,12.778926,NaN,NaN,NaN
26.463242,4.66049,15.558771,27.012863,4.677149,15.544378,27.044697,4.580474,14.883319,27.060201,1.871524,13.097886,27.615559,1.383567,12.494802,26.285015,0.44974,12.263942,25.033841,-0.174969,12.778831,NaN,NaN,NaN
26.435716,4.700737,15.514351,26.976143,4.731477,15.510325,27.007183,4.619013,14.850956,27.036191,1.877866,13.124313,27.623932,1.354464,12.52119,26.270055,0.469209,12.237167,25.029987,-0.171056,12.780896,NaN,NaN,NaN
26.403496,4.720858,15.532362,26.938216,4.730567,15.546321,26.97839,4.631047,14.856281,27.014052,1.892595,13.126549,27.596631,1.381753,12.493046,26.279861,0.494766,12.214048,25.027777,-0.161299,12.780205,NaN,NaN,NaN
26.362564,4.775029,15.484551,26.882073,4.731872,15.585194,26.922561,4.637726,14.883805,26.994455,1.926475,13.140341,27.580132,1.401367,12.493962,26.264908,0.51422,12.18729,25.022983,-0.156318,12.781921,NaN,NaN,NaN
26.318228,4.82003,15.449743,26.804727,4.691481,15.638847,26.883555,4.67721,14.858551,26.947036,1.957687,13.119524,27.552207,1.453323,12.486188,26.279393,0.504245,12.223112,25.016617,-0.127004,12.781302,NaN,NaN,NaN
26.280176,4.83218,15.482034,26.776762,4.745803,15.631515,26.853146,4.719072,14.846545,26.937565,1.999929,13.100855,27.525529,1.504238,12.470822,26.249477,0.516946,12.247797,25.013075,-0.11092,12.778977,NaN,NaN,NaN
26.258779,4.811,15.548628,26.740673,4.820509,15.539033,26.803249,4.770547,14.801878,26.91392,2.039892,13.091206,27.521353,1.520612,12.491231,26.221266,0.541271,12.271196,25.007206,-0.101719,12.77719,NaN,NaN,NaN
26.18075,4.934495,15.455904,26.686826,4.821255,15.6084,26.764095,4.786114,14.818504,26.875545,2.118552,13.020389,27.468131,1.593867,12.443544,26.184977,0.57787,12.238201,24.999162,-0.091115,12.774814,NaN,NaN,NaN
26.11526,4.952413,15.482266,26.642505,4.890772,15.589992,26.702154,4.816224,14.85026,26.831573,2.109232,13.079288,27.426368,1.641386,12.40993,26.169573,0.606785,12.220509,24.985176,-0.071565,12.757439,NaN,NaN,NaN
26.090403,4.956606,15.523269,26.607817,4.960718,15.537315,26.657016,4.871462,14.827761,26.801609,2.124567,13.113691,27.404724,1.629655,12.485338,26.173767,0.660565,12.234796,24.974936,-0.066015,12.760343,NaN,NaN,NaN
26.024935,5.008935,15.51112,26.553402,5.036217,15.486093,26.595748,4.927131,14.806157,26.755096,2.149807,13.128385,27.387025,1.647321,12.486694,26.158836,0.679987,12.208044,24.966254,-0.063434,12.765066,NaN,NaN,NaN
25.964476,5.040942,15.469762,26.544152,5.031846,15.509817,26.539026,4.93494,14.837159,26.705175,2.202065,13.105026,27.369415,1.71078,12.519855,26.114467,0.702642,12.196889,24.954064,-0.060646,12.773518,NaN,NaN,NaN
25.935512,5.076097,15.480085,26.463466,5.092698,15.476098,26.497665,4.984502,14.80771,26.649644,2.271362,13.04302,27.326346,1.758852,12.487981,26.106203,0.738278,12.253644,24.924531,-0.086163,12.832585,NaN,NaN,NaN
25.862361,5.156176,15.455559,26.378712,5.139157,15.536352,26.441803,5.057913,14.781181,26.61726,2.304885,13.072136,27.268254,1.845733,12.471344,26.048175,0.801394,12.223527,24.912449,-0.078515,12.8387,NaN,NaN,NaN
25.810264,5.23476,15.413749,26.307969,5.210272,15.510856,26.35853,5.106034,14.802937,26.569056,2.324574,13.092493,27.221242,1.867888,12.5147,26.02044,0.816222,12.237846,24.900206,-0.071284,12.845376,NaN,NaN,NaN
25.714552,5.27151,15.44603,26.28414,5.261551,15.44853,26.310495,5.14487,14.805314,26.50848,2.392758,13.052371,27.190882,1.921754,12.510365,26.023761,0.813341,12.313445,24.88553,-0.060541,12.853329,NaN,NaN,NaN
25.648592,5.341552,15.449859,26.20541,5.332695,15.430752,26.240776,5.222107,14.772925,26.440759,2.462069,13.047093,27.142316,1.992261,12.520745,26.008392,0.842211,12.295752,24.866141,-0.032778,12.861653,NaN,NaN,NaN
25.58631,5.414669,15.435403,26.135474,5.393663,15.437797,26.167322,5.256606,14.791019,26.38089,2.491524,13.102282,27.054631,2.062026,12.53011,25.933329,0.922576,12.249184,24.832714,0.002737,12.847983,NaN,NaN,NaN
25.54336,5.481773,15.41016,26.084918,5.495069,15.41567,26.107413,5.336686,14.779698,26.330297,2.557642,13.130768,27.034185,2.188037,12.525571,25.903417,0.935314,12.273805,24.794095,-0.010543,12.916525,NaN,NaN,NaN
25.452054,5.556113,15.396198,26.003407,5.554116,15.393148,26.011797,5.389791,14.807429,26.258719,2.618213,13.103641,26.941244,2.177736,12.581826,25.800409,1.065896,12.172521,24.779295,0.017227,12.910495,NaN,NaN,NaN
25.378959,5.601857,15.409961,25.909849,5.582396,15.439915,25.947337,5.481919,14.764567,26.155084,2.648304,13.128044,26.870929,2.257726,12.601508,25.793517,1.073116,12.202069,24.760163,0.036328,12.911483,NaN,NaN,NaN
25.290142,5.634746,15.4757,25.844783,5.662085,15.440026,25.879105,5.544184,14.777643,26.093691,2.756274,13.071276,26.801741,2.287836,12.580559,25.756177,1.027151,12.308392,24.738426,0.05808,12.909933,NaN,NaN,NaN
25.217075,5.72053,15.456427,25.747943,5.752435,15.449636,25.787402,5.617251,14.777716,26.011113,2.786325,13.128248,26.712808,2.392899,12.61975,25.678839,1.079446,12.350194,24.699187,0.106693,12.880461,NaN,NaN,NaN
25.152611,5.806832,15.464356,25.662074,5.841974,15.435619,25.716589,5.76219,14.735164,25.946084,2.91079,13.060391,26.62757,2.4658,12.616356,25.65317,1.207134,12.241986,24.673063,0.12227,12.89113,NaN,NaN,NaN
25.054038,5.902808,15.432625,25.589829,5.950719,15.385735,25.622931,5.864213,14.74962,25.832636,2.96865,13.065834,26.537272,2.585379,12.586087,25.583654,1.17198,12.383177,24.625578,0.110312,12.944392,NaN,NaN,NaN
24.946895,6.043926,15.346162,25.531847,6.054775,15.359063,25.540955,5.912909,14.778904,25.76603,3.054562,13.04169,26.46386,2.662231,12.621364,25.544239,1.314068,12.334053,24.60021,0.149766,12.933046,NaN,NaN,NaN
24.870238,6.126213,15.393135,25.39997,6.068302,15.433411,25.45121,6.059301,14.760939,25.68893,3.127608,13.091355,26.331988,2.756012,12.595101,25.476667,1.316382,12.395899,24.566021,0.205947,12.910692,NaN,NaN,NaN
24.76357,6.227548,15.397933,25.32182,6.226975,15.36638,25.358629,6.155586,14.724454,25.52395,3.295237,12.962471,26.248158,2.825517,12.58916,25.387981,1.396904,12.30438,24.54102,0.268667,12.896641,NaN,NaN,NaN
24.669358,6.280701,15.43401,25.199456,6.3177,15.418176,25.248086,6.23628,14.737409,25.434115,3.321583,13.032403,26.126161,2.943185,12.612551,25.270757,1.511142,12.245237,24.492613,0.31817,12.88092,NaN,NaN,NaN
24.550952,6.40605,15.434284,25.105271,6.445435,15.375181,25.141827,6.359383,14.733384,25.323558,3.434506,13.042429,26.031294,3.010778,12.645792,25.23429,1.571187,12.325113,24.421328,0.338492,12.917514,NaN,NaN,NaN
24.422556,6.53256,15.477412,24.982097,6.54367,15.407115,25.025777,6.472017,14.744834,25.194399,3.555516,13.038181,25.883313,3.119489,12.685308,25.131955,1.630922,12.36158,24.361873,0.43687,12.8979,NaN,NaN,NaN
24.320221,6.631018,15.410546,24.879345,6.660705,15.367134,24.930157,6.588768,14.686361,25.077085,3.673329,13.07649,25.722606,3.2607,12.651893,24.965896,1.773165,12.320553,24.284885,0.480059,12.953738,NaN,NaN,NaN
24.239959,6.74969,15.384247,24.73554,6.744513,15.433577,24.799781,6.687305,14.711456,24.934749,3.736538,13.081802,25.611782,3.372853,12.697437,24.882202,1.823474,12.382391,24.200612,0.627417,12.907714,NaN,NaN,NaN
24.109843,6.916804,15.347828,24.61743,6.884556,15.408913,24.649609,6.780756,14.766707,24.797155,3.821328,13.080054,25.477989,3.443426,12.660811,24.721455,1.965006,12.406455,24.081878,0.735159,12.935868,NaN,NaN,NaN
23.958619,7.039856,15.356001,24.467457,6.972688,15.410644,24.497802,6.910188,14.75557,24.655224,3.954224,13.130438,25.266616,3.591429,12.676853,24.604071,2.053496,12.424965,23.975794,0.829959,12.980603,NaN,NaN,NaN
23.816871,7.197433,15.305035,24.33623,7.131275,15.362961,24.381903,7.057652,14.704143,24.489264,4.103234,13.086882,25.138292,3.723128,12.661199,24.477977,2.137917,12.474071,24.067515,0.915224,13.64108,NaN,NaN,NaN
23.649978,7.295685,15.295903,24.210333,7.262052,15.344838,24.246291,7.165342,14.705019,24.334985,4.265846,13.100388,24.961716,3.867469,12.613834,24.308756,2.354652,12.399785,NaN,NaN,NaN,NaN,NaN,NaN
23.544671,7.373806,15.443356,24.066177,7.340482,15.40368,24.104904,7.23749,14.740836,24.164569,4.417039,13.080645,24.818391,4.01097,12.66132,24.137405,2.490252,12.46418,NaN,NaN,NaN,NaN,NaN,NaN
23.379334,7.500478,15.40071,23.917243,7.514662,15.356098,23.934382,7.373427,14.757595,23.974877,4.554975,13.037201,24.636944,4.170395,12.645329,23.954194,2.592949,12.542506,NaN,NaN,NaN,NaN,NaN,NaN
23.176178,7.690692,15.367545,23.749363,7.635062,15.381818,23.793373,7.562021,14.716702,23.798544,4.699824,13.027362,24.460827,4.314466,12.597763,23.772311,2.708171,12.543748,NaN,NaN,NaN,NaN,NaN,NaN
23.022701,7.838311,15.349857,23.567248,7.772593,15.354605,23.614621,7.707461,14.691772,23.601782,4.806859,13.079433,24.284116,4.457207,12.623146,23.543008,2.876013,12.560468,NaN,NaN,NaN,NaN,NaN,NaN
22.850483,7.93354,15.366874,23.403306,7.899914,15.382757,23.45665,7.84964,14.696132,23.427755,4.977171,13.0766,24.09059,4.588649,12.63335,23.305943,3.07045,12.624208,NaN,NaN,NaN,NaN,NaN,NaN
22.637558,8.142024,15.3285,23.202042,8.020154,15.390954,23.272947,7.991393,14.666919,23.283734,5.147422,13.069966,23.912714,4.757676,12.608467,23.156604,3.226908,12.615681,NaN,NaN,NaN,NaN,NaN,NaN
22.456954,8.30093,15.307777,22.994045,8.164497,15.410483,23.087216,8.175066,14.649378,23.022897,5.279293,13.09249,23.726153,4.943556,12.559911,22.903939,3.370018,12.609749,NaN,NaN,NaN,NaN,NaN,NaN
22.28436,8.43593,15.31369,22.833084,8.369933,15.337259,22.892544,8.264166,14.702382,22.831744,5.471293,13.0818,23.512087,5.054252,12.631194,22.644778,3.564529,12.573208,NaN,NaN,NaN,NaN,NaN,NaN
22.066624,8.638848,15.299955,22.646363,8.508039,15.359525,22.68065,8.389747,14.721001,22.612261,5.700169,13.017621,23.307279,5.19165,12.686378,22.406962,3.738267,12.628134,NaN,NaN,NaN,NaN,NaN,NaN
21.892874,8.697636,15.413462,22.43549,8.643154,15.349602,22.474024,8.543727,14.710992,22.409328,5.810938,13.087365,23.065217,5.334835,12.736668,22.17631,3.926033,12.662708,NaN,NaN,NaN,NaN,NaN,NaN
21.680626,8.831657,15.405725,22.232336,8.848326,15.311995,22.280632,8.757893,14.656147,22.209186,5.992409,13.0234,22.81695,5.606882,12.554364,21.851603,4.135356,12.684596,NaN,NaN,NaN,NaN,NaN,NaN
21.439804,9.048577,15.330443,22.016485,9.003969,15.314724,22.07229,8.913955,14.641354,21.929391,6.128712,13.111674,22.66516,5.761931,12.505584,21.555004,4.292139,12.672388,NaN,NaN,NaN,NaN,NaN,NaN
21.280233,9.241756,15.327612,21.782623,9.139447,15.354006,21.853283,9.06244,14.641476,21.720695,6.431345,12.976856,22.363743,5.904122,12.564086,21.270049,4.540567,12.580842,NaN,NaN,NaN,NaN,NaN,NaN
21.045254,9.337612,15.385307,21.569196,9.302778,15.329204,21.573723,9.149531,14.796556,21.482369,6.530136,13.069729,22.167707,6.058418,12.517218,20.999948,4.73892,12.590896,NaN,NaN,NaN,NaN,NaN,NaN
20.839894,9.481593,15.364974,21.352238,9.459331,15.30143,21.386851,9.343741,14.688954,21.230548,6.711438,13.012716,21.91996,6.223251,12.466395,20.714006,4.907713,12.548937,NaN,NaN,NaN,NaN,NaN,NaN
20.533445,9.715928,15.306671,21.123846,9.610297,15.28806,21.179782,9.546803,14.633003,21.011476,6.906404,13.0236,21.636114,6.413961,12.440109,20.380884,5.169332,12.470356,NaN,NaN,NaN,NaN,NaN,NaN
20.29573,9.822135,15.373498,20.858795,9.746728,15.366183,20.890147,9.636957,14.772722,20.773617,7.076779,13.074772,21.375931,6.553826,12.41851,20.102227,5.313617,12.551168,NaN,NaN,NaN,NaN,NaN,NaN
20.044774,9.925557,15.410338,20.632254,9.926933,15.328122,20.632471,9.760874,14.808693,20.522297,7.267669,13.025773,21.085998,6.750458,12.412001,19.767978,5.575,12.48155,NaN,NaN,NaN,NaN,NaN,NaN
19.842856,10.106287,15.334179,20.393717,10.08033,15.323719,20.419733,9.95413,14.727895,20.278865,7.424183,13.004625,20.856644,6.916874,12.355583,19.523681,5.788375,12.415947,NaN,NaN,NaN,NaN,NaN,NaN
19.619933,10.234358,15.368255,20.145749,10.204121,15.374,20.181544,10.13098,14.714699,20.029806,7.569249,13.003256,20.60017,6.968827,12.441062,19.185144,5.987629,12.400231,NaN,NaN,NaN,NaN,NaN,NaN
19.318899,10.425358,15.336739,19.889443,10.340542,15.393735,19.916929,10.22668,14.812377,19.782628,7.756173,12.934816,20.324443,7.153881,12.384826,18.918456,6.164453,12.470195,NaN,NaN,NaN,NaN,NaN,NaN
19.054493,10.559882,15.371941,19.63222,10.444513,15.451186,19.684036,10.392967,14.752039,19.499193,7.85352,13.013226,20.067483,7.381193,12.277032,18.567915,6.444857,12.300782,NaN,NaN,NaN,NaN,NaN,NaN
18.807844,10.629346,15.374747,19.338445,10.574238,15.487997,19.349376,10.547705,14.748234,19.195758,8.009203,12.994661,19.769624,7.489167,12.367682,18.268361,6.649731,12.245849,NaN,NaN,NaN,NaN,NaN,NaN
18.500729,10.835972,15.307938,19.089579,10.774147,15.417646,19.092026,10.791811,14.609196,18.933221,8.204955,12.945263,19.486283,7.618429,12.337108,17.947716,6.820624,12.327252,NaN,NaN,NaN,NaN,NaN,NaN
18.25851,11.022757,15.300074,18.785172,10.839822,15.499896,18.870706,10.782313,14.732115,18.675215,8.338976,12.92282,19.215436,7.769632,12.317098,17.613031,7.083567,12.169921,NaN,NaN,NaN,NaN,NaN,NaN
17.997052,11.125718,15.364195,18.507164,10.971675,15.535856,18.587816,10.951146,14.752984,18.412618,8.501025,12.926487,18.925215,7.896086,12.301463,17.3378,7.15224,12.295632,NaN,NaN,NaN,NaN,NaN,NaN
17.682274,11.275641,15.360331,18.247166,11.10717,15.572531,18.316114,11.162602,14.705011,18.118007,8.599031,12.923928,18.6493,8.026391,12.275143,17.020012,7.380156,12.163463,NaN,NaN,NaN,NaN,NaN,NaN
17.434001,11.39883,15.400124,17.98919,11.26486,15.510168,18.046663,11.328392,14.622679,17.828647,8.739702,12.885098,18.397798,8.196519,12.213543,16.71357,7.53624,12.156926,NaN,NaN,NaN,NaN,NaN,NaN
17.143738,11.458186,15.530831,17.734021,11.39281,15.522439,17.784434,11.456384,14.628997,17.547159,8.838128,12.924582,18.073374,8.255292,12.227556,16.427969,7.640084,12.264556,NaN,NaN,NaN,NaN,NaN,NaN
16.826335,11.572913,15.512023,17.424451,11.59261,15.395735,17.518086,11.497233,14.719599,17.289275,8.995801,12.842925,17.795359,8.416473,12.213886,16.175709,7.884741,12.15226,NaN,NaN,NaN,NaN,NaN,NaN
16.638781,11.791756,15.349013,17.159913,11.680462,15.460735,17.238041,11.69286,14.693793,17.029247,9.12354,12.838395,17.50089,8.496877,12.225574,15.893692,8.007548,12.128923,NaN,NaN,NaN,NaN,NaN,NaN
16.408799,11.929265,15.276817,16.912288,11.767269,15.529651,17.005059,11.807202,14.719039,16.734718,9.181428,12.881567,17.258976,8.631778,12.128333,15.52421,8.101158,12.203023,NaN,NaN,NaN,NaN,NaN,NaN
16.129517,12.049802,15.282899,16.676592,12.030633,15.315602,16.704648,11.945436,14.718581,16.481419,9.307731,12.878294,16.924991,8.66399,12.243961,15.285586,8.297771,12.090891,NaN,NaN,NaN,NaN,NaN,NaN
15.841819,12.124543,15.317767,16.393418,12.131017,15.354928,16.470138,12.039284,14.74459,16.209497,9.427051,12.873591,16.665977,8.786396,12.16931,15.028383,8.422996,12.123551,NaN,NaN,NaN,NaN,NaN,NaN
15.590167,12.252392,15.327427,16.151691,12.245551,15.318856,16.238717,12.103489,14.742447,15.932334,9.469337,12.902795,16.391074,8.873714,12.153448,14.745768,8.518557,12.08358,NaN,NaN,NaN,NaN,NaN,NaN
15.252817,12.332711,15.34523,15.886575,12.27961,15.404386,15.963232,12.135573,14.845757,15.665039,9.583224,12.847393,16.075757,8.947814,12.125934,14.405255,8.617852,12.080449,NaN,NaN,NaN,NaN,NaN,NaN
15.02256,12.436719,15.363181,15.624627,12.374742,15.470083,15.696117,12.318778,14.708658,15.378646,9.71284,12.881543,15.813012,9.023223,12.136779,14.19466,8.71664,12.09672,NaN,NaN,NaN,NaN,NaN,NaN
14.755949,12.509465,15.424267,15.357262,12.491889,15.417743,15.421007,12.506349,14.658623,15.159283,9.748301,12.878824,15.549963,9.103002,12.122959,13.848771,8.825932,12.11253,NaN,NaN,NaN,NaN,NaN,NaN
14.491393,12.603233,15.409144,15.112484,12.573253,15.507863,15.150475,12.535415,14.753301,14.887206,9.833127,12.871316,15.295366,9.22327,12.054554,13.579852,8.934774,12.109128,NaN,NaN,NaN,NaN,NaN,NaN
14.273461,12.754841,15.29016,14.915959,12.69139,15.431109,14.891915,12.673448,14.689476,14.634721,9.930287,12.808352,15.006636,9.261954,12.066634,13.32056,8.954276,12.215587,NaN,NaN,NaN,NaN,NaN,NaN
13.993061,12.856376,15.276813,14.625345,12.793368,15.404369,14.679078,12.708422,14.794085,14.361223,9.971083,12.838113,14.72834,9.334731,12.106591,13.051853,9.049363,12.127239,NaN,NaN,NaN,NaN,NaN,NaN
13.810296,12.926563,15.300365,14.34497,12.88148,15.433619,14.409707,12.890339,14.66297,14.06627,10.041899,12.811755,14.446646,9.352373,12.119457,12.767695,9.090706,12.186002,NaN,NaN,NaN,NaN,NaN,NaN
13.512852,13.006711,15.325847,14.101907,13.042193,15.30701,14.171275,12.915435,14.775897,13.808459,10.085703,12.867146,14.193518,9.43332,12.073137,12.513928,9.101979,12.270911,NaN,NaN,NaN,NaN,NaN,NaN
13.268768,13.052039,15.303904,13.913389,13.056278,15.313213,13.915894,12.933928,14.817313,13.59962,10.242701,12.711711,13.905778,9.447945,12.122331,12.225348,9.181588,12.231487,NaN,NaN,NaN,NaN,NaN,NaN
13.039407,13.064217,15.391706,13.607537,13.080388,15.421057,13.658576,13.056897,14.737805,13.331809,10.261394,12.776177,13.630628,9.479829,12.106861,11.981819,9.197405,12.286341,NaN,NaN,NaN,NaN,NaN,NaN
12.77662,13.167739,15.331476,13.324495,13.207959,15.35213,13.404908,13.104064,14.784107,13.088197,10.284749,12.756604,13.357133,9.555643,12.088618,11.721004,9.321177,12.198612,NaN,NaN,NaN,NaN,NaN,NaN
12.484608,13.114403,15.550549,13.12446,13.276245,15.297958,13.150574,13.160245,14.779001,12.818118,10.262574,12.825686,13.093064,9.575689,12.097702,11.422979,9.363838,12.224654,NaN,NaN,NaN,NaN,NaN,NaN
12.292514,13.297608,15.289034,12.805482,13.298458,15.390782,12.940114,13.265747,14.733296,12.562977,10.312663,12.808801,12.873241,9.640234,12.037482,11.204098,9.377427,12.271922,NaN,NaN,NaN,NaN,NaN,NaN
12.048802,13.325111,15.33939,12.607917,13.374619,15.386498,12.667036,13.349833,14.676478,12.321826,10.469203,12.654014,12.589827,9.635886,12.105926,10.945083,9.409501,12.248427,NaN,NaN,NaN,NaN,NaN,NaN
11.838712,13.381891,15.306197,12.361975,13.463311,15.262472,12.442281,13.378388,14.684545,12.047762,10.469011,12.699209,12.329168,9.663802,12.08664,10.708099,9.468915,12.246035,NaN,NaN,NaN,NaN,NaN,NaN
11.512472,13.41681,15.343028,12.10293,13.430341,15.401859,12.175766,13.426182,14.707604,11.802762,10.512118,12.692581,12.057741,9.67755,12.122988,10.422575,9.545955,12.195434,NaN,NaN,NaN,NaN,NaN,NaN
11.286621,13.455319,15.343,11.830864,13.494532,15.427297,11.92895,13.49194,14.685427,11.546823,10.541103,12.703844,11.82562,9.730301,12.077636,10.188858,9.501679,12.312177,NaN,NaN,NaN,NaN,NaN,NaN
11.034137,13.53624,15.275454,11.612275,13.598904,15.319442,11.670896,13.441952,14.797716,11.256568,10.502509,12.77679,11.575371,9.756634,12.07493,9.905515,9.534813,12.29093,NaN,NaN,NaN,NaN,NaN,NaN
10.749146,13.534924,15.339272,11.336674,13.56448,15.417136,11.435524,13.531266,14.693851,11.091284,10.54584,12.781577,11.319778,9.768013,12.068188,9.666079,9.560526,12.268181,NaN,NaN,NaN,NaN,NaN,NaN
10.50293,13.59289,15.323582,11.142558,13.607731,15.371476,11.220721,13.562985,14.735751,10.821743,10.575613,12.724147,11.057249,9.767939,12.080776,9.423956,9.571615,12.310879,NaN,NaN,NaN,NaN,NaN,NaN
10.308851,13.566139,15.358336,10.887668,13.681573,15.355873,10.921957,13.577036,14.694676,10.620784,10.588073,12.713445,10.806566,9.785638,12.08072,9.17247,9.545746,12.353319,NaN,NaN,NaN,NaN,NaN,NaN
10.04332,13.589599,15.376315,10.685248,13.723688,15.331735,10.717794,13.67116,14.628698,10.317944,10.541225,12.830396,10.548964,9.77439,12.113902,8.919704,9.541075,12.348685,NaN,NaN,NaN,NaN,NaN,NaN
9.830577,13.672816,15.244747,10.372262,13.712166,15.335788,10.48072,13.700167,14.635551,10.112725,10.653745,12.702861,10.315625,9.808232,12.077025,8.675434,9.557962,12.332122,NaN,NaN,NaN,NaN,NaN,NaN
9.538146,13.557646,15.416275,10.174189,13.73432,15.289853,10.252538,13.695491,14.642627,9.85051,10.609142,12.766666,10.04921,9.800733,12.106079,8.442944,9.54645,12.395776,NaN,NaN,NaN,NaN,NaN,NaN
9.34925,13.597895,15.394033,9.943805,13.676092,15.449259,9.979432,13.671206,14.699217,9.592022,10.609902,12.686976,9.83227,9.840463,12.033903,8.173002,9.556069,12.315737,NaN,NaN,NaN,NaN,NaN,NaN
9.146731,13.646833,15.33066,9.680663,13.716466,15.387036,9.762971,13.731952,14.650447,9.369064,10.66509,12.635218,9.55552,9.79233,12.113067,7.889131,9.624105,12.279023,NaN,NaN,NaN,NaN,NaN,NaN
8.887261,13.631397,15.384318,9.450368,13.696708,15.402377,9.52627,13.718276,14.618139,9.0754,10.587635,12.704657,9.319345,9.77293,12.113043,7.661411,9.527963,12.336564,NaN,NaN,NaN,NaN,NaN,NaN
8.650004,13.615155,15.340493,9.172815,13.697507,15.394598,9.276594,13.714412,14.630628,8.832845,10.591123,12.683315,9.040996,9.724754,12.159106,7.44533,9.502979,12.361227,NaN,NaN,NaN,NaN,NaN,NaN
8.389718,13.561921,15.437476,8.939473,13.710475,15.355591,9.010333,13.640198,14.664342,8.591603,10.592106,12.663358,8.795024,9.705842,12.13766,7.202785,9.469751,12.401817,NaN,NaN,NaN,NaN,NaN,NaN
8.15369,13.597482,15.402009,8.658877,13.75536,15.303203,8.790884,13.666372,14.689145,8.36517,10.55879,12.765656,8.538977,9.699167,12.143087,6.925447,9.468391,12.410465,NaN,NaN,NaN,NaN,NaN,NaN
7.881331,13.63333,15.358301,8.479248,13.672516,15.42017,8.543282,13.666798,14.698642,8.129297,10.527118,12.758946,8.282478,9.675332,12.117725,6.664694,9.428493,12.392316,NaN,NaN,NaN,NaN,NaN,NaN
7.705302,13.58661,15.274656,8.23236,13.70051,15.343877,8.313008,13.675476,14.660133,7.864582,10.479514,12.75821,8.032495,9.649136,12.113607,6.393773,9.465397,12.303124,NaN,NaN,NaN,NaN,NaN,NaN
7.458882,13.670485,15.241105,8.014703,13.74844,15.280204,8.109191,13.71194,14.580031,7.631838,10.542768,12.671104,7.769137,9.599635,12.152213,6.176104,9.371316,12.434921,NaN,NaN,NaN,NaN,NaN,NaN
7.20202,13.531259,15.368257,7.733501,13.680948,15.318919,7.839062,13.644772,14.625241,7.385575,10.440169,12.709938,7.545203,9.570025,12.139667,5.894541,9.355114,12.386245,NaN,NaN,NaN,NaN,NaN,NaN
6.914494,13.503027,15.374825,7.509989,13.65354,15.346281,7.61301,13.599742,14.647353,7.126968,10.432434,12.714345,7.270831,9.524031,12.181878,5.668019,9.280547,12.400475,NaN,NaN,NaN,NaN,NaN,NaN
6.723271,13.481184,15.34562,7.237878,13.533874,15.405857,7.348114,13.56359,14.680395,6.871839,10.34355,12.780586,6.995849,9.452083,12.199865,5.377603,9.296095,12.347088,NaN,NaN,NaN,NaN,NaN,NaN
6.507536,13.447164,15.311971,7.022838,13.545705,15.351838,7.120915,13.532356,14.623267,6.643493,10.274008,12.787669,6.760327,9.462712,12.13298,5.136602,9.182292,12.421808,NaN,NaN,NaN,NaN,NaN,NaN
6.255161,13.475844,15.263585,6.792302,13.555587,15.256751,6.886619,13.500198,14.596911,6.399891,10.284328,12.760973,6.491908,9.394236,12.161775,4.881823,9.085825,12.444266,NaN,NaN,NaN,NaN,NaN,NaN
6.021717,13.346996,15.323756,6.58242,13.508744,15.35059,6.646536,13.4415,14.654438,6.12039,10.204858,12.770099,6.234531,9.341595,12.172466,4.643878,9.077754,12.432384,NaN,NaN,NaN,NaN,NaN,NaN
5.802839,13.335582,15.260124,6.231729,13.343208,15.466777,6.412073,13.43532,14.634212,5.824555,10.1911,12.676847,5.968753,9.271672,12.192003,4.402295,9.010944,12.490404,NaN,NaN,NaN,NaN,NaN,NaN
5.581843,13.282606,15.287823,6.072013,13.396462,15.327888,6.177501,13.389897,14.591834,5.587746,10.083481,12.743903,5.733369,9.253123,12.179933,4.077482,8.95571,12.42687,NaN,NaN,NaN,NaN,NaN,NaN
5.343548,13.269402,15.273532,5.780484,13.269961,15.428449,5.975722,13.398532,14.514657,5.321176,10.021455,12.790646,5.422972,9.126203,12.275643,3.848136,8.822826,12.501331,NaN,NaN,NaN,NaN,NaN,NaN
5.112516,13.200543,15.259663,5.582803,13.25158,15.386037,5.700641,13.258403,14.615402,5.072769,9.931635,12.673366,5.200511,9.119397,12.16164,3.575445,8.778559,12.452845,NaN,NaN,NaN,NaN,NaN,NaN
4.883006,13.139145,15.245103,5.356245,13.185153,15.347756,5.457845,13.201963,14.588859,4.803619,9.909105,12.691055,4.889934,8.989403,12.252238,3.348787,8.700726,12.456096,NaN,NaN,NaN,NaN,NaN,NaN
4.619102,13.045425,15.246602,5.128553,13.153193,15.298198,5.210175,13.150768,14.59276,4.526563,9.830334,12.705515,4.659135,8.957345,12.185563,3.062333,8.663137,12.451921,NaN,NaN,NaN,NaN,NaN,NaN
4.357587,12.952826,15.296199,4.846629,13.106096,15.307554,4.990111,13.07482,14.601452,4.244853,9.71171,12.797339,4.392983,8.864201,12.204843,2.771173,8.581071,12.424148,NaN,NaN,NaN,NaN,NaN,NaN
4.162711,12.909752,15.250278,4.633822,13.078648,15.215867,4.750995,13.011028,14.565873,4.008811,9.585546,12.846268,4.108869,8.768542,12.303067,2.530077,8.460162,12.484908,1.331606,8.665564,13.077109,NaN,NaN,NaN
3.933064,12.849507,15.23377,4.431512,12.968098,15.285403,4.470114,12.921834,14.600841,3.781359,9.603491,12.723525,3.842964,8.759023,12.176543,2.274551,8.324862,12.520093,1.13818,8.64,13.078579,NaN,NaN,NaN
3.619888,12.658208,15.349465,4.177466,12.978395,15.150587,4.249727,12.882237,14.581266,3.526314,9.498073,12.732335,3.633217,8.681453,12.223777,1.998384,8.260284,12.51388,0.947889,8.645429,12.988002,NaN,NaN,NaN
3.41632,12.601819,15.372684,3.957983,12.878803,15.205306,3.992212,12.764091,14.632087,3.260383,9.381872,12.719849,3.304803,8.563846,12.251577,1.696438,8.12636,12.523461,0.566732,8.334156,13.117624,NaN,NaN,NaN
3.155058,12.532975,15.327756,3.760193,12.778375,15.200567,3.761052,12.701204,14.593863,3.002061,9.270988,12.833711,3.053026,8.42968,12.269511,1.454175,8.054217,12.520188,0.283844,8.194987,13.120195,NaN,NaN,NaN
2.921334,12.466122,15.260475,3.497668,12.668653,15.222306,3.551632,12.595895,14.568476,2.773636,9.238666,12.72202,2.79188,8.36027,12.205144,1.243803,7.967406,12.520149,0.014789,8.068536,13.128653,NaN,NaN,NaN
2.682787,12.369489,15.235712,3.262904,12.509831,15.345383,3.313032,12.540087,14.536379,2.485367,9.087564,12.74021,2.534249,8.262169,12.256426,1.014945,7.821673,12.521657,-0.230083,7.973857,13.162334,NaN,NaN,NaN
2.478029,12.284235,15.23705,2.964919,12.420594,15.28651,3.054164,12.435294,14.547251,2.244159,8.986652,12.762645,2.261,8.154504,12.294927,0.7162,7.613937,12.61065,-0.471047,7.883415,13.101296,NaN,NaN,NaN
2.267446,12.242284,15.230172,2.758343,12.323901,15.270652,2.822651,12.326549,14.567747,1.950754,8.861079,12.804153,2.001022,7.990972,12.359442,0.465096,7.542344,12.575829,-0.727089,7.73502,13.118336,NaN,NaN,NaN
1.955939,12.075268,15.242285,2.496294,12.231181,15.225527,2.558374,12.213307,14.563842,1.734455,8.729639,12.787313,1.739235,7.952917,12.258672,0.22259,7.441668,12.598533,-0.998632,7.55593,13.14786,NaN,NaN,NaN
1.692438,11.948625,15.258571,2.291782,12.105293,15.250325,2.342386,12.13754,14.522633,1.466917,8.594006,12.802081,1.511472,7.810326,12.250267,-0.032412,7.295009,12.61463,-1.237329,7.406839,13.172248,NaN,NaN,NaN
1.518966,11.932898,15.171676,2.067012,12.010814,15.24638,2.111403,12.02592,14.51059,1.220737,8.515336,12.751802,1.245019,7.748848,12.250765,-0.305647,7.136286,12.619152,-1.47462,7.301567,13.108735,NaN,NaN,NaN
1.278397,11.795624,15.123381,1.777587,11.904039,15.221606,1.85786,11.868685,14.567675,0.972854,8.389409,12.772122,0.981201,7.564358,12.306542,-0.562066,7.005609,12.602214,-1.732242,7.153039,13.1009,NaN,NaN,NaN
1.04297,11.657085,15.15866,1.557015,11.728811,15.323479,1.60118,11.731,14.553883,0.724567,8.269013,12.791044,0.69652,7.4361,12.301801,-0.823588,6.831177,12.57267,-1.995459,6.964097,13.136139,NaN,NaN,NaN
0.744832,11.501644,15.194737,1.315318,11.647518,15.26194,1.35484,11.64873,14.537922,0.461819,8.142458,12.797165,0.497696,7.274764,12.398146,-1.019216,6.695607,12.632426,-2.231597,6.83484,13.167787,NaN,NaN,NaN
0.550582,11.404484,15.226531,1.090663,11.538962,15.242239,1.123994,11.512607,14.563966,0.226755,8.011982,12.777351,0.270866,7.135881,12.396689,-1.273721,6.538663,12.63863,-2.477301,6.696022,13.116892,NaN,NaN,NaN
0.323022,11.224607,15.210821,0.833958,11.456042,15.178725,0.881716,11.392706,14.49701,-0.046425,7.817242,12.808104,-0.009693,6.999397,12.399637,-1.547791,6.2765,12.717688,-2.739689,6.494046,13.150245,NaN,NaN,NaN
0.035558,11.129881,15.184339,0.634586,11.331506,15.118161,0.653749,11.285192,14.450547,-0.332504,7.669516,12.805445,-0.274176,6.880501,12.372877,-1.758148,6.139706,12.619044,-3.013633,6.289079,13.16189,NaN,NaN,NaN
-0.226548,10.978299,15.193864,0.334302,11.062467,15.25284,0.388577,11.08487,14.543658,-0.535999,7.56099,12.769226,-0.522781,6.785451,12.322538,-1.991139,5.967233,12.64868,-3.305598,6.066993,13.24078,NaN,NaN,NaN
-0.46269,10.899093,15.093518,0.10373,10.964271,15.216756,0.150043,10.91034,14.565408,-0.788383,7.42471,12.734217,-0.785219,6.628258,12.346439,-2.264839,5.837039,12.669283,-3.567238,5.905837,13.225672,NaN,NaN,NaN
-0.719488,10.701423,15.147816,-0.230119,10.819741,15.203822,-0.054839,10.80104,14.498813,-1.030741,7.252911,12.841017,-1.033521,6.478765,12.301292,-2.492811,5.732234,12.655981,-3.80482,5.72311,13.241943,NaN,NaN,NaN
-0.921607,10.532859,15.128969,-0.433775,10.680485,15.172918,-0.31982,10.641371,14.520352,-1.303756,7.117295,12.807763,-1.258837,6.302441,12.348292,-2.760217,5.461887,12.744123,-4.038565,5.550562,13.194655,NaN,NaN,NaN
-1.177067,10.363479,15.143884,-0.679366,10.554179,15.153182,-0.568417,10.515396,14.464675,-1.518823,6.950894,12.802579,-1.529642,6.128226,12.383048,-2.98263,5.405322,12.576007,-4.233684,5.410022,13.115614,NaN,NaN,NaN
-1.462417,10.230334,15.126479,-0.916051,10.356034,15.166877,-0.831912,10.348405,14.470117,-1.751258,6.78969,12.793008,-1.767968,5.939668,12.372039,-3.247584,5.219873,12.55353,-4.465073,5.222524,13.102892,NaN,NaN,NaN
-1.691742,10.144456,14.994561,-1.150253,10.196293,15.160483,-1.079786,10.159487,14.552014,-2.01228,6.612626,12.748937,-2.048242,5.794458,12.360624,-3.496408,4.984123,12.623316,-4.704988,5.054523,13.084297,NaN,NaN,NaN
-1.902449,9.998562,14.963932,-1.493143,10.0001,15.231199,-1.279557,10.036268,14.450175,-2.251998,6.459077,12.762716,-2.279383,5.621842,12.378275,-3.687332,4.836829,12.523319,-4.952952,4.841382,13.108779,NaN,NaN,NaN
-2.237569,9.727505,15.108782,-1.678418,9.828055,15.26897,-1.577895,9.906432,14.381625,-2.550727,6.255362,12.79126,-2.474468,5.430938,12.386872,-3.937011,4.638273,12.573918,-5.207855,4.609985,13.122684,NaN,NaN,NaN
-2.430804,9.639181,15.024017,-1.919935,9.676864,15.219641,-1.817669,9.759923,14.365844,-2.78719,6.064076,12.817174,-2.775942,5.236147,12.432856,-4.157615,4.436786,12.643684,-5.46961,4.386645,13.097683,NaN,NaN,NaN
-2.656402,9.485106,15.018658,-2.167042,9.500185,15.228547,-2.061893,9.528333,14.404786,-3.035388,5.861961,12.816507,-2.975416,5.061916,12.416232,-4.441406,4.191829,12.746139,-5.676353,4.22166,13.067879,NaN,NaN,NaN
-2.954916,9.258607,14.962315,-2.444116,9.354974,15.160527,-2.308365,9.345415,14.428456,-3.295165,5.655657,12.834896,-3.226228,4.901159,12.402402,-4.660925,4.019357,12.607858,-5.892356,4.040246,13.048312,NaN,NaN,NaN
-3.191267,9.0488,14.992022,-2.690285,9.188916,15.071392,-2.538745,9.25565,14.265931,-3.494501,5.535595,12.76497,-3.467531,4.723212,12.350628,-4.913308,3.804688,12.61006,-6.127807,3.798702,13.0467,NaN,NaN,NaN
-3.442478,8.850817,15.018578,-2.977826,8.956594,15.0775,-2.877777,8.96441,14.391636,-3.720505,5.31025,12.786604,-3.749629,4.489236,12.404898,-5.172029,3.596588,12.587874,-6.378965,3.558169,13.070501,NaN,NaN,NaN
-3.691334,8.707298,14.93445,-3.242661,8.692255,15.241627,-3.110954,8.841105,14.318021,-4.013333,5.110322,12.747519,-3.95353,4.276568,12.368108,-5.346159,3.359753,12.67816,-6.625403,3.320732,13.049568,NaN,NaN,NaN
-3.928835,8.470124,15.033815,-3.51002,8.512585,15.158281,-3.341127,8.625517,14.327539,-4.228508,4.989877,12.664897,-4.211649,4.082464,12.389015,-5.554131,3.187877,12.597036,-6.848903,3.088497,13.024069,NaN,NaN,NaN
-4.225238,8.281603,14.901833,-3.730346,8.417389,15.039657,-3.599196,8.450843,14.222094,-4.477503,4.778423,12.699078,-4.461678,3.850629,12.402535,-5.814951,3.042212,12.579369,-7.088228,2.837707,13.010727,NaN,NaN,NaN
-4.469954,8.07158,14.944966,-3.986264,8.194363,15.110742,-3.834619,8.249781,14.306318,-4.70763,4.499079,12.719827,-4.656242,3.739001,12.320461,-6.104061,2.713491,12.631125,-7.306042,2.614616,12.987169,NaN,NaN,NaN
-4.746702,7.809624,14.982596,-4.261578,7.947226,15.133085,-4.125026,7.980321,14.313678,-4.958667,4.277275,12.706999,-4.949225,3.458969,12.365937,-6.289202,2.510592,12.595128,-7.553699,2.365113,12.980092,NaN,NaN,NaN
-5.011761,7.632676,14.911662,-4.507375,7.726401,15.121588,-4.363356,7.743143,14.375576,-5.261203,4.020046,12.759601,-5.170885,3.190429,12.413074,-6.511436,2.294168,12.559,-7.778093,2.147116,12.924419,NaN,NaN,NaN
-5.236244,7.482137,14.803034,-4.728519,7.557393,15.024569,-4.605451,7.662599,14.240398,-5.438728,3.876354,12.752791,-5.405464,3.027335,12.388675,-6.769229,1.97684,12.661359,-7.995009,1.909562,12.906047,NaN,NaN,NaN
-5.432132,7.30103,14.832363,-5.00498,7.321812,15.046786,-4.865712,7.405417,14.236663,-5.735235,3.599581,12.726115,-5.644558,2.834409,12.360778,-6.973984,1.776661,12.54477,-8.215674,1.680599,12.894695,NaN,NaN,NaN
-5.739929,7.009886,14.874498,-5.31394,7.043018,15.086267,-5.145328,7.116732,14.305642,-5.953663,3.364709,12.671125,-5.898698,2.570247,12.314818,-7.204042,1.55391,12.516079,-8.469071,1.406518,12.89438,NaN,NaN,NaN
-5.98238,6.81003,14.865069,-5.591914,6.792268,15.13302,-5.406649,6.904465,14.231178,-6.180626,3.157261,12.690929,-6.104959,2.40257,12.307949,-7.431635,1.387893,12.482747,-8.720585,1.128978,12.884138,NaN,NaN,NaN
-6.255813,6.534061,14.924277,-5.854835,6.53614,15.133368,-5.65005,6.651283,14.337517,-6.435172,2.964185,12.622281,-6.290387,2.128421,12.298659,-7.648944,1.159662,12.41533,-8.953213,0.904878,12.810866,NaN,NaN,NaN
-6.533619,6.262181,14.953693,-6.096025,6.353865,15.16494,-5.862669,6.506325,14.190926,-6.626885,2.713901,12.61235,-6.527238,1.966668,12.193021,-7.86586,1.025497,12.333608,-9.197823,0.675625,12.826556,NaN,NaN,NaN
-6.805273,6.20061,14.740518,-6.257513,6.248554,15.024113,-6.136052,6.237374,14.249507,-6.812946,2.554359,12.525628,-6.655457,1.807703,12.083886,-8.068241,0.870705,12.287795,-9.399978,0.541602,12.827823,NaN,NaN,NaN
-6.943781,6.035861,14.635617,-6.525707,6.073751,14.909861,-6.361508,6.133204,14.105486,-6.944012,2.465742,12.398538,-6.867925,1.573018,12.081664,-8.224823,0.769049,12.254002,-9.556123,0.444062,12.835093,NaN,NaN,NaN
-7.253811,5.766227,14.692424,-6.769245,5.873031,14.931106,-6.651055,5.875417,14.162959,-7.109514,2.288588,12.33567,-6.935735,1.517936,11.904765,-8.400151,0.696434,12.156543,-9.666087,0.340261,12.865744,NaN,NaN,NaN
-7.513793,5.471767,14.835866,-7.021371,5.715022,14.908161,-6.918026,5.735438,14.040275,-7.278112,2.182422,12.283576,-7.089407,1.408303,11.897906,-8.51588,0.532763,12.188983,-9.754046,0.281166,12.852788,NaN,NaN,NaN
-7.735011,5.389824,14.717352,-7.293115,5.477084,14.908882,-7.15157,5.526743,14.095167,-7.417657,2.009184,12.326598,-7.171789,1.278072,11.740315,-8.631973,0.43597,12.187001,-9.844718,0.171494,12.876932,NaN,NaN,NaN
-7.9598,5.20325,14.712446,-7.51049,5.296573,14.876115,-7.368617,5.310653,14.101672,-7.574699,1.88849,12.280863,-7.269758,1.113537,11.728067,-8.692257,0.363984,12.152408,-9.889295,0.151956,12.835738,NaN,NaN,NaN
-8.202107,5.034195,14.716987,-7.733706,5.147812,14.851752,-7.5878,5.178091,14.075249,-7.645671,1.792459,12.212868,-7.307588,1.101194,11.548815,-8.724027,0.336973,12.108913,-9.902055,0.150785,12.8201,NaN,NaN,NaN
-8.434753,4.779367,14.769662,-7.96987,4.969913,14.774618,-7.805464,5.030057,14.033831,-7.666841,1.709992,12.206051,-7.309072,0.978677,11.554338,-8.719911,0.277029,12.077161,-9.895888,0.149243,12.804591,NaN,NaN,NaN
-8.647516,4.668061,14.701581,-8.222537,4.75299,14.892222,-8.062731,4.870278,14.022983,-7.709955,1.729512,12.109483,-7.261659,1.034152,11.482133,-8.731188,0.265288,11.991685,-9.88976,0.148199,12.789601,NaN,NaN,NaN
-8.894432,4.500905,14.622544,-8.443399,4.576084,14.957137,-8.237189,4.728042,13.978429,-7.762636,1.668265,12.148762,-7.339114,0.938689,11.600449,-8.715047,0.215009,12.042519,-9.885156,0.14401,12.779474,NaN,NaN,NaN
-9.063709,4.38212,14.618226,-8.633146,4.360305,14.985773,-8.458218,4.531595,14.061271,-7.811004,1.617232,12.18972,-7.403644,0.9377,11.580329,-8.727688,0.208476,12.04347,-9.8883,0.130408,12.784222,NaN,NaN,NaN
-9.27898,4.18105,14.669535,-8.806982,4.244812,14.922464,-8.685455,4.400188,13.995755,-7.915544,1.63999,12.15611,-7.364892,0.985424,11.521189,-8.755865,0.246348,12.040768,-9.893118,0.123652,12.784095,NaN,NaN,NaN
-9.466488,4.044353,14.647828,-8.98412,4.183187,14.782533,-8.878191,4.287422,13.965596,-7.961582,1.553886,12.291205,-7.421966,0.93469,11.619262,-8.755269,0.212366,12.089735,-9.89231,0.125263,12.782338,NaN,NaN,NaN
-9.596147,3.925371,14.597428,-9.190818,4.10305,14.695592,-9.016993,4.203964,13.925783,-8.020391,1.545609,12.34365,-7.440183,1.00399,11.583647,-8.802433,0.283218,12.028243,-9.898729,0.124461,12.779695,NaN,NaN,NaN
-9.778838,3.82345,14.549925,-9.364591,3.956701,14.762047,-9.229948,4.057774,13.917796,-8.104789,1.557673,12.382086,-7.495504,1.073519,11.632289,-8.815443,0.24392,12.105104,-9.907613,0.115298,12.787213,NaN,NaN,NaN
-9.894541,3.71283,14.565171,-9.485995,3.833886,14.750929,-9.359513,3.926568,13.978618,-8.12792,1.620375,12.442118,-7.506151,1.165332,11.640326,-8.826745,0.249281,12.136221,-9.916662,0.111312,12.788343,NaN,NaN,NaN
-10.126818,3.627675,14.502424,-9.664236,3.727614,14.759429,-9.489922,3.875039,13.925328,-8.218148,1.625912,12.493271,-7.56394,1.193905,11.795643,-8.855738,0.31001,12.152493,-9.923427,0.106509,12.794008,NaN,NaN,NaN
-10.288622,3.524882,14.535667,-9.832449,3.605929,14.774027,-9.635075,3.809726,13.860612,-8.296733,1.57918,12.602935,-7.57646,1.262457,11.790968,-8.86479,0.314354,12.176986,-9.932513,0.101483,12.801581,NaN,NaN,NaN
-10.419593,3.437859,14.506701,-9.968119,3.535532,14.737363,-9.767729,3.727675,13.912999,-8.404161,1.650976,12.528191,-7.630188,1.385314,11.745777,-8.873044,0.354952,12.152947,-9.925332,0.150927,12.780657,NaN,NaN,NaN
-10.505491,3.359504,14.526327,-10.034666,3.610834,14.672642,-9.88815,3.728589,13.87079,-8.478321,1.732099,12.508332,-7.651855,1.474462,11.729257,-8.895679,0.396777,12.163324,-9.931616,0.15037,12.784959,NaN,NaN,NaN
-10.620581,3.335468,14.550286,-10.212247,3.479869,14.754986,-10.001257,3.71962,13.810482,-8.51895,1.764387,12.584163,-7.695152,1.533981,11.789577,-8.9033,0.394525,12.204078,-9.937109,0.148533,12.789685,NaN,NaN,NaN
-10.700986,3.325388,14.594734,-10.275149,3.518057,14.718552,-10.117228,3.696933,13.865049,-8.611568,1.812706,12.588206,-7.792124,1.545254,11.897526,-8.936211,0.400973,12.260045,-9.94378,0.146013,12.796889,NaN,NaN,NaN
-10.798023,3.351912,14.566364,-10.301541,3.562692,14.691875,-10.20858,3.715753,13.850992,-8.668873,1.839648,12.615938,-7.807806,1.631364,11.86801,-8.948873,0.418587,12.251496,-9.974148,0.064735,12.801269,NaN,NaN,NaN
-10.892703,3.37601,14.535423,-10.391474,3.566999,14.663016,-10.309786,3.689297,13.869452,-8.70461,1.880426,12.561544,-7.868201,1.647061,11.979512,-8.958728,0.42525,12.276858,-9.946787,0.068353,12.773535,NaN,NaN,NaN
-10.913596,3.402544,14.512024,-10.452008,3.582444,14.635292,-10.356076,3.746218,13.818462,-8.804643,1.86325,12.617229,-7.939566,1.687648,11.916036,-8.992623,0.485305,12.226493,-9.94977,0.069366,12.780613,NaN,NaN,NaN
-11.021433,3.43297,14.513123,-10.502142,3.602078,14.647239,-10.40247,3.767646,13.823285,-8.827497,1.931663,12.592861,-7.966272,1.722972,11.962323,-9.039637,0.586494,12.164357,-9.953563,0.061817,12.787176,NaN,NaN,NaN
-11.072952,3.472462,14.529191,-10.576788,3.671017,14.596815,-10.414021,3.834226,13.776968,-8.888985,1.987042,12.608708,-7.998155,1.798224,11.924431,-9.073752,0.633688,12.129434,-9.960978,0.068083,12.78163,NaN,NaN,NaN
-11.102532,3.561238,14.43695,-10.652563,3.715679,14.625322,-10.470952,3.86881,13.773376,-8.938515,2.021449,12.625421,-8.057568,1.816412,11.94946,-9.12564,0.641147,12.157076,-9.965076,0.062996,12.798241,NaN,NaN,NaN
-11.111875,3.637775,14.423319,-10.65525,3.77915,14.616786,-10.499953,3.901824,13.82474,-8.959729,2.050608,12.571758,-8.089576,1.860613,11.928792,-9.136907,0.642468,12.158328,-9.969796,0.063554,12.803083,NaN,NaN,NaN
-11.124442,3.681465,14.439517,-10.647785,3.825593,14.604491,-10.481438,3.968015,13.789133,-8.983721,2.091099,12.528805,-8.098185,1.854764,11.944457,-9.135597,0.656539,12.190815,-9.978487,0.065422,12.807792,NaN,NaN,NaN
-11.143917,3.792671,14.408726,-10.638937,3.88862,14.662199,-10.525431,3.962814,13.887944,-9.03927,2.08035,12.568301,-8.114107,1.893784,11.970781,-9.128958,0.645192,12.242322,-9.987835,0.071897,12.807168,NaN,NaN,NaN
-11.148331,3.863911,14.355158,-10.62762,3.910971,14.67969,-10.488916,4.065783,13.878399,-9.073925,2.097041,12.579496,-8.137681,1.896744,11.920829,-9.100976,0.640404,12.202444,-10.007696,0.070447,12.818297,NaN,NaN,NaN
-11.139109,3.901219,14.399395,-10.605884,3.979731,14.675837,-10.488738,4.107884,13.866866,-9.062325,2.192051,12.498897,-8.156148,1.896878,11.93081,-9.148134,0.598813,12.259025,-10.048334,0.055269,12.847821,NaN,NaN,NaN
-11.13141,3.989219,14.368897,-10.586873,4.001844,14.737481,-10.498122,4.182253,13.820553,-9.100121,2.166833,12.526544,-8.200256,1.871304,11.969151,-9.1517,0.566209,12.317682,-10.092506,0.091335,12.817323,NaN,NaN,NaN
-11.110204,4.006284,14.405571,-10.606458,4.12446,14.658643,-10.448192,4.267973,13.80747,-9.129032,2.188532,12.483845,-8.22138,1.868631,11.959774,-9.183635,0.540535,12.345676,NaN,NaN,NaN,NaN,NaN,NaN
-11.09814,4.039783,14.439895,-10.568106,4.147104,14.621681,-10.423225,4.281453,13.877243,-9.152565,2.209707,12.471521,-8.232113,1.818679,11.994032,-9.222527,0.507302,12.388874,NaN,NaN,NaN,NaN,NaN,NaN
-11.073025,4.118819,14.437647,-10.545768,4.1963,14.661083,-10.385527,4.355404,13.846782,-9.170789,2.242008,12.411605,-8.241869,1.82515,11.994443,-9.226495,0.518665,12.381962,NaN,NaN,NaN,NaN,NaN,NaN
-11.066934,4.180976,14.43199,-10.543792,4.245949,14.661205,-10.401567,4.381393,13.859362,-9.192551,2.226933,12.452306,-8.24685,1.837251,11.997898,-9.236762,0.5029,12.3955,NaN,NaN,NaN,NaN,NaN,NaN
-11.037596,4.280039,14.397553,-10.51593,4.333864,14.627201,-10.35265,4.44796,13.872589,-9.193402,2.23924,12.464763,-8.247621,1.848508,12.004267,-9.236762,0.5029,12.3955,NaN,NaN,NaN,NaN,NaN,NaN
-10.994574,4.349367,14.385797,-10.467816,4.413608,14.633416,-10.317214,4.524759,13.845194,-9.183481,2.276657,12.464366,-8.246254,1.857744,12.014563,-9.236762,0.5029,12.3955,NaN,NaN,NaN,NaN,NaN,NaN
-10.983486,4.414302,14.438637,-10.453561,4.459772,14.634126,-10.266339,4.55731,13.869842,-9.183107,2.329824,12.45863,-8.24418,1.86659,12.022935,-9.23546,0.557881,12.333527,NaN,NaN,NaN,NaN,NaN,NaN
-10.958538,4.500293,14.439076,-10.406403,4.539505,14.609332,-10.243998,4.64513,13.840077,-9.193775,2.319222,12.475865,-8.2406,1.887154,12.040963,-9.21673,0.630529,12.28864,NaN,NaN,NaN,NaN,NaN,NaN
-10.912607,4.581009,14.391394,-10.37403,4.631726,14.632697,-10.21879,4.610777,13.915323,-9.167077,2.339918,12.471754,-8.235629,1.940122,12.067172,-9.225038,0.622142,12.30206,NaN,NaN,NaN,NaN,NaN,NaN
-10.893303,4.603553,14.435094,-10.337377,4.633694,14.637922,-10.158502,4.687434,13.869228,-9.156411,2.35052,12.454516,-8.234233,1.938992,12.073531,-9.20999,0.587627,12.340863,NaN,NaN,NaN,NaN,NaN,NaN
-10.818852,4.656848,14.453362,-10.322865,4.67531,14.634144,-10.107214,4.749098,13.832244,-9.135423,2.379324,12.46742,-8.190034,1.993629,12.02359,-9.195327,0.597048,12.314116,NaN,NaN,NaN,NaN,NaN,NaN
-10.797707,4.666788,14.418251,-10.23748,4.753713,14.580026,-10.064731,4.756752,13.900988,-9.114097,2.400523,12.432944,-8.209927,1.978888,12.069093,-9.163287,0.61041,12.298828,NaN,NaN,NaN,NaN,NaN,NaN
-10.73915,4.720135,14.391928,-10.176592,4.755368,14.646316,-10.005824,4.820318,13.887157,-9.139621,2.511766,12.387041,-8.207437,1.974681,12.077338,-9.152486,0.618902,12.277849,NaN,NaN,NaN,NaN,NaN,NaN
-10.704916,4.77719,14.354086,-10.109076,4.832816,14.604948,-9.996591,4.88606,13.799691,-9.103324,2.55119,12.343608,-8.201018,1.933817,12.056287,NaN,NaN,NaN,NaN,NaN,NaN,NaN,NaN,NaN
-10.663717,4.789498,14.417012,-10.143909,4.915866,14.642058,-9.962808,4.878389,13.855922,-9.099928,2.545935,12.355773,-8.193179,1.934173,12.061672,NaN,NaN,NaN,NaN,NaN,NaN,NaN,NaN,NaN
-10.613132,4.867975,14.392324,-10.107896,4.967028,14.641941,-9.906401,4.947656,13.823561,-9.095555,2.539107,12.371343,-8.18436,1.932819,12.067091,NaN,NaN,NaN,NaN,NaN,NaN,NaN,NaN,NaN
-10.575109,4.915609,14.337654,-10.044905,5.038624,14.603757,-9.850678,5.014602,13.796561,-9.066749,2.51431,12.433679,-8.175176,1.933391,12.069633,NaN,NaN,NaN,NaN,NaN,NaN,NaN,NaN,NaN
-10.543889,4.937862,14.355397,-10.010192,5.042102,14.635585,-9.809983,5.06409,13.835288,-9.054213,2.523151,12.430499,-8.165297,1.929455,12.077442,NaN,NaN,NaN,NaN,NaN,NaN,NaN,NaN,NaN
-10.4769,4.974476,14.41267,-9.963823,5.048623,14.665624,-9.732799,5.093138,13.820184,-9.044396,2.52538,12.429199,-8.153994,1.924865,12.084766,NaN,NaN,NaN,NaN,NaN,NaN,NaN,NaN,NaN
-10.42163,5.012676,14.38599,-9.897836,5.121885,14.614139,-9.703716,5.13194,13.82947,-9.031388,2.533554,12.424604,-8.130877,1.900565,12.121552,NaN,NaN,NaN,NaN,NaN,NaN,NaN,NaN,NaN
-10.398214,5.053665,14.399823,-9.867709,5.155408,14.636393,-9.672151,5.173968,13.840552,-9.016555,2.541401,12.419123,-8.122373,1.900904,12.12215,NaN,NaN,NaN,NaN,NaN,NaN,NaN,NaN,NaN
-10.368145,5.092263,14.355445,-9.813088,5.139494,14.68845,-9.611066,5.16172,13.87971,-8.99884,2.552149,12.40885,-8.11272,1.901907,12.120301,NaN,NaN,NaN,NaN,NaN,NaN,NaN,NaN,NaN
-10.280159,5.107908,14.384976,-9.752297,5.193627,14.6387,-9.557858,5.204503,13.846188,-8.96161,2.578958,12.364787,-8.073116,1.934288,12.070312,NaN,NaN,NaN,NaN,NaN,NaN,NaN,NaN,NaN
-10.193071,5.026734,14.589167,-9.717272,5.220981,14.642054,-9.52541,5.230223,13.851498,-8.946755,2.581587,12.362125,-8.06542,1.932746,12.07133,NaN,NaN,NaN,NaN,NaN,NaN,NaN,NaN,NaN
-10.15288,5.043988,14.601671,-9.658671,5.199747,14.694032,-9.454676,5.270473,13.819226,-8.912712,2.540751,12.421768,-8.057449,1.929886,12.074306,NaN,NaN,NaN,NaN,NaN,NaN,NaN,NaN,NaN
-10.08489,5.079363,14.597766,-9.604618,5.247449,14.649591,-9.411885,5.257124,13.862782,-8.900355,2.543476,12.418039,-8.048179,1.924722,12.079161,NaN,NaN,NaN,NaN,NaN,NaN,NaN,NaN,NaN
-10.050851,5.102105,14.607107,-9.577325,5.265081,14.658797,-9.381618,5.278294,13.87109,-8.8861,2.549596,12.409087,-8.03858,1.921984,12.081641,NaN,NaN,NaN,NaN,NaN,NaN,NaN,NaN,NaN
-10.013095,5.124451,14.608256,-9.5448,5.30867,14.668749,-9.347618,5.328522,13.865644,-8.870323,2.55733,12.401156,-8.028146,1.916514,12.090386,NaN,NaN,NaN,NaN,NaN,NaN,NaN,NaN,NaN
-9.936723,5.127152,14.610033,-9.459603,5.316437,14.675624,-9.282984,5.349678,13.853407,-8.828168,2.591862,12.350908,-8.01526,1.908307,12.101538,NaN,NaN,NaN,NaN,NaN,NaN,NaN,NaN,NaN
-9.90889,5.137521,14.622701,-9.419126,5.300751,14.713624,-9.240034,5.340028,13.888596,-8.813952,2.598616,12.345822,-7.996908,1.892112,12.12479,NaN,NaN,NaN,NaN,NaN,NaN,NaN,NaN,NaN
-9.879984,5.15584,14.631463,-9.382902,5.298598,14.737962,-9.189119,5.310633,13.941808,-8.80089,2.604589,12.33981,-7.988129,1.892236,12.124364,NaN,NaN,NaN,NaN,NaN,NaN,NaN,NaN,NaN
-9.824449,5.172844,14.639525,-9.344314,5.318008,14.734996,-9.132422,5.340147,13.911075,-8.785121,2.607739,12.338565,-7.97712,1.89359,12.123025,NaN,NaN,NaN,NaN,NaN,NaN,NaN,NaN,NaN
-9.766427,5.173979,14.639465,-9.29433,5.352161,14.702947,-9.103503,5.357404,13.915232,-8.75133,2.574556,12.390395,-7.966025,1.898193,12.116846,NaN,NaN,NaN,NaN,NaN,NaN,NaN,NaN,NaN
-9.739803,5.185806,14.652562,-9.259204,5.38275,14.701258,-9.066541,5.375016,13.917518,-8.72748,2.601943,12.378927,-7.929435,1.926023,12.073984,NaN,NaN,NaN,NaN,NaN,NaN,NaN,NaN,NaN
-9.705522,5.196242,14.670144,-9.202287,5.355534,14.753014,-8.988487,5.36335,13.937105,-8.693339,2.630679,12.339533,-7.921159,1.927318,12.07547,NaN,NaN,NaN,NaN,NaN,NaN,NaN,NaN,NaN
-9.662543,5.233459,14.684083,-9.152221,5.392538,14.713168,-8.947304,5.35326,13.969818,-8.680003,2.641418,12.335898,-7.912438,1.928572,12.079407,NaN,NaN,NaN,NaN,NaN,NaN,NaN,NaN,NaN
-9.617847,5.250402,14.669671,-9.135218,5.413022,14.718822,-8.923815,5.36211,13.98802,-8.669004,2.652303,12.33131,-7.904726,1.927165,12.083779,NaN,NaN,NaN,NaN,NaN,NaN,NaN,NaN,NaN
-9.59274,5.266097,14.681688,-9.118579,5.450253,14.73142,-8.89231,5.36769,14.014395,-8.658338,2.671958,12.334757,-7.894771,1.927116,12.090599,NaN,NaN,NaN,NaN,NaN,NaN,NaN,NaN,NaN
-9.567283,5.273836,14.697084,-9.090245,5.466593,14.73942,NaN,NaN,NaN,-8.648389,2.680694,12.331099,-7.879144,1.947366,12.090041,NaN,NaN,NaN,NaN,NaN,NaN,NaN,NaN,NaN
-9.521804,5.260308,14.734147,-9.026257,5.459331,14.767674,NaN,NaN,NaN,-8.636141,2.68965,12.325531,-7.869825,1.946714,12.097777,NaN,NaN,NaN,NaN,NaN,NaN,NaN,NaN,NaN
-9.492991,5.316124,14.769463,-9.000025,5.44813,14.749274,-8.847521,5.412977,14.026594,-8.624739,2.69723,12.320888,-7.857174,1.938998,12.116655,NaN,NaN,NaN,NaN,NaN,NaN,NaN,NaN,NaN
-9.515825,5.278716,14.8216,-8.993735,5.444758,14.725744,-8.806917,5.444545,13.951046,-8.66729,2.70033,12.337199,-7.845634,1.892721,12.193671,NaN,NaN,NaN,NaN,NaN,NaN,NaN,NaN,NaN
-9.492674,5.291513,14.830221,-8.970344,5.457708,14.730343,-8.744906,5.48162,13.887916,-8.661535,2.705322,12.337309,-7.841748,1.898455,12.191785,NaN,NaN,NaN,NaN,NaN,NaN,NaN,NaN,NaN
-9.470314,5.31185,14.851387,-8.95592,5.469853,14.764012,-8.719605,5.485897,13.905605,-8.656085,2.712119,12.335965,-7.837381,1.903645,12.191851,NaN,NaN,NaN,NaN,NaN,NaN,NaN,NaN,NaN
-9.429694,5.325146,14.870003,-8.927697,5.466392,14.812524,-8.695446,5.484914,13.938756,-8.651006,2.717007,12.337495,-7.833326,1.910656,12.190459,NaN,NaN,NaN,NaN,NaN,NaN,NaN,NaN,NaN
-9.395782,5.365579,14.851651,-8.907205,5.495553,14.817266,-8.692232,5.513548,13.981533,-8.646094,2.725473,12.338568,-7.83102,1.915894,12.191932,NaN,NaN,NaN,NaN,NaN,NaN,NaN,NaN,NaN
-9.381884,5.379159,14.855759,-8.866267,5.529165,14.773311,-8.684007,5.53056,13.996546,-8.643247,2.733857,12.337677,-7.829026,1.922951,12.191946,NaN,NaN,NaN,NaN,NaN,NaN,NaN,NaN,NaN
-9.369939,5.395581,14.85931,-8.853526,5.543021,14.77342,-8.672185,5.543526,13.998124,-8.639044,2.742718,12.340671,-7.827616,1.932046,12.191522,NaN,NaN,NaN,NaN,NaN,NaN,NaN,NaN,NaN
-9.358089,5.413999,14.870614,-8.8415,5.557288,14.775471,-8.660255,5.553968,14.001166,-8.636296,2.753812,12.341682,-7.827751,1.940147,12.193952,NaN,NaN,NaN,NaN,NaN,NaN,NaN,NaN,NaN
-9.350118,5.436749,14.886687,-8.832421,5.570398,14.783332,-8.649946,5.564468,14.008079,-8.629477,2.779132,12.342153,-7.826808,1.949913,12.194939,NaN,NaN,NaN,NaN,NaN,NaN,NaN,NaN,NaN
-9.338473,5.454097,14.895139,-8.827899,5.58753,14.803774,-8.639267,5.576995,14.015474,-8.627406,2.788911,12.344188,-7.81848,1.978162,12.19334,NaN,NaN,NaN,NaN,NaN,NaN,NaN,NaN,NaN
-9.328856,5.478305,14.911591,-8.821805,5.605134,14.824754,-8.637402,5.591392,14.040672,-8.626874,2.810516,12.363653,-7.819404,1.987518,12.195344,NaN,NaN,NaN,NaN,NaN,NaN,NaN,NaN,NaN
-9.31722,5.496189,14.910801,-8.813377,5.630661,14.838117,-8.638092,5.62505,14.072774,-8.627409,2.817032,12.366106,-7.821545,2.010069,12.218838,NaN,NaN,NaN,NaN,NaN,NaN,NaN,NaN,NaN
-9.307596,5.512764,14.913359,-8.805864,5.642353,14.842592,-8.631034,5.63635,14.077711,-8.628959,2.825613,12.365664,-7.824387,2.016376,12.223213,NaN,NaN,NaN,NaN,NaN,NaN,NaN,NaN,NaN
-9.308202,5.52554,14.932795,-8.800347,5.652566,14.84703,-8.625226,5.644769,14.083609,-8.629461,2.831628,12.367616,-7.826319,2.023071,12.225651,NaN,NaN,NaN,NaN,NaN,NaN,NaN,NaN,NaN
-9.305835,5.544597,14.949287,-8.794144,5.662879,14.850014,-8.618359,5.655146,14.085162,-8.631891,2.839333,12.368602,-7.829846,2.02914,12.228085,NaN,NaN,NaN,NaN,NaN,NaN,NaN,NaN,NaN
-9.30355,5.560071,14.95468,-8.791518,5.675916,14.852954,-8.614266,5.665819,14.086694,-8.634353,2.847538,12.370089,-7.833168,2.035988,12.230508,NaN,NaN,NaN,NaN,NaN,NaN,NaN,NaN,NaN
-9.302861,5.574438,14.963534,-8.793227,5.68746,14.865142,-8.614514,5.675339,14.094531,-8.636071,2.854981,12.372516,-7.836321,2.044114,12.233425,NaN,NaN,NaN,NaN,NaN,NaN,NaN,NaN,NaN
-9.302395,5.597719,14.970594,-8.796196,5.70158,14.878268,-8.613865,5.690351,14.097543,-8.639006,2.863853,12.375418,-7.839988,2.053278,12.234894,NaN,NaN,NaN,NaN,NaN,NaN,NaN,NaN,NaN
-9.30398,5.606408,14.977466,-8.804352,5.726823,14.908984,-8.617535,5.712658,14.110355,-8.640993,2.871525,12.378854,-7.844735,2.060779,12.237807,NaN,NaN,NaN,NaN,NaN,NaN,NaN,NaN,NaN
-9.306117,5.617619,14.980392,-8.805805,5.73813,14.910445,-8.620043,5.721805,14.112799,-8.643823,2.882669,12.383252,-7.849502,2.068908,12.244588,NaN,NaN,NaN,NaN,NaN,NaN,NaN,NaN,NaN
-9.309604,5.628128,14.985719,-8.808116,5.748068,14.912872,-8.62255,5.730952,14.115242,-8.64662,2.893311,12.38715,-7.853549,2.080887,12.245606,NaN,NaN,NaN,NaN,NaN,NaN,NaN,NaN,NaN
-9.311884,5.637561,14.987658,-8.810109,5.756078,14.913358,-8.622356,5.741652,14.112361,-8.646241,2.93168,12.404041,-7.859055,2.089906,12.254817,NaN,NaN,NaN,NaN,NaN,NaN,NaN,NaN,NaN
-9.317527,5.650146,14.992439,-8.815545,5.763777,14.914785,-8.627474,5.747561,14.115263,-8.649312,2.938777,12.405948,-7.858361,2.127429,12.276429,NaN,NaN,NaN,NaN,NaN,NaN,NaN,NaN,NaN
-9.324198,5.659257,15.004068,-8.81911,5.77083,14.918183,-8.631321,5.756006,14.1201,-8.653803,2.946531,12.408337,-7.865886,2.135236,12.279313,NaN,NaN,NaN,NaN,NaN,NaN,NaN,NaN,NaN
-9.329275,5.669158,15.009383,-8.823983,5.77602,14.923534,-8.643491,5.77143,14.144138,-8.658668,2.952243,12.410237,-7.872551,2.139688,12.2846,NaN,NaN,NaN,NaN,NaN,NaN,NaN,NaN,NaN
-9.336194,5.67871,15.015685,-8.831148,5.780851,14.927411,-8.647494,5.777786,14.145145,-8.664411,2.957081,12.413565,-7.881995,2.144448,12.289857,NaN,NaN,NaN,NaN,NaN,NaN,NaN,NaN,NaN
-9.343313,5.687503,15.021991,-8.839156,5.783965,14.935174,-8.654251,5.784098,14.149027,-8.670866,2.962179,12.415452,-7.917094,2.159461,12.278006,NaN,NaN,NaN,NaN,NaN,NaN,NaN,NaN,NaN
-9.353491,5.701197,15.036688,-8.850577,5.785779,14.946825,-8.662414,5.790409,14.153434,-8.677996,2.967174,12.418761,-7.925662,2.165106,12.281828,NaN,NaN,NaN,NaN,NaN,NaN,NaN,NaN,NaN
-9.36485,5.701497,15.046845,-8.863664,5.797702,14.967298,-8.669902,5.805946,14.16376,-8.688305,2.970942,12.422043,-7.934795,2.168052,12.288541,NaN,NaN,NaN,NaN,NaN,NaN,NaN,NaN,NaN
-9.383509,5.699312,15.07151,-8.896834,5.78499,15.02119,-8.67267,5.810568,14.157498,-8.699425,2.977542,12.422423,-7.943087,2.172381,12.294324,NaN,NaN,NaN,NaN,NaN,NaN,NaN,NaN,NaN
-9.417072,5.683176,15.11749,-8.909054,5.784255,15.029413,-8.69982,5.800049,14.196055,-8.723928,2.999961,12.401514,-7.950193,2.175779,12.300133,NaN,NaN,NaN,NaN,NaN,NaN,NaN,NaN,NaN
-9.426311,5.682749,15.122306,-8.918481,5.78306,15.034244,-8.740148,5.780801,14.258212,-8.755452,2.979562,12.443893,-7.957096,2.179954,12.305931,NaN,NaN,NaN,NaN,NaN,NaN,NaN,NaN,NaN
-9.435852,5.684092,15.125644,-8.927047,5.783235,15.038106,-8.748123,5.783569,14.259168,-8.762548,2.982989,12.449662,-7.963688,2.182314,12.313187,NaN,NaN,NaN,NaN,NaN,NaN,NaN,NaN,NaN
-9.447484,5.68584,15.127495,-8.940647,5.782492,15.042899,-8.759214,5.784106,14.259123,-8.768731,2.98679,12.453501,-7.971071,2.18703,12.317033,NaN,NaN,NaN,NaN,NaN,NaN,NaN,NaN,NaN
-9.465238,5.685071,15.131708,-8.955611,5.781388,15.047188,-8.771494,5.785551,14.259063,-8.77603,2.989448,12.459276,-7.978845,2.189226,12.327243,NaN,NaN,NaN,NaN,NaN,NaN,NaN,NaN,NaN
-9.489857,5.700217,15.116283,-8.977161,5.783062,15.051902,-8.794309,5.806573,14.230822,-8.782181,2.992748,12.462614,-7.9878,2.198809,12.346424,NaN,NaN,NaN,NaN,NaN,NaN,NaN,NaN,NaN
-9.537323,5.673616,15.176714,-9.027593,5.785153,15.085596,-8.814599,5.801997,14.244725,-8.789854,2.993503,12.471265,-7.996986,2.19802,12.357478,NaN,NaN,NaN,NaN,NaN,NaN,NaN,NaN,NaN
-9.551497,5.669766,15.183911,-9.041737,5.78112,15.089407,-8.859897,5.779841,14.309748,-8.799603,3.004944,12.490407,-8.007884,2.199071,12.363691,NaN,NaN,NaN,NaN,NaN,NaN,NaN,NaN,NaN
-9.564591,5.667879,15.186726,-9.054516,5.777449,15.09372,-8.87116,5.779118,14.309207,-8.810831,3.003638,12.498943,-8.034984,2.183284,12.399608,NaN,NaN,NaN,NaN,NaN,NaN,NaN,NaN,NaN
-9.580919,5.660292,15.196341,-9.069427,5.769689,15.103386,-8.884067,5.773824,14.315926,-8.822402,2.999927,12.509857,-8.044619,2.182536,12.408208,NaN,NaN,NaN,NaN,NaN,NaN,NaN,NaN,NaN
-9.604467,5.648039,15.219035,-9.089243,5.757788,15.121307,-8.898074,5.767261,14.321194,-8.861136,2.97077,12.562698,-8.054096,2.182934,12.413933,NaN,NaN,NaN,NaN,NaN,NaN,NaN,NaN,NaN