Time,Gelos_tn18
0.005,-0.03537
0.01,-0.06607
0.015,-0.06987
0.02,-0.0489
0.025,-0.04013
0.030000000000000002,-0.06386
0.035,-0.05582
0.04,-0.04855
0.045,-0.06576
0.049999999999999996,-0.04347
0.05499999999999999,-0.07001
0.05999999999999999,-0.049389999999999996
0.06499999999999999,-0.0515
0.06999999999999999,-0.03921
0.075,-0.031560000000000005
0.08,-0.0543
0.085,-0.06821
0.09000000000000001,-0.05184
0.09500000000000001,-0.03306
0.10000000000000002,-0.05666
0.10500000000000002,-0.04348
0.11000000000000003,-0.06389
0.11500000000000003,-0.03975
0.12000000000000004,-0.060770000000000005
0.12500000000000003,-0.07597000000000001
0.13000000000000003,-0.0651
0.13500000000000004,-0.07045
0.14000000000000004,-0.09752000000000001
0.14500000000000005,-0.07242
0.15000000000000005,-0.04448
0.15500000000000005,-0.054329999999999996
0.16000000000000006,-0.055970000000000006
0.16500000000000006,-0.05395
0.17000000000000007,-0.05242
0.17500000000000007,-0.07268
0.18000000000000008,-0.0526
0.18500000000000008,-0.044410000000000005
0.19000000000000009,-0.029689999999999998
0.1950000000000001,-0.06126
0.2000000000000001,-0.06348999999999999
0.2050000000000001,-0.06379
0.2100000000000001,-0.06842000000000001
0.2150000000000001,-0.06942999999999999
0.2200000000000001,-0.035269999999999996
0.22500000000000012,-0.06321
0.23000000000000012,-0.05655
0.23500000000000013,-0.06523
0.24000000000000013,-0.07426
0.24500000000000013,-0.08671
0.2500000000000001,-0.044789999999999996
0.2550000000000001,-0.06332
0.2600000000000001,-0.05206
0.2650000000000001,-0.06277999999999999
0.27000000000000013,-0.06906
0.27500000000000013,-0.04981
0.28000000000000014,-0.06139
0.28500000000000014,-0.054520000000000006
0.29000000000000015,-0.058910000000000004
0.29500000000000015,-0.051329999999999994
0.30000000000000016,-0.06998
0.30500000000000016,-0.05417
0.31000000000000016,-0.06916
0.31500000000000017,-0.03795
0.3200000000000002,-0.07971
0.3250000000000002,-0.059289999999999995
0.3300000000000002,-0.06039
0.3350000000000002,-0.07507
0.3400000000000002,-0.04069
0.3450000000000002,-0.060289999999999996
0.3500000000000002,-0.07092999999999999
0.3550000000000002,-0.061070000000000006
0.3600000000000002,-0.04192
0.3650000000000002,-0.035410000000000004
0.3700000000000002,-0.04414
0.3750000000000002,-0.029210000000000003
0.3800000000000002,-0.04827
0.38500000000000023,-0.03772
0.39000000000000024,-0.06431
0.39500000000000024,-0.05196
0.40000000000000024,-0.04554
0.40500000000000025,-0.06661
0.41000000000000025,-0.06737
0.41500000000000026,-0.04886
0.42000000000000026,-0.06945
0.42500000000000027,-0.04558
0.43000000000000027,-0.051460000000000006
0.4350000000000003,-0.05641
0.4400000000000003,-0.07026
0.4450000000000003,-0.05695
0.4500000000000003,-0.0375
0.4550000000000003,-0.05177999999999999
0.4600000000000003,-0.0535
0.4650000000000003,-0.05861
0.4700000000000003,-0.06828
0.4750000000000003,-0.05574
0.4800000000000003,-0.03916
0.4850000000000003,-0.06096
0.4900000000000003,-0.06323
0.49500000000000033,-0.06906
0.5000000000000003,-0.03986
0.5050000000000003,-0.08121
0.5100000000000003,-0.04299
0.5150000000000003,-0.07551000000000001
0.5200000000000004,-0.0608
0.5250000000000004,-0.04654
0.5300000000000004,-0.08043
0.5350000000000004,-0.06978999999999999
0.5400000000000004,-0.04306
0.5450000000000004,-0.07189
0.5500000000000004,-0.07665
0.5550000000000004,-0.06647
0.5600000000000004,-0.058620000000000005
0.5650000000000004,-0.052039999999999996
0.5700000000000004,-0.07597999999999999
0.5750000000000004,-0.06676
0.5800000000000004,-0.0664
0.5850000000000004,-0.04595
0.5900000000000004,-0.06786
0.5950000000000004,-0.06299
0.6000000000000004,-0.053829999999999996
0.6050000000000004,-0.07752
0.6100000000000004,-0.08663
0.6150000000000004,-0.052110000000000004
0.6200000000000004,-0.07253
0.6250000000000004,-0.0546
0.6300000000000004,-0.05802
0.6350000000000005,-0.062189999999999995
0.6400000000000005,-0.08782000000000001
0.6450000000000005,-0.04548
0.6500000000000005,-0.09542
0.6550000000000005,-0.04888
0.6600000000000005,-0.0699
0.6650000000000005,-0.04361
0.6700000000000005,-0.05488
0.6750000000000005,-0.07591
0.6800000000000005,-0.04019
0.6850000000000005,-0.05635
0.6900000000000005,-0.059289999999999995
0.6950000000000005,-0.05977999999999999
0.7000000000000005,-0.055779999999999996
0.7050000000000005,-0.061810000000000004
0.7100000000000005,-0.06092
0.7150000000000005,-0.05919
0.7200000000000005,-0.06687
0.7250000000000005,-0.0422
0.7300000000000005,-0.0386
0.7350000000000005,-0.04056
0.7400000000000005,-0.057589999999999995
0.7450000000000006,-0.07045
0.7500000000000006,-0.05845
0.7550000000000006,-0.07637999999999999
0.7600000000000006,-0.06279
0.7650000000000006,-0.0644
0.7700000000000006,-0.04738
0.7750000000000006,-0.07057999999999999
0.7800000000000006,-0.06742999999999999
0.7850000000000006,-0.061779999999999995
0.7900000000000006,-0.07075
0.7950000000000006,-0.08372
0.8000000000000006,-0.06062000000000001
0.8050000000000006,-0.06502999999999999
0.8100000000000006,-0.07193
0.8150000000000006,-0.07515
0.8200000000000006,-0.06257
0.8250000000000006,-0.06137000000000001
0.8300000000000006,-0.055029999999999996
0.8350000000000006,-0.05865
0.8400000000000006,-0.04123
0.8450000000000006,-0.059079999999999994
0.8500000000000006,-0.05973
0.8550000000000006,-0.04818
0.8600000000000007,-0.07744
0.8650000000000007,-0.0719
0.8700000000000007,-0.07805
0.8750000000000007,-0.05279
0.8800000000000007,-0.055920000000000004
0.8850000000000007,-0.06505
0.8900000000000007,-0.04281
0.8950000000000007,-0.051370000000000006
0.9000000000000007,-0.0471
0.9050000000000007,-0.05214
0.9100000000000007,-0.08925
0.9150000000000007,-0.06197999999999999
0.9200000000000007,-0.058410000000000004
0.9250000000000007,-0.07627
0.9300000000000007,-0.03663
0.9350000000000007,-0.06469
0.9400000000000007,-0.05371
0.9450000000000007,-0.07057000000000001
0.9500000000000007,-0.059570000000000005
0.9550000000000007,-0.07935
0.9600000000000007,-0.03524
0.9650000000000007,-0.07346
0.9700000000000008,-0.055979999999999995
0.9750000000000008,-0.04148
0.9800000000000008,-0.0745
0.9850000000000008,-0.051829999999999994
0.9900000000000008,-0.061720000000000004
0.9950000000000008,-0.05997
1.0000000000000007,-0.02512
1.0050000000000006,-0.061489999999999996
1.0100000000000005,-0.07301
1.0150000000000003,-0.05951
1.0200000000000002,-0.0557
1.0250000000000001,-0.07038
1.03,-0.050069999999999996
1.035,-0.07748
1.0399999999999998,-0.04679
1.0449999999999997,-0.06034
1.0499999999999996,-0.051820000000000005
1.0549999999999995,-0.03755
1.0599999999999994,-0.05927999999999999
1.0649999999999993,-0.05752
1.0699999999999992,-0.02376
1.074999999999999,-0.05482000000000001
1.079999999999999,-0.0849
1.0849999999999989,-0.04568
1.0899999999999987,-0.06532
1.0949999999999986,-0.014530000000000001
1.0999999999999985,-0.02219
1.1049999999999984,-0.0543
1.1099999999999983,-0.07619
1.1149999999999982,-0.0645
1.119999999999998,-0.03171
1.124999999999998,-0.05789
1.129999999999998,-0.030389999999999997
1.1349999999999978,-0.03846
1.1399999999999977,-0.04345
1.1449999999999976,-0.06415
1.1499999999999975,-0.05637999999999999
1.1549999999999974,-0.06359
1.1599999999999973,-0.053279999999999994
1.1649999999999971,-0.0722
1.169999999999997,-0.05694
1.174999999999997,-0.08238
1.1799999999999968,-0.06675
1.1849999999999967,-0.04936
1.1899999999999966,-0.04689
1.1949999999999965,-0.06345
1.1999999999999964,-0.09287999999999999
1.2049999999999963,-0.06589
1.2099999999999962,-0.06172999999999999
1.214999999999996,-0.11162000000000001
1.219999999999996,-0.12103
1.2249999999999959,-0.08792
1.2299999999999958,-0.08751
1.2349999999999957,-0.08789
1.2399999999999956,-0.11707000000000001
1.2449999999999954,-0.11166
1.2499999999999953,-0.07132999999999999
1.2549999999999952,-0.08999
1.2599999999999951,-0.11464
1.264999999999995,-0.10330999999999999
1.269999999999995,-0.08059
1.2749999999999948,-0.08155
1.2799999999999947,-0.06551
1.2849999999999946,-0.08241
1.2899999999999945,-0.07539
1.2949999999999944,-0.13232
1.2999999999999943,-0.11160999999999999
1.3049999999999942,-0.08077999999999999
1.309999999999994,-0.07472999999999999
1.314999999999994,-0.10595999999999998
1.3199999999999938,-0.10912999999999999
1.3249999999999937,-0.09001
1.3299999999999936,-0.10880999999999999
1.3349999999999935,-0.10537
1.3399999999999934,-0.09817999999999999
1.3449999999999933,-0.13475
1.3499999999999932,-0.11654
1.354999999999993,-0.12068
1.359999999999993,-0.104
1.3649999999999929,-0.10684
1.3699999999999928,-0.12562
1.3749999999999927,-0.08324
1.3799999999999926,-0.08131000000000001
1.3849999999999925,-0.09439
1.3899999999999924,-0.08829
1.3949999999999922,-0.07795
1.3999999999999921,-0.07364
1.404999999999992,-0.05264
1.409999999999992,-0.03167
1.4149999999999918,-0.0348
1.4199999999999917,-0.06291000000000001
1.4249999999999916,-0.053270000000000005
1.4299999999999915,-0.03808
1.4349999999999914,-0.04456
1.4399999999999913,-0.06975
1.4449999999999912,-0.01563
1.449999999999991,-0.044660000000000005
1.454999999999991,-0.01905
1.4599999999999909,-0.04315
1.4649999999999908,0.01977
1.4699999999999906,0.05722000000000001
1.4749999999999905,0.27441
1.4799999999999904,0.34997
1.4849999999999903,0.40715
1.4899999999999902,0.555
1.4949999999999901,0.59895
1.49999999999999,0.72377
1.50499999999999,0.73795
1.5099999999999898,0.69891
1.5149999999999897,0.72731
1.5199999999999896,0.64323
1.5249999999999895,0.62978
1.5299999999999894,0.54198
1.5349999999999893,0.46766
1.5399999999999892,0.44533999999999996
1.544999999999989,0.4287
1.549999999999989,0.34099
1.5549999999999888,0.38126
1.5599999999999887,0.34126999999999996
1.5649999999999886,0.30235
1.5699999999999885,0.21522
1.5749999999999884,0.2477
1.5799999999999883,0.2542
1.5849999999999882,0.23909
1.589999999999988,0.21495999999999998
1.594999999999988,0.22638000000000003
1.5999999999999879,0.26266
1.6049999999999878,0.25711
1.6099999999999877,0.14315
1.6149999999999876,0.039939999999999996
1.6199999999999875,0.00872
1.6249999999999873,0.007490000000000001
1.6299999999999872,-0.031889999999999995
1.6349999999999871,-0.03512
1.639999999999987,-0.08596000000000001
1.644999999999987,-0.0469
1.6499999999999868,-0.03615
1.6549999999999867,-0.00447
1.6599999999999866,0.01325
1.6649999999999865,0.062020000000000006
1.6699999999999864,0.06765
1.6749999999999863,0.08871
1.6799999999999862,0.08677
1.684999999999986,0.11023
1.689999999999986,0.11794
1.6949999999999859,0.10273
1.6999999999999857,0.11681
1.7049999999999856,0.12232
1.7099999999999855,0.1228
1.7149999999999854,0.12021
1.7199999999999853,0.1327
1.7249999999999852,0.13014
1.729999999999985,0.12164000000000001
1.734999999999985,0.10864000000000001
1.739999999999985,0.10578
1.7449999999999848,0.12684
1.7499999999999847,0.09986
1.7549999999999846,0.12978
1.7599999999999845,0.11225999999999998
1.7649999999999844,0.08968999999999999
1.7699999999999843,0.10482999999999999
1.7749999999999841,0.0845
1.779999999999984,0.07911
1.784999999999984,0.060070000000000005
1.7899999999999838,0.06155
1.7949999999999837,0.05337000000000001
1.7999999999999836,0.04703
1.8049999999999835,0.026289999999999997
1.8099999999999834,0.0737
1.8149999999999833,0.058820000000000004
1.8199999999999832,0.05861
1.824999999999983,0.0601
1.829999999999983,0.05705
1.8349999999999829,0.05541
1.8399999999999828,0.04145
1.8449999999999827,0.031330000000000004
1.8499999999999825,0.0319
1.8549999999999824,0.07692
1.8599999999999823,0.031330000000000004
1.8649999999999822,0.03442
1.8699999999999821,0.05269
1.874999999999982,0.07316
1.879999999999982,0.07336000000000001
1.8849999999999818,0.074
1.8899999999999817,0.07686
1.8949999999999816,0.06187
1.8999999999999815,0.09527000000000001
1.9049999999999814,0.07078
1.9099999999999813,0.07474
1.9149999999999812,0.05807999999999999
1.919999999999981,0.09616
1.924999999999981,0.08971
1.9299999999999808,0.08321
1.9349999999999807,0.08287
1.9399999999999806,0.06721
1.9449999999999805,0.08409
1.9499999999999804,0.10653
1.9549999999999803,0.0558
1.9599999999999802,0.06742000000000001
1.96499999999998,0.08709
1.96999999999998,0.08037000000000001
1.9749999999999799,0.05167000000000001
1.9799999999999798,0.055220000000000005
1.9849999999999797,0.09462999999999999
1.9899999999999796,0.0709
1.9949999999999795,0.0447
1.9999999999999793,0.08082
2.0049999999999795,0.07664
2.0099999999999794,0.09602999999999999
2.0149999999999793,0.09431
2.019999999999979,0.07987999999999999
2.024999999999979,0.09571
2.029999999999979,0.05028
2.034999999999979,0.05773
2.0399999999999787,0.0538
2.0449999999999786,0.09523999999999999
2.0499999999999785,0.07315
2.0549999999999784,0.08041
2.0599999999999783,0.05351
2.064999999999978,0.10167000000000001
2.069999999999978,0.08404
2.074999999999978,0.08479
2.079999999999978,0.06406
2.0849999999999778,0.049530000000000005
2.0899999999999777,0.04386
2.0949999999999775,0.07985
2.0999999999999774,0.09846
2.1049999999999773,0.06852000000000001
2.1099999999999772,0.055689999999999996
2.114999999999977,0.07397000000000001
2.119999999999977,0.07372000000000001
2.124999999999977,0.05156
2.129999999999977,0.055689999999999996
2.1349999999999767,0.06984
2.1399999999999766,0.05807999999999999
2.1449999999999765,0.05097
2.1499999999999764,0.059579999999999994
2.1549999999999763,0.05596
2.159999999999976,0.0371
2.164999999999976,0.05707
2.169999999999976,0.05781
2.174999999999976,0.07261000000000001
2.1799999999999757,0.051039999999999995
2.1849999999999756,0.08211
2.1899999999999755,0.04792
2.1949999999999754,0.04582
2.1999999999999753,0.058039999999999994
2.204999999999975,0.056389999999999996
2.209999999999975,0.09901
2.214999999999975,0.10232999999999999
2.219999999999975,0.11224
2.2249999999999748,0.11352999999999999
2.2299999999999747,0.11035
2.2349999999999746,0.09613
2.2399999999999745,0.08761000000000001
2.2449999999999743,0.09408
2.2499999999999742,0.0566
2.254999999999974,0.03858
2.259999999999974,0.06134
2.264999999999974,0.07124
2.269999999999974,0.03518
2.2749999999999737,0.04671
2.2799999999999736,-0.02723
2.2849999999999735,-0.03108
2.2899999999999734,-0.05814
2.2949999999999733,-0.09729
2.299999999999973,-0.13641
2.304999999999973,-0.16292
2.309999999999973,-0.1926
2.314999999999973,-0.20853000000000002
2.3199999999999728,-0.28954
2.3249999999999726,-0.35495
2.3299999999999725,-0.35002
2.3349999999999724,-0.39048
2.3399999999999723,-0.4041
2.344999999999972,-0.42795
2.349999999999972,-0.39969
2.354999999999972,-0.44782
2.359999999999972,-0.44383
2.364999999999972,-0.4361
2.3699999999999717,-0.42438000000000003
2.3749999999999716,-0.39874
2.3799999999999715,-0.38721
2.3849999999999714,-0.33376999999999996
2.3899999999999713,-0.34376999999999996
2.394999999999971,-0.29127
2.399999999999971,-0.25351999999999997
2.404999999999971,-0.23823000000000003
2.409999999999971,-0.20895
2.4149999999999707,-0.15925
2.4199999999999706,-0.16787
2.4249999999999705,-0.12157000000000001
2.4299999999999704,-0.12176
2.4349999999999703,-0.08019
2.43999999999997,-0.09885
2.44499999999997,-0.0675
2.44999999999997,-0.05351
2.45499999999997,-0.0504
2.4599999999999698,-0.07611
2.4649999999999697,-0.07141
2.4699999999999696,-0.08648
2.4749999999999694,-0.08611
2.4799999999999693,-0.06763
2.4849999999999692,-0.09369
2.489999999999969,-0.03572
2.494999999999969,-0.06461
2.499999999999969,-0.06339
2.504999999999969,-0.05637
2.5099999999999687,-0.059829999999999994
2.5149999999999686,-0.06076
2.5199999999999685,-0.06527000000000001
2.5249999999999684,-0.0691
2.5299999999999683,-0.07072
2.534999999999968,-0.05996
2.539999999999968,-0.05421
2.544999999999968,-0.06698
2.549999999999968,-0.07405
2.5549999999999677,-0.056420000000000005
2.5599999999999676,-0.02477
2.5649999999999675,-0.08185
2.5699999999999674,-0.05906
2.5749999999999673,-0.051379999999999995
2.579999999999967,-0.04673
2.584999999999967,-0.059289999999999995
2.589999999999967,-0.021830000000000002
2.594999999999967,-0.05704
2.599999999999967,-0.04641
2.6049999999999667,-0.024059999999999998
2.6099999999999666,-0.03625
2.6149999999999665,-0.04442
2.6199999999999664,-0.062029999999999995
2.6249999999999662,-0.0596
2.629999999999966,-0.040139999999999995
2.634999999999966,-0.038919999999999996
2.639999999999966,-0.0837
2.644999999999966,-0.040119999999999996
2.6499999999999657,-0.04937
2.6549999999999656,-0.07193
2.6599999999999655,-0.03972
2.6649999999999654,-0.054189999999999995
2.6699999999999653,-0.06881
2.674999999999965,-0.06192
2.679999999999965,-0.040010000000000004
2.684999999999965,-0.06037000000000001
2.689999999999965,-0.04315
2.6949999999999648,-0.02621
2.6999999999999647,-0.04394
2.7049999999999645,-0.04922
2.7099999999999644,-0.05106
2.7149999999999643,-0.03651
2.7199999999999642,-0.026560000000000004
2.724999999999964,-0.03993
2.729999999999964,-0.0556
2.734999999999964,-0.05633
2.739999999999964,-0.035019999999999996
2.7449999999999637,-0.03218
2.7499999999999636,-0.04311
2.7549999999999635,-0.02617
2.7599999999999634,-0.02107
2.7649999999999633,-0.03996
2.769999999999963,-0.04241
2.774999999999963,-0.03549
2.779999999999963,0.00957
2.784999999999963,-0.0225
2.7899999999999627,-0.015040000000000001
2.7949999999999626,-0.05322999999999999
2.7999999999999625,-0.02497
2.8049999999999624,0.01039
2.8099999999999623,-0.01065
2.814999999999962,-0.02087
2.819999999999962,-0.04185
2.824999999999962,-0.02163
2.829999999999962,-0.02121
2.8349999999999618,-0.0324
2.8399999999999617,-0.02995
2.8449999999999616,-0.02222
2.8499999999999615,-0.017490000000000002
2.8549999999999613,-0.015309999999999999
2.8599999999999612,-0.0315
2.864999999999961,-0.02613
2.869999999999961,-0.02041
2.874999999999961,-0.018090000000000002
2.879999999999961,-0.051370000000000006
2.8849999999999607,-0.018
2.8899999999999606,-0.03283
2.8949999999999605,-0.014719999999999999
2.8999999999999604,-0.02197
2.9049999999999603,-0.01975
2.90999999999996,-0.045439999999999994
2.91499999999996,-0.014490000000000001
2.91999999999996,0.00266
2.92499999999996,-0.03845
2.9299999999999597,-0.028339999999999997
2.9349999999999596,-0.0444
2.9399999999999595,-0.0044
2.9449999999999594,-0.03638
2.9499999999999593,-0.018090000000000002
2.954999999999959,-0.025910000000000002
2.959999999999959,-0.03531
2.964999999999959,-0.00778
2.969999999999959,-0.03789
2.974999999999959,-0.01648
2.9799999999999587,-0.04761
2.9849999999999586,-0.03011
2.9899999999999585,-0.013669999999999998
2.9949999999999584,-0.02918
2.9999999999999583,-0.03229
3.004999999999958,-0.022119999999999997
3.009999999999958,-0.03196
3.014999999999958,-0.04142
3.019999999999958,-0.031310000000000004
3.0249999999999577,-0.0341
3.0299999999999576,-0.020640000000000002
3.0349999999999575,-0.0022199999999999998
3.0399999999999574,-0.01901
3.0449999999999573,-0.022959999999999998
3.049999999999957,-0.01704
3.054999999999957,-0.03581
3.059999999999957,-0.02161
3.064999999999957,-0.02998
3.0699999999999568,0.0073
3.0749999999999567,-0.016030000000000003
3.0799999999999566,-0.04041
3.0849999999999564,-0.025889999999999996
3.0899999999999563,-0.02478
3.0949999999999562,-0.03648
3.099999999999956,-0.02205
3.104999999999956,-0.031760000000000004
3.109999999999956,-0.030330000000000003
3.114999999999956,-0.013630000000000001
3.1199999999999557,-0.02138
3.1249999999999556,-0.04498
3.1299999999999555,-0.040310000000000006
3.1349999999999554,-0.04267
3.1399999999999553,-0.02215
3.144999999999955,-0.00106
3.149999999999955,-0.03675
3.154999999999955,-0.04604
3.159999999999955,-0.0325
3.1649999999999547,-0.053770000000000005
3.1699999999999546,-0.03374
3.1749999999999545,-0.02779
3.1799999999999544,0.02598
3.1849999999999543,-0.04501
3.189999999999954,-0.03494
3.194999999999954,-0.01769
3.199999999999954,-0.01813
3.204999999999954,-0.04106
3.209999999999954,-0.027630000000000002
3.2149999999999537,-0.053810000000000004
3.2199999999999536,-0.0325
3.2249999999999535,-0.00722
3.2299999999999534,-0.057379999999999994
3.2349999999999532,0.0072
3.239999999999953,-0.03729
3.244999999999953,-0.050339999999999996
3.249999999999953,-0.03449
3.254999999999953,-0.0008900000000000001
3.2599999999999527,-0.03779
3.2649999999999526,-0.02101
3.2699999999999525,-0.05206
3.2749999999999524,-0.03997
3.2799999999999523,-0.025789999999999997
3.284999999999952,-0.056179999999999994
3.289999999999952,-0.07715
3.294999999999952,-0.03662
3.299999999999952,-0.08479
3.3049999999999518,-0.03347
3.3099999999999516,-0.06928
3.3149999999999515,-0.04612
3.3199999999999514,-0.07567
3.3249999999999513,-0.05145
3.329999999999951,-0.03465
3.334999999999951,-0.048260000000000004
3.339999999999951,-0.03451
3.344999999999951,-0.04281
3.349999999999951,-0.0394
3.3549999999999507,-0.04448
3.3599999999999506,-0.06321
3.3649999999999505,-0.03366
3.3699999999999504,-0.03605
3.3749999999999503,-0.01133
3.37999999999995,-0.035789999999999995
3.38499999999995,-0.02695
3.38999999999995,-0.03433
3.39499999999995,-0.060820000000000006
3.3999999999999497,-0.03333
3.4049999999999496,-0.05334
3.4099999999999495,-0.01171
3.4149999999999494,-0.02555
3.4199999999999493,-0.03592
3.424999999999949,-0.04832
3.429999999999949,-0.043519999999999996
3.434999999999949,-0.062
3.439999999999949,-0.03653
3.4449999999999488,-0.05437
3.4499999999999487,-0.0246
3.4549999999999486,-0.05325
3.4599999999999485,-0.0461
3.4649999999999483,-0.027139999999999997
3.4699999999999482,-0.061220000000000004
3.474999999999948,-0.05144
3.479999999999948,-0.04313
3.484999999999948,-0.07243
3.489999999999948,-0.051770000000000004
3.4949999999999477,-0.07424
3.4999999999999476,-0.08467000000000001
3.5049999999999475,-0.0866
3.5099999999999474,-0.08766
3.5149999999999473,-0.06992999999999999
3.519999999999947,-0.09801
3.524999999999947,-0.10909
3.529999999999947,-0.10260999999999999
3.534999999999947,-0.0836
3.5399999999999467,-0.08035
3.5449999999999466,-0.06978999999999999
3.5499999999999465,-0.06907
3.5549999999999464,-0.07925
3.5599999999999463,-0.05382000000000001
3.564999999999946,-0.06788999999999999
3.569999999999946,-0.061320000000000006
3.574999999999946,-0.06155
3.579999999999946,-0.03455
3.584999999999946,-0.06932999999999999
3.5899999999999457,-0.06224
3.5949999999999456,-0.029769999999999998
3.5999999999999455,-0.05001
3.6049999999999454,-0.0633
3.6099999999999453,-0.05347999999999999
3.614999999999945,-0.05765
3.619999999999945,-0.04796
3.624999999999945,-0.07851
3.629999999999945,-0.05625
3.6349999999999447,-0.06688999999999999
3.6399999999999446,-0.03506
3.6449999999999445,-0.07792
3.6499999999999444,-0.05678
3.6549999999999443,-0.06323
3.659999999999944,-0.10425
3.664999999999944,-0.08507999999999999
3.669999999999944,-0.06034
3.674999999999944,-0.0647
3.6799999999999438,-0.06914
3.6849999999999437,-0.071
3.6899999999999435,-0.06397
3.6949999999999434,-0.04595
3.6999999999999433,-0.06952
3.7049999999999432,-0.07923999999999999
3.709999999999943,-0.03184
3.714999999999943,-0.06269
3.719999999999943,-0.06366000000000001
3.724999999999943,-0.04428
3.7299999999999427,-0.04759
3.7349999999999426,-0.042960000000000005
3.7399999999999425,-0.02735
3.7449999999999424,-0.0276
3.7499999999999423,-0.06805
3.754999999999942,-0.06295
3.759999999999942,-0.06713
3.764999999999942,-0.06848
3.769999999999942,-0.0693
3.7749999999999417,-0.0102
3.7799999999999416,-0.0564
3.7849999999999415,-0.057870000000000005
3.7899999999999414,-0.07222999999999999
3.7949999999999413,-0.049389999999999996
3.799999999999941,-0.05923
3.804999999999941,-0.03331
3.809999999999941,-0.07024
3.814999999999941,-0.05415
3.8199999999999408,-0.08184
3.8249999999999407,-0.05362000000000001
3.8299999999999406,-0.06567
3.8349999999999405,-0.05294
3.8399999999999403,-0.08674
3.8449999999999402,-0.06375
3.84999999999994,-0.07001
3.85499999999994,-0.03865
3.85999999999994,-0.06661
3.86499999999994,-0.06362000000000001
3.8699999999999397,-0.01984
3.8749999999999396,-0.06138
3.8799999999999395,-0.06284
3.8849999999999394,-0.05775
3.8899999999999393,-0.08358
3.894999999999939,-0.02798
3.899999999999939,-0.05045
3.904999999999939,-0.03852
3.909999999999939,-0.06792999999999999
3.9149999999999388,-0.0362
3.9199999999999386,-0.06334
3.9249999999999385,-0.01681
3.9299999999999384,-0.0537
3.9349999999999383,-0.04862
3.939999999999938,-0.059070000000000004
3.944999999999938,-0.04042
3.949999999999938,-0.06636
3.954999999999938,-0.037860000000000005
3.959999999999938,-0.06996000000000001
3.9649999999999377,-0.061810000000000004
3.9699999999999376,-0.06562
3.9749999999999375,-0.07532
3.9799999999999374,-0.04002
3.9849999999999373,-0.05686
3.989999999999937,-0.07896
3.994999999999937,-0.07361000000000001
3.999999999999937,-0.052160000000000005
4.004999999999937,-0.05051
4.009999999999937,-0.05942000000000001
4.014999999999937,-0.044160000000000005
4.0199999999999365,-0.07773
4.024999999999936,-0.05996
4.029999999999936,-0.060820000000000006
4.034999999999936,-0.04539
4.039999999999936,-0.04445
4.044999999999936,-0.0359
4.049999999999936,-0.0875
4.054999999999936,-0.06914
4.059999999999936,-0.052360000000000004
4.0649999999999356,-0.04662
4.0699999999999354,-0.06657
4.074999999999935,-0.03639
4.079999999999935,-0.05604
4.084999999999935,-0.07153
4.089999999999935,-0.05022
4.094999999999935,-0.07279
4.099999999999935,-0.06699
4.104999999999935,-0.04188
4.109999999999935,-0.06195
4.1149999999999345,-0.06884
4.119999999999934,-0.05586
4.124999999999934,-0.0612
4.129999999999934,-0.03245
4.134999999999934,-0.09882
4.139999999999934,-0.061970000000000004
4.144999999999934,-0.07332000000000001
4.149999999999934,-0.04286
4.154999999999934,-0.04724
4.1599999999999335,-0.035789999999999995
4.164999999999933,-0.06213
4.169999999999933,-0.04473
4.174999999999933,-0.0879
4.179999999999933,-0.07326
4.184999999999933,-0.06277
4.189999999999933,-0.08276
4.194999999999933,-0.05789
4.199999999999933,-0.03951
4.204999999999933,-0.058589999999999996
4.2099999999999325,-0.08432
4.214999999999932,-0.05902999999999999
4.219999999999932,-0.08728999999999999
4.224999999999932,-0.08171
4.229999999999932,-0.05103
4.234999999999932,-0.07851
4.239999999999932,-0.07998999999999999
4.244999999999932,-0.07824
4.249999999999932,-0.08217
4.2549999999999315,-0.07876
4.259999999999931,-0.0742
4.264999999999931,-0.09204
4.269999999999931,-0.055979999999999995
4.274999999999931,-0.07192
4.279999999999931,-0.05417999999999999
4.284999999999931,-0.09586
4.289999999999931,-0.09682
4.294999999999931,-0.08388999999999999
4.2999999999999305,-0.0969
4.30499999999993,-0.08793
4.30999999999993,-0.07406
4.31499999999993,-0.09909
4.31999999999993,-0.11045
4.32499999999993,-0.08415
4.32999999999993,-0.09379
4.33499999999993,-0.0789
4.33999999999993,-0.08713
4.34499999999993,-0.11277999999999999
4.3499999999999295,-0.06442
4.354999999999929,-0.05819
4.359999999999929,-0.06659
4.364999999999929,-0.0476
4.369999999999929,-0.05196
4.374999999999929,-0.04728
4.379999999999929,-0.03313
4.384999999999929,-0.055929999999999994
4.389999999999929,-0.058370000000000005
4.3949999999999285,-0.05144
4.399999999999928,-0.027389999999999998
4.404999999999928,-0.06611
4.409999999999928,-0.06777999999999999
4.414999999999928,-0.03586
4.419999999999928,-0.01526
4.424999999999928,-0.0034799999999999996
4.429999999999928,-0.05421
4.434999999999928,-0.03316
4.439999999999928,-0.01796
4.4449999999999275,-0.00042
4.449999999999927,0.02972
4.454999999999927,0.04135
4.459999999999927,0.1007
4.464999999999927,0.13457
4.469999999999927,0.02363
4.474999999999927,0.05149
4.479999999999927,-0.058170000000000006
4.484999999999927,-0.01731
4.4899999999999265,0.05479
4.494999999999926,0.06685
4.499999999999926,0.07094
4.504999999999926,0.09754
4.509999999999926,0.15875999999999998
4.514999999999926,0.18293
4.519999999999926,0.2125
4.524999999999926,0.22682
4.529999999999926,0.34043
4.5349999999999255,0.39154
4.539999999999925,0.15571
4.544999999999925,0.015090000000000001
4.549999999999925,0.053029999999999994
4.554999999999925,0.04074
4.559999999999925,0.028589999999999997
4.564999999999925,-0.0077599999999999995
4.569999999999925,-0.07475
4.574999999999925,-0.08607000000000001
4.579999999999925,-0.08562
4.5849999999999245,-0.08874
4.589999999999924,-0.11009000000000001
4.594999999999924,-0.10945
4.599999999999924,-0.16419
4.604999999999924,-0.19729000000000002
4.609999999999924,-0.10542
4.614999999999924,-0.10964000000000002
4.619999999999924,-0.09256
4.624999999999924,-0.14392
4.6299999999999235,-0.12095999999999998
4.634999999999923,-0.12903
4.639999999999923,-0.0884
4.644999999999923,-0.12064000000000001
4.649999999999923,-0.10145
4.654999999999923,-0.08199
4.659999999999923,-0.09175
4.664999999999923,-0.09962
4.669999999999923,-0.10275999999999999
4.6749999999999226,-0.11544000000000001
4.6799999999999224,-0.10232999999999999
4.684999999999922,-0.09395
4.689999999999922,-0.0798
4.694999999999922,-0.08033
4.699999999999922,-0.07443999999999999
4.704999999999922,-0.07643
4.709999999999922,-0.07619
4.714999999999922,-0.10395
4.719999999999922,-0.08685
4.7249999999999215,-0.06286
4.729999999999921,-0.06634
4.734999999999921,-0.0735
4.739999999999921,-0.037989999999999996
4.744999999999921,-0.07456
4.749999999999921,-0.10042999999999999
4.754999999999921,-0.06191
4.759999999999921,-0.07076
4.764999999999921,-0.07112
4.7699999999999205,-0.05585
4.77499999999992,-0.055020000000000006
4.77999999999992,-0.06416000000000001
4.78499999999992,-0.08331000000000001
4.78999999999992,-0.07099
4.79499999999992,-0.07293
4.79999999999992,-0.05753
4.80499999999992,-0.06062000000000001
4.80999999999992,-0.0713
4.81499999999992,-0.06179
4.8199999999999195,-0.06917999999999999
4.824999999999919,-0.088
4.829999999999919,-0.07078999999999999
4.834999999999919,-0.09586
4.839999999999919,-0.0739
4.844999999999919,-0.0828
4.849999999999919,-0.10163
4.854999999999919,-0.07689
4.859999999999919,-0.09166
4.8649999999999185,-0.08273
4.869999999999918,-0.06835
4.874999999999918,-0.05685
4.879999999999918,-0.07608999999999999
4.884999999999918,-0.07241
4.889999999999918,-0.06852000000000001
4.894999999999918,-0.08589
4.899999999999918,-0.08988
4.904999999999918,-0.10964000000000002
4.9099999999999175,-0.06978
4.914999999999917,-0.06769
4.919999999999917,-0.09237999999999999
4.924999999999917,-0.07568
4.929999999999917,-0.06536
4.934999999999917,-0.08167
4.939999999999917,-0.08385
4.944999999999917,-0.07962000000000001
4.949999999999917,-0.09466000000000001
4.954999999999917,-0.0812
4.9599999999999165,-0.07341
4.964999999999916,-0.08936000000000001
4.969999999999916,-0.04857
4.974999999999916,-0.08966
4.979999999999916,-0.05143
4.984999999999916,-0.06844
4.989999999999916,-0.0632
4.994999999999916,-0.07608999999999999
4.999999999999916,-0.053739999999999996
5.0049999999999155,-0.0853
5.009999999999915,-0.09365
5.014999999999915,-0.0641
5.019999999999915,-0.07529
5.024999999999915,-0.05058
5.029999999999915,-0.055920000000000004
5.034999999999915,-0.07493
5.039999999999915,-0.0761
5.044999999999915,-0.07628
5.049999999999915,-0.06734
5.0549999999999145,-0.10157999999999999
5.059999999999914,-0.08151
5.064999999999914,-0.07456
5.069999999999914,-0.054689999999999996
5.074999999999914,-0.0724
5.079999999999914,-0.08404
5.084999999999914,-0.09154
5.089999999999914,-0.06663999999999999
5.094999999999914,-0.06773
5.0999999999999135,-0.08018
5.104999999999913,-0.07421
5.109999999999913,-0.07218
5.114999999999913,-0.09348
5.119999999999913,-0.0673
5.124999999999913,-0.0874
5.129999999999913,-0.08335
5.134999999999913,-0.055639999999999995
5.139999999999913,-0.08349
5.1449999999999125,-0.08403
5.149999999999912,-0.07662000000000001
5.154999999999912,-0.10557000000000001
5.159999999999912,-0.08984
5.164999999999912,-0.08527
5.169999999999912,-0.08946
5.174999999999912,-0.075
5.179999999999912,-0.07027
5.184999999999912,-0.07161000000000001
5.189999999999912,-0.07502
5.1949999999999115,-0.1049
5.199999999999911,-0.11313
5.204999999999911,-0.0942
5.209999999999911,-0.07779
5.214999999999911,-0.07664
5.219999999999911,-0.08747
5.224999999999911,-0.08215
5.229999999999911,-0.08495
5.234999999999911,-0.09517
5.2399999999999105,-0.08397
5.24499999999991,-0.0738
5.24999999999991,-0.07909
5.25499999999991,-0.0918
5.25999999999991,-0.10013
5.26499999999991,-0.07251
5.26999999999991,-0.08488
5.27499999999991,-0.08634
5.27999999999991,-0.10252
5.2849999999999095,-0.05535
5.289999999999909,-0.08422
5.294999999999909,-0.09566000000000001
5.299999999999909,-0.08531
5.304999999999909,-0.15319000000000002
5.309999999999909,-0.17264000000000002
5.314999999999909,-0.15732000000000002
5.319999999999909,-0.1239
5.324999999999909,-0.12937
5.329999999999909,-0.13021
5.3349999999999085,-0.147
5.339999999999908,-0.10192999999999999
5.344999999999908,-0.054479999999999994
5.349999999999908,-0.07007999999999999
5.354999999999908,-0.03048
5.359999999999908,-0.0843
5.364999999999908,-0.06494
5.369999999999908,-0.08954
5.374999999999908,-0.13868
5.3799999999999075,-0.12143
5.384999999999907,-0.1063
5.389999999999907,-0.13625
5.394999999999907,-0.17021
5.399999999999907,-0.19594
5.404999999999907,-0.21924000000000002
5.409999999999907,-0.24424
5.414999999999907,-0.30164
5.419999999999907,-0.36593000000000003
5.424999999999907,-0.36439
5.4299999999999065,-0.43533999999999995
5.434999999999906,-0.44388999999999995
5.439999999999906,-0.45583999999999997
5.444999999999906,-0.47508999999999996
5.449999999999906,-0.48708
5.454999999999906,-0.48181
5.459999999999906,-0.48458
5.464999999999906,-0.42148
5.469999999999906,-0.40681
5.4749999999999055,-0.40692
5.479999999999905,-0.34318000000000004
5.484999999999905,-0.33548
5.489999999999905,-0.29557
5.494999999999905,-0.26394
5.499999999999905,-0.24735
5.504999999999905,-0.18555
5.509999999999905,-0.15546
5.514999999999905,-0.14457
5.5199999999999045,-0.10036
5.524999999999904,-0.10976
5.529999999999904,-0.08494
5.534999999999904,-0.08022
5.539999999999904,-0.05716
5.544999999999904,-0.05267
5.549999999999904,-0.10717
5.554999999999904,-0.07777
5.559999999999904,-0.04102
5.564999999999904,-0.0493
5.5699999999999035,-0.057839999999999996
5.574999999999903,-0.07529
5.579999999999903,-0.10454000000000001
5.584999999999903,-0.06167
5.589999999999903,-0.08755
5.594999999999903,-0.06882
5.599999999999903,-0.08785
5.604999999999903,-0.04046
5.609999999999903,-0.07875
5.6149999999999025,-0.058910000000000004
5.619999999999902,-0.052820000000000006
5.624999999999902,-0.06568
5.629999999999902,-0.0753
5.634999999999902,-0.039760000000000004
5.639999999999902,-0.07357999999999999
5.644999999999902,-0.05321
5.649999999999902,-0.06621
5.654999999999902,-0.07633
5.6599999999999016,-0.04537
5.6649999999999014,-0.06209
5.669999999999901,-0.033339999999999995
5.674999999999901,-0.014230000000000001
5.679999999999901,-0.04645
5.684999999999901,-0.053020000000000005
5.689999999999901,-0.046060000000000004
5.694999999999901,-0.041089999999999995
5.699999999999901,-0.03414
5.704999999999901,-0.03739
5.7099999999999005,-0.01078
5.7149999999999,-0.04013
5.7199999999999,-0.03253
5.7249999999999,-0.040260000000000004
5.7299999999999,-0.032060000000000005
5.7349999999999,-0.0452
5.7399999999999,-0.006370000000000001
5.7449999999999,-0.02311
5.7499999999999,-0.02462
5.7549999999998995,-0.042539999999999994
5.759999999999899,-0.02062
5.764999999999899,-0.03727
5.769999999999899,-0.05711
5.774999999999899,-0.0465
5.779999999999899,-0.01735
5.784999999999899,-0.03522
5.789999999999899,-0.03321
5.794999999999899,-0.02433
5.799999999999899,-0.04772
5.8049999999998985,-0.01314
5.809999999999898,-0.01722
5.814999999999898,-0.03478
5.819999999999898,-0.03561
5.824999999999898,-0.02166
5.829999999999898,-0.07347999999999999
5.834999999999898,-0.037219999999999996
5.839999999999898,-0.02342
5.844999999999898,-0.052110000000000004
5.8499999999998975,-0.03135
5.854999999999897,-0.025639999999999996
5.859999999999897,-0.04285
5.864999999999897,-0.00045999999999999996
5.869999999999897,-0.0252
5.874999999999897,-0.028960000000000003
5.879999999999897,-0.052079999999999994
5.884999999999897,-0.035710000000000006
5.889999999999897,-0.03943
5.8949999999998965,-0.040060000000000005
5.899999999999896,-0.03952
5.904999999999896,-0.04435
5.909999999999896,-0.030410000000000003
5.914999999999896,-0.01896
5.919999999999896,-0.03545
5.924999999999896,-0.02325
5.929999999999896,-0.03705
5.934999999999896,-0.06531
5.939999999999896,-0.04734
5.9449999999998955,-0.01754
5.949999999999895,-0.034339999999999996
5.954999999999895,-0.03055
5.959999999999895,0.00263
5.964999999999895,-0.02257
5.969999999999895,-0.035039999999999995
5.974999999999895,-0.02175
5.979999999999895,-0.05004
5.984999999999895,-0.01141
5.9899999999998945,-0.05041
5.994999999999894,-0.0027199999999999998
5.999999999999894,-0.0387
6.004999999999894,-0.0441
6.009999999999894,-0.057429999999999995
6.014999999999894,-0.040119999999999996
6.019999999999894,-0.02419
6.024999999999894,0.00064
6.029999999999894,-0.03864
6.034999999999894,-0.02138
6.0399999999998935,-0.0309
6.044999999999893,-0.00267
6.049999999999893,-0.030969999999999998
6.054999999999893,-0.02219
6.059999999999893,-0.010579999999999999
6.064999999999893,-0.00908
6.069999999999893,-0.03105
6.074999999999893,-0.00594
6.079999999999893,-0.02437
6.0849999999998925,-0.00743
6.089999999999892,-0.04445
6.094999999999892,-0.0015
6.099999999999892,-0.03058
6.104999999999892,-0.06062000000000001
6.109999999999892,-0.03821
6.114999999999892,-0.03034
6.119999999999892,-0.04375
6.124999999999892,-0.02228
6.1299999999998915,-0.058120000000000005
6.134999999999891,-0.0044399999999999995
6.139999999999891,-0.02072
6.144999999999891,-0.00981
6.149999999999891,-0.03663
6.154999999999891,-0.03929
6.159999999999891,-0.01089
6.164999999999891,-0.026119999999999997
6.169999999999891,-0.020730000000000002
6.174999999999891,-0.02485
6.1799999999998905,-0.01487
6.18499999999989,-0.01038
6.18999999999989,-0.04356
6.19499999999989,-0.03636
6.19999999999989,-0.04133
6.20499999999989,-0.0174
6.20999999999989,-0.03873
6.21499999999989,-0.03669
6.21999999999989,-0.03783
6.2249999999998895,-0.07215
6.229999999999889,0.0012699999999999999
6.234999999999889,-0.00979
6.239999999999889,-0.03675
6.244999999999889,-0.01976
6.249999999999889,-0.00911
6.254999999999889,-0.0017
6.259999999999889,0.00225
6.264999999999889,-0.02085
6.2699999999998886,-0.01841
6.2749999999998884,-0.016980000000000002
6.279999999999888,-0.0352
6.284999999999888,-0.00899
6.289999999999888,-0.0249
6.294999999999888,-0.03392
6.299999999999888,-0.028419999999999997
6.304999999999888,-0.06115
6.309999999999888,-0.02101
6.314999999999888,-0.02324
6.3199999999998875,-0.025330000000000002
6.324999999999887,-0.029289999999999997
6.329999999999887,-0.03445
6.334999999999887,-0.05346
6.339999999999887,-0.03564
6.344999999999887,-0.053989999999999996
6.349999999999887,-0.039869999999999996
6.354999999999887,-0.04747
6.359999999999887,-0.03224
6.3649999999998865,-0.04193
6.369999999999886,-0.03662
6.374999999999886,-0.04657
6.379999999999886,-0.046360000000000005
6.384999999999886,-0.06592999999999999
6.389999999999886,-0.07644
6.394999999999886,-0.06874
6.399999999999886,-0.1181
6.404999999999886,-0.10396
6.409999999999886,-0.15045
6.4149999999998855,-0.14307999999999998
6.419999999999885,-0.17515999999999998
6.424999999999885,-0.11232
6.429999999999885,-0.13875
6.434999999999885,-0.13315
6.439999999999885,-0.11137999999999999
6.444999999999885,-0.07619
6.449999999999885,-0.08961000000000001
6.454999999999885,-0.08208
6.4599999999998845,-0.05869
6.464999999999884,-0.06731000000000001
6.469999999999884,-0.056870000000000004
6.474999999999884,-0.058870000000000006
6.479999999999884,-0.06084
6.484999999999884,-0.05511
6.489999999999884,-0.07472000000000001
6.494999999999884,-0.06451
6.499999999999884,-0.012490000000000001
6.5049999999998835,-0.09105
6.509999999999883,-0.06629
6.514999999999883,-0.04565
6.519999999999883,-0.05
6.524999999999883,-0.05295
6.529999999999883,-0.017230000000000002
6.534999999999883,-0.054770000000000006
6.539999999999883,-0.02817
6.544999999999883,-0.04507
6.549999999999883,-0.03732
6.5549999999998825,-0.05571
6.559999999999882,-0.04194
6.564999999999882,-0.058879999999999995
6.569999999999882,-0.07272999999999999
6.574999999999882,-0.03797
6.579999999999882,-0.05791
6.584999999999882,-0.07322000000000001
6.589999999999882,-0.03692
6.594999999999882,-0.05814
6.5999999999998815,-0.05848
6.604999999999881,-0.05415
6.609999999999881,-0.02481
6.614999999999881,-0.06946000000000001
6.619999999999881,-0.06565
6.624999999999881,-0.04904
6.629999999999881,-0.0969
6.634999999999881,-0.11041
6.639999999999881,-0.06636
6.644999999999881,-0.08247
6.6499999999998805,-0.0701
6.65499999999988,-0.10156
6.65999999999988,-0.07877999999999999
6.66499999999988,-0.07912999999999999
6.66999999999988,-0.08126
6.67499999999988,-0.08655
6.67999999999988,-0.09235
6.68499999999988,-0.09246
6.68999999999988,-0.07647000000000001
6.6949999999998795,-0.06342
6.699999999999879,-0.10335
6.704999999999879,-0.0423
6.709999999999879,-0.06085
6.714999999999879,-0.08382
6.719999999999879,-0.0646
6.724999999999879,-0.05004
6.729999999999879,-0.06533
6.734999999999879,-0.08014
6.7399999999998785,-0.07666
6.744999999999878,-0.07569
6.749999999999878,-0.04987
6.754999999999878,-0.07746
6.759999999999878,-0.06802000000000001
6.764999999999878,-0.07902999999999999
6.769999999999878,-0.07261000000000001
6.774999999999878,-0.07297000000000001
6.779999999999878,-0.08478
6.784999999999878,-0.05706
6.7899999999998775,-0.06189
6.794999999999877,-0.05397999999999999
6.799999999999877,-0.07736
6.804999999999877,-0.0734
6.809999999999877,-0.06642999999999999
6.814999999999877,-0.06283
6.819999999999877,-0.08828
6.824999999999877,-0.0541
6.829999999999877,-0.09963999999999999
6.8349999999998765,-0.059539999999999996
6.839999999999876,-0.06392
6.844999999999876,-0.0887
6.849999999999876,-0.07687000000000001
6.854999999999876,-0.053579999999999996
6.859999999999876,-0.07232999999999999
6.864999999999876,-0.057210000000000004
6.869999999999876,-0.07357000000000001
6.874999999999876,-0.07297999999999999
6.8799999999998755,-0.08031
6.884999999999875,-0.06094
6.889999999999875,-0.05279
6.894999999999875,-0.06944
6.899999999999875,-0.07072
6.904999999999875,-0.04148
6.909999999999875,-0.07585
6.914999999999875,-0.08317000000000001
6.919999999999875,-0.07547000000000001
6.924999999999875,-0.07386000000000001
6.9299999999998745,-0.07884
6.934999999999874,-0.0756
6.939999999999874,-0.051210000000000006
6.944999999999874,-0.06246
6.949999999999874,-0.07329
6.954999999999874,-0.07307999999999999
6.959999999999874,-0.038110000000000005
6.964999999999874,-0.09888
6.969999999999874,-0.06505
6.9749999999998735,-0.07082000000000001
6.979999999999873,-0.0828
6.984999999999873,-0.07821
6.989999999999873,-0.06771
6.994999999999873,-0.08974
6.999999999999873,-0.07066
7.004999999999873,-0.07437
7.009999999999873,-0.09153
7.014999999999873,-0.06942000000000001
7.019999999999873,-0.08676
7.0249999999998725,-0.08655
7.029999999999872,-0.06836
7.034999999999872,-0.05825
7.039999999999872,-0.06408
7.044999999999872,-0.06125
7.049999999999872,-0.08277999999999999
7.054999999999872,-0.08476
7.059999999999872,-0.07607
7.064999999999872,-0.06956
7.0699999999998715,-0.08347
7.074999999999871,-0.044
7.079999999999871,-0.07712000000000001
7.084999999999871,-0.07729
7.089999999999871,-0.08989
7.094999999999871,-0.05284
7.099999999999871,-0.06362999999999999
7.104999999999871,-0.05687999999999999
7.109999999999871,-0.06758
7.1149999999998705,-0.08138
7.11999999999987,-0.07568
7.12499999999987,-0.07225
7.12999999999987,-0.07979
7.13499999999987,-0.059770000000000004
7.13999999999987,-0.07662000000000001
7.14499999999987,-0.0943
7.14999999999987,-0.07023
7.15499999999987,-0.11025
7.15999999999987,-0.07867
7.1649999999998695,-0.05807999999999999
7.169999999999869,-0.05376
7.174999999999869,-0.04649
7.179999999999869,-0.07736
7.184999999999869,-0.08918999999999999
7.189999999999869,-0.0818
7.194999999999869,-0.06725
7.199999999999869,-0.04865
7.204999999999869,-0.07053999999999999
7.2099999999998685,-0.056639999999999996
7.214999999999868,-0.07265
7.219999999999868,-0.06512000000000001
7.224999999999868,-0.08501
7.229999999999868,-0.06035
7.234999999999868,-0.05099
7.239999999999868,-0.07832
7.244999999999868,-0.0633
7.249999999999868,-0.02804
7.2549999999998676,-0.07537999999999999
7.2599999999998674,-0.0847
7.264999999999867,-0.048010000000000004
7.269999999999867,-0.09502000000000001
7.274999999999867,-0.08083
7.279999999999867,-0.07472000000000001
7.284999999999867,-0.09162999999999999
7.289999999999867,-0.07175
7.294999999999867,-0.05
7.299999999999867,-0.07153
7.3049999999998665,-0.06752999999999999
7.309999999999866,-0.060779999999999994
7.314999999999866,-0.05945
7.319999999999866,-0.08206000000000001
7.324999999999866,-0.10585
7.329999999999866,-0.07521
7.334999999999866,-0.06931
7.339999999999866,-0.08834
7.344999999999866,-0.08245
7.3499999999998655,-0.08086
7.354999999999865,-0.05935
7.359999999999865,-0.10272
7.364999999999865,-0.07359
7.369999999999865,-0.07502
7.374999999999865,-0.07696
7.379999999999865,-0.09942000000000001
7.384999999999865,-0.07197
7.389999999999865,-0.11185999999999999
7.394999999999865,-0.0558
7.3999999999998645,-0.09257
7.404999999999864,-0.09917000000000001
7.409999999999864,-0.07971
7.414999999999864,-0.09083
7.419999999999864,-0.074
7.424999999999864,-0.06941
7.429999999999864,-0.06696
7.434999999999864,-0.09559
7.439999999999864,-0.06834
7.4449999999998635,-0.06387999999999999
7.449999999999863,-0.08531
7.454999999999863,-0.059
7.459999999999863,-0.058820000000000004
7.464999999999863,-0.05376
7.469999999999863,-0.054439999999999995
7.474999999999863,-0.03758
7.479999999999863,-0.024659999999999998
7.484999999999863,-0.06191
7.4899999999998625,-0.06431
7.494999999999862,-0.057229999999999996
7.499999999999862,-0.01383
7.504999999999862,-0.03655
7.509999999999862,-0.03852
7.514999999999862,-0.07418999999999999
7.519999999999862,-0.02985
7.524999999999862,-0.03338
7.529999999999862,-0.06142
7.534999999999862,-0.014709999999999999
7.5399999999998615,0.03669
7.544999999999861,0.0551
7.549999999999861,0.11882999999999999
7.554999999999861,0.10156
7.559999999999861,0.07203
7.564999999999861,0.01404
7.569999999999861,0.024630000000000003
7.574999999999861,-0.0031899999999999997
7.579999999999861,-0.02144
7.5849999999998605,0.00073
7.58999999999986,0.07303
7.59499999999986,0.05566
7.59999999999986,0.13951
7.60499999999986,0.10027
7.60999999999986,0.14615
7.61499999999986,0.14196
7.61999999999986,0.1794
7.62499999999986,0.10840999999999999
7.62999999999986,0.14819000000000002
7.6349999999998595,0.03392
7.639999999999859,0.00505
7.644999999999859,-0.04015
7.649999999999859,-0.10572999999999999
7.654999999999859,-0.11524000000000001
7.659999999999859,-0.16014
7.664999999999859,-0.19379000000000002
7.669999999999859,-0.20939000000000002
7.674999999999859,-0.231
7.6799999999998585,-0.2362
7.684999999999858,-0.25094
7.689999999999858,-0.24311
7.694999999999858,-0.20794
7.699999999999858,-0.19349
7.704999999999858,-0.26415
7.709999999999858,-0.26058000000000003
7.714999999999858,-0.24831999999999999
7.719999999999858,-0.25656999999999996
7.7249999999998575,-0.22516999999999998
7.729999999999857,-0.22058000000000003
7.734999999999857,-0.21952
7.739999999999857,-0.23144
7.744999999999857,-0.2469
7.749999999999857,-0.22963000000000003
7.754999999999857,-0.23729
7.759999999999857,-0.20297
7.764999999999857,-0.18986
7.769999999999857,-0.23548000000000002
7.7749999999998565,-0.21996
7.779999999999856,-0.23931
7.784999999999856,-0.23035
7.789999999999856,-0.19009
7.794999999999856,-0.21786
7.799999999999856,-0.21477
7.804999999999856,-0.20617
7.809999999999856,-0.20188
7.814999999999856,-0.20256
7.8199999999998555,-0.18274
7.824999999999855,-0.17955
7.829999999999855,-0.19247
7.834999999999855,-0.18841
7.839999999999855,-0.15875
7.844999999999855,-0.17375
7.849999999999855,-0.22978
7.854999999999855,-0.18898
7.859999999999855,-0.21303000000000002
7.8649999999998546,-0.21456999999999998
7.8699999999998544,-0.19158
7.874999999999854,-0.17895999999999998
7.879999999999854,-0.1972
7.884999999999854,-0.19951
7.889999999999854,-0.18284
7.894999999999854,-0.1677
7.899999999999854,-0.20589000000000002
7.904999999999854,-0.20584000000000002
7.909999999999854,-0.20789000000000002
7.9149999999998535,-0.23365
7.919999999999853,-0.19063
7.924999999999853,-0.19585
7.929999999999853,-0.20521999999999999
7.934999999999853,-0.19284
7.939999999999853,-0.24128000000000002
7.944999999999853,-0.20783000000000001
7.949999999999853,-0.23274
7.954999999999853,-0.20785
7.9599999999998525,-0.18309
7.964999999999852,-0.21453000000000003
7.969999999999852,-0.21545
7.974999999999852,-0.19067
7.979999999999852,-0.19835
7.984999999999852,-0.22891
7.989999999999852,-0.19905
7.994999999999852,-0.22088000000000002
7.999999999999852,-0.2213
8.004999999999852,-0.21958000000000003
8.009999999999852,-0.18706
8.014999999999853,-0.23545
8.019999999999854,-0.21973
8.024999999999855,-0.19491
8.029999999999855,-0.20881
8.034999999999856,-0.22954000000000002
8.039999999999857,-0.20676999999999998
8.044999999999858,-0.21297
8.049999999999859,-0.19821
8.05499999999986,-0.20184000000000002
8.05999999999986,-0.19852999999999998
8.064999999999861,-0.18971
8.069999999999862,-0.17842
8.074999999999863,-0.18689
8.079999999999863,-0.21889
8.084999999999864,-0.20057
8.089999999999865,-0.20254
8.094999999999866,-0.21605
8.099999999999866,-0.22303
8.104999999999867,-0.24724000000000002
8.109999999999868,-0.19657
8.114999999999869,-0.16948
8.11999999999987,-0.19841
8.12499999999987,-0.21586999999999998
8.129999999999871,-0.20496999999999999
8.134999999999872,-0.1608
8.139999999999873,-0.18968
8.144999999999873,-0.19839
8.149999999999874,-0.22823000000000002
8.154999999999875,-0.22791999999999998
8.159999999999876,-0.19059
8.164999999999877,-0.1966
8.169999999999877,-0.19387000000000001
8.174999999999878,-0.19605
8.179999999999879,-0.18703
8.18499999999988,-0.19386
8.18999999999988,-0.22376999999999997
8.194999999999881,-0.1956
8.199999999999882,-0.20521999999999999
8.204999999999883,-0.18212
8.209999999999884,-0.18675
8.214999999999884,-0.19560999999999998
8.219999999999885,-0.19844
8.224999999999886,-0.20039
8.229999999999887,-0.17822000000000002
8.234999999999888,-0.20961999999999997
8.239999999999888,-0.22345
8.244999999999889,-0.15646
8.24999999999989,-0.20106
8.25499999999989,-0.20658
8.259999999999891,-0.19767
8.264999999999892,-0.19835999999999998
8.269999999999893,-0.22451999999999997
8.274999999999894,-0.19977
8.279999999999895,-0.19472
8.284999999999895,-0.1685
8.289999999999896,-0.19032000000000002
8.294999999999897,-0.20254
8.299999999999898,-0.18094000000000002
8.304999999999898,-0.1913
8.3099999999999,-0.2002
8.3149999999999,-0.1826
8.3199999999999,-0.19994
8.324999999999902,-0.21434
8.329999999999902,-0.1805
8.334999999999903,-0.21886999999999998
8.339999999999904,-0.21011999999999997
8.344999999999905,-0.22319
8.349999999999905,-0.20440999999999998
8.354999999999906,-0.21059
8.359999999999907,-0.19623
8.364999999999908,-0.21831
8.369999999999909,-0.20382
8.37499999999991,-0.20858000000000002
8.37999999999991,-0.19428
8.384999999999911,-0.18366
8.389999999999912,-0.21119000000000002
8.394999999999913,-0.20669
8.399999999999913,-0.20054
8.404999999999914,-0.19726
8.409999999999915,-0.2187
8.414999999999916,-0.21408000000000002
8.419999999999916,-0.20792
8.424999999999917,-0.22776
8.429999999999918,-0.22341
8.434999999999919,-0.21139000000000002
8.43999999999992,-0.20975
8.44499999999992,-0.21286
8.449999999999921,-0.22616999999999998
8.454999999999922,-0.20415999999999998
8.459999999999923,-0.18880999999999998
8.464999999999923,-0.20455
8.469999999999924,-0.21938000000000002
8.474999999999925,-0.2068
8.479999999999926,-0.18151
8.484999999999927,-0.22678
8.489999999999927,-0.21961
8.494999999999928,-0.2287
8.499999999999929,-0.19542
8.50499999999993,-0.1999
8.50999999999993,-0.22174000000000002
8.514999999999931,-0.19472
8.519999999999932,-0.21044000000000002
8.524999999999933,-0.21669000000000002
8.529999999999934,-0.1947
8.534999999999934,-0.20079
8.539999999999935,-0.2006
8.544999999999936,-0.19276
8.549999999999937,-0.20419
8.554999999999938,-0.23625
8.559999999999938,-0.18791
8.564999999999939,-0.22918000000000002
8.56999999999994,-0.21235
8.57499999999994,-0.19169
8.579999999999941,-0.20823000000000003
8.584999999999942,-0.22361999999999999
8.589999999999943,-0.20071
8.594999999999944,-0.23961
8.599999999999945,-0.20045
8.604999999999945,-0.21365
8.609999999999946,-0.21939
8.614999999999947,-0.23494
8.619999999999948,-0.21434
8.624999999999948,-0.22898000000000002
8.62999999999995,-0.2147
8.63499999999995,-0.21946999999999997
8.63999999999995,-0.23134000000000002
8.644999999999952,-0.21871999999999997
8.649999999999952,-0.21186
8.654999999999953,-0.23412
8.659999999999954,-0.22273
8.664999999999955,-0.22696999999999998
8.669999999999956,-0.23931999999999998
8.674999999999956,-0.22354000000000002
8.679999999999957,-0.20988
8.684999999999958,-0.20163
8.689999999999959,-0.21768
8.69499999999996,-0.21769000000000002
8.69999999999996,-0.22678
8.704999999999961,-0.2171
8.709999999999962,-0.19161
8.714999999999963,-0.18395999999999998
8.719999999999963,-0.23028
8.724999999999964,-0.21975
8.729999999999965,-0.20574
8.734999999999966,-0.23781999999999998
8.739999999999966,-0.21625
8.744999999999967,-0.21168
8.749999999999968,-0.19913
8.754999999999969,-0.21111
8.75999999999997,-0.24201999999999999
8.76499999999997,-0.2642
8.769999999999971,-0.24649000000000001
8.774999999999972,-0.28376999999999997
8.779999999999973,-0.29686
8.784999999999973,-0.29334
8.789999999999974,-0.31285999999999997
8.794999999999975,-0.28357
8.799999999999976,-0.34460999999999997
8.804999999999977,-0.33552
8.809999999999977,-0.38221
8.814999999999978,-0.39634
8.819999999999979,-0.44466000000000006
8.82499999999998,-0.48465
8.82999999999998,-0.5266
8.834999999999981,-0.52763
8.839999999999982,-0.55609
8.844999999999983,-0.59175
8.849999999999984,-0.60349
8.854999999999984,-0.61101
8.859999999999985,-0.61833
8.864999999999986,-0.5995
8.869999999999987,-0.60875
8.874999999999988,-0.5596
8.879999999999988,-0.56966
8.88499999999999,-0.60373
8.88999999999999,-0.61405
8.89499999999999,-0.54242
8.899999999999991,-0.53408
8.904999999999992,-0.51377
8.909999999999993,-0.52189
8.914999999999994,-0.45643999999999996
8.919999999999995,-0.40703
8.924999999999995,-0.39843
8.929999999999996,-0.38466999999999996
8.934999999999997,-0.29461
8.939999999999998,-0.27216
8.944999999999999,-0.18408
8.95,-0.18341
8.955,-0.13373
8.96,-0.11054000000000001
8.965000000000002,-0.1215
8.970000000000002,-0.1076
8.975000000000003,-0.1193
8.980000000000004,-0.11406
8.985000000000005,-0.08909
8.990000000000006,-0.11062999999999999
8.995000000000006,-0.11294000000000001
9.000000000000007,-0.10344
9.005000000000008,-0.10511
9.010000000000009,-0.06598
9.01500000000001,-0.08922000000000001
9.02000000000001,-0.10589000000000001
9.025000000000011,-0.08349
9.030000000000012,-0.06344
9.035000000000013,-0.06014
9.040000000000013,-0.09863999999999999
9.045000000000014,-0.08256000000000001
9.050000000000015,-0.0969
9.055000000000016,-0.11713
9.060000000000016,-0.0645
9.065000000000017,-0.08363999999999999
9.070000000000018,-0.08916
9.075000000000019,-0.07931
9.08000000000002,-0.10327
9.08500000000002,-0.07979
9.090000000000021,-0.05625
9.095000000000022,-0.08043
9.100000000000023,-0.07303
9.105000000000024,-0.08029
9.110000000000024,-0.05619
9.115000000000025,-0.07485
9.120000000000026,-0.10171000000000001
9.125000000000027,-0.07731
9.130000000000027,-0.0823
9.135000000000028,-0.06381
9.140000000000029,-0.07404
9.14500000000003,-0.08915
9.15000000000003,-0.1014
9.155000000000031,-0.0708
9.160000000000032,-0.05416
9.165000000000033,-0.054770000000000006
9.170000000000034,-0.061529999999999994
9.175000000000034,-0.08372
9.180000000000035,-0.04087
9.185000000000036,-0.08272
9.190000000000037,-0.06116
9.195000000000038,-0.05217
9.200000000000038,-0.0983
9.20500000000004,-0.07021000000000001
9.21000000000004,-0.09625
9.21500000000004,-0.09602999999999999
9.220000000000041,-0.0601
9.225000000000042,-0.0463
9.230000000000043,-0.07644
9.235000000000044,-0.07739
9.240000000000045,-0.06975
9.245000000000045,-0.07148
9.250000000000046,-0.07454
9.255000000000047,-0.057589999999999995
9.260000000000048,-0.03823
9.265000000000049,-0.08383
9.27000000000005,-0.036469999999999995
9.27500000000005,-0.08636
9.28000000000005,-0.05011
9.285000000000052,-0.06444
9.290000000000052,-0.07894
9.295000000000053,-0.05281
9.300000000000054,-0.0908
9.305000000000055,-0.051629999999999995
9.310000000000056,-0.06122999999999999
9.315000000000056,-0.04973
9.320000000000057,-0.07372999999999999
9.325000000000058,-0.06327
9.330000000000059,-0.045630000000000004
9.33500000000006,-0.06705
9.34000000000006,-0.06705
9.345000000000061,-0.06258
9.350000000000062,-0.05987000000000001
9.355000000000063,-0.04189
9.360000000000063,-0.07057999999999999
9.365000000000064,-0.08254
9.370000000000065,-0.07736
9.375000000000066,-0.07717
9.380000000000067,-0.08957999999999999
9.385000000000067,-0.08821
9.390000000000068,-0.07186000000000001
9.395000000000069,-0.06992000000000001
9.40000000000007,-0.062279999999999995
9.40500000000007,-0.0375
9.410000000000071,-0.05004
9.415000000000072,-0.05215
9.420000000000073,-0.06192
9.425000000000074,-0.07896
9.430000000000074,-0.07465
9.435000000000075,-0.050089999999999996
9.440000000000076,-0.08337
9.445000000000077,-0.0627
9.450000000000077,-0.07635
9.455000000000078,-0.04412
9.460000000000079,-0.06738
9.46500000000008,-0.0445
9.47000000000008,-0.04464
9.475000000000081,-0.07346
9.480000000000082,-0.056429999999999994
9.485000000000083,-0.05851
9.490000000000084,-0.06754
9.495000000000084,-0.05334
9.500000000000085,-0.05565
9.505000000000086,-0.04885
9.510000000000087,-0.08959
9.515000000000088,-0.06853
9.520000000000088,-0.05101
9.52500000000009,-0.06681000000000001
9.53000000000009,-0.05661
9.53500000000009,-0.05451
9.540000000000092,-0.0596
9.545000000000092,-0.04665
9.550000000000093,-0.0685
9.555000000000094,-0.06667999999999999
9.560000000000095,-0.05811
9.565000000000095,-0.052829999999999995
9.570000000000096,-0.04964
9.575000000000097,-0.052570000000000006
9.580000000000098,-0.06362000000000001
9.585000000000099,-0.041010000000000005
9.5900000000001,-0.07165
9.5950000000001,-0.06734
9.600000000000101,-0.056920000000000005
9.605000000000102,-0.0546
9.610000000000102,-0.04531
9.615000000000103,-0.056679999999999994
9.620000000000104,-0.08487
9.625000000000105,-0.060989999999999996
9.630000000000106,-0.06225
9.635000000000106,-0.07171
9.640000000000107,-0.06316000000000001
9.645000000000108,-0.05329
9.650000000000109,-0.05093
9.65500000000011,-0.06744
9.66000000000011,-0.07641
9.665000000000111,-0.0418
9.670000000000112,-0.07048
9.675000000000113,-0.03782
9.680000000000113,-0.07124
9.685000000000114,-0.08375
9.690000000000115,-0.01971
9.695000000000116,-0.05882999999999999
9.700000000000117,-0.045810000000000003
9.705000000000117,-0.061189999999999994
9.710000000000118,-0.035910000000000004
9.715000000000119,-0.061779999999999995
9.72000000000012,-0.06604
9.72500000000012,-0.06496
9.730000000000121,-0.08355
9.735000000000122,-0.06705
9.740000000000123,-0.04702
9.745000000000124,-0.044360000000000004
9.750000000000124,-0.084
9.755000000000125,-0.08154
9.760000000000126,-0.08657999999999999
9.765000000000127,-0.0832
9.770000000000127,-0.039189999999999996
9.775000000000128,-0.07612000000000001
9.780000000000129,-0.03302
9.78500000000013,-0.03397
9.79000000000013,-0.06287000000000001
9.795000000000131,-0.059860000000000003
9.800000000000132,-0.06326
9.805000000000133,-0.09572
9.810000000000134,-0.06316000000000001
9.815000000000135,-0.06964
9.820000000000135,-0.06498
9.825000000000136,-0.048
9.830000000000137,-0.06766
9.835000000000138,-0.06468
9.840000000000138,-0.06967000000000001
9.84500000000014,-0.04689
9.85000000000014,-0.07143
9.85500000000014,-0.07257000000000001
9.860000000000142,-0.07703
9.865000000000142,-0.037489999999999996
9.870000000000143,-0.03768
9.875000000000144,-0.06493
9.880000000000145,-0.0427
9.885000000000145,-0.054810000000000005
9.890000000000146,-0.05801
9.895000000000147,-0.048889999999999996
9.900000000000148,-0.04202
9.905000000000149,-0.06665
9.91000000000015,-0.040530000000000004
9.91500000000015,-0.07282000000000001
9.920000000000151,-0.07036
9.925000000000152,-0.06417
9.930000000000152,-0.06838999999999999
9.935000000000153,-0.07987000000000001
9.940000000000154,-0.06094
9.945000000000155,-0.041139999999999996
9.950000000000156,-0.05786
9.955000000000156,-0.0635
9.960000000000157,-0.052329999999999995
9.965000000000158,-0.05571
9.970000000000159,-0.030180000000000002
9.97500000000016,-0.07115
9.98000000000016,-0.04545
9.985000000000161,-0.02336
9.990000000000162,-0.07125
9.995000000000163,-0.04173
10.000000000000163,-0.07309
10.005000000000164,-0.04165
10.010000000000165,-0.06452999999999999
10.015000000000166,-0.057429999999999995
10.020000000000167,-0.05108
10.025000000000167,-0.08621000000000001
10.030000000000168,-0.061079999999999995
10.035000000000169,-0.07139
10.04000000000017,-0.07081
10.04500000000017,-0.035269999999999996
10.050000000000171,-0.03141
10.055000000000172,-0.06828
10.060000000000173,-0.06342
10.065000000000174,-0.05139
10.070000000000174,-0.06309
10.075000000000175,-0.039
10.080000000000176,-0.04224
10.085000000000177,-0.0627
10.090000000000177,-0.05459
10.095000000000178,-0.04824
10.100000000000179,-0.08992
10.10500000000018,-0.05474
10.11000000000018,-0.06883
10.115000000000181,-0.0587
10.120000000000182,-0.03915
10.125000000000183,-0.02864
10.130000000000184,-0.0779
10.135000000000185,-0.059039999999999995
10.140000000000185,-0.02568
10.145000000000186,-0.07316
10.150000000000187,-0.041960000000000004
10.155000000000188,-0.052570000000000006
10.160000000000188,-0.06736
10.16500000000019,-0.08338999999999999
10.17000000000019,-0.05842000000000001
10.17500000000019,-0.047939999999999997
10.180000000000192,-0.067
10.185000000000192,-0.0512
10.190000000000193,-0.059910000000000005
10.195000000000194,-0.05599
10.200000000000195,-0.06184
10.205000000000195,-0.09396
10.210000000000196,-0.05552000000000001
10.215000000000197,-0.04749
10.220000000000198,-0.08084
10.225000000000199,-0.06766
10.2300000000002,-0.05965
10.2350000000002,-0.04832
10.240000000000201,-0.08613
10.245000000000202,-0.07134
10.250000000000203,-0.0523
10.255000000000203,-0.05354
10.260000000000204,-0.08104
10.265000000000205,-0.06355
10.270000000000206,-0.04725
10.275000000000206,-0.08011
10.280000000000207,-0.06387999999999999
10.285000000000208,-0.060529999999999994
10.290000000000209,-0.03445
10.29500000000021,-0.05952
10.30000000000021,-0.04235
10.305000000000211,-0.06254
10.310000000000212,-0.04818
10.315000000000213,-0.07272
10.320000000000213,-0.06518
10.325000000000214,-0.031939999999999996
10.330000000000215,-0.036
10.335000000000216,-0.01832
10.340000000000217,-0.06046
10.345000000000217,-0.0476
10.350000000000218,-0.054029999999999995
10.355000000000219,-0.06051
10.36000000000022,-0.06439
10.36500000000022,-0.06763
10.370000000000221,-0.09078
10.375000000000222,-0.06055
10.380000000000223,-0.0723
10.385000000000224,-0.06448
10.390000000000224,-0.08305
10.395000000000225,-0.050289999999999994
10.400000000000226,-0.08047
10.405000000000227,-0.041319999999999996
10.410000000000228,-0.047580000000000004
10.415000000000228,-0.06382
10.420000000000229,-0.054810000000000005
10.42500000000023,-0.05658
10.43000000000023,-0.06039
10.435000000000231,-0.05164
10.440000000000232,-0.07516
10.445000000000233,-0.06348
10.450000000000234,-0.06332
10.455000000000235,-0.042480000000000004
10.460000000000235,-0.03478
10.465000000000236,-0.07209
10.470000000000237,-0.04557
10.475000000000238,-0.07137
10.480000000000238,-0.05731
10.48500000000024,-0.07939
10.49000000000024,-0.029419999999999998
10.49500000000024,-0.06364
10.500000000000242,-0.07789
10.505000000000242,-0.08792
10.510000000000243,-0.06142
10.515000000000244,-0.04161
10.520000000000245,-0.04726
10.525000000000245,-0.05099
10.530000000000246,-0.06529
10.535000000000247,-0.06164
10.540000000000248,-0.02544
10.545000000000249,-0.02621
10.55000000000025,-0.06067
10.55500000000025,-0.05827
10.560000000000251,-0.05558
10.565000000000252,-0.06372
10.570000000000253,-0.05927999999999999
10.575000000000253,-0.06461
10.580000000000254,-0.038689999999999995
10.585000000000255,-0.05265
10.590000000000256,-0.044219999999999995
10.595000000000256,-0.03905
10.600000000000257,-0.07199
10.605000000000258,-0.05463
10.610000000000259,-0.01586
10.61500000000026,-0.07023
10.62000000000026,-0.05295
10.625000000000261,-0.06348999999999999
10.630000000000262,-0.07636
10.635000000000263,-0.05782
10.640000000000263,-0.0412
10.645000000000264,-0.04888
10.650000000000265,-0.031310000000000004
10.655000000000266,-0.06435
10.660000000000267,-0.03695
10.665000000000267,-0.05197
10.670000000000268,-0.05745
10.675000000000269,-0.04852
10.68000000000027,-0.04169
10.68500000000027,-0.0647
10.690000000000271,-0.03152
10.695000000000272,-0.038130000000000004
10.700000000000273,-0.06627999999999999
10.705000000000274,-0.03572
10.710000000000274,-0.05464
10.715000000000275,-0.06437999999999999
10.720000000000276,-0.04507
10.725000000000277,-0.07354
10.730000000000278,-0.05677000000000001
10.735000000000278,-0.053610000000000005
10.740000000000279,-0.052629999999999996
10.74500000000028,-0.03112
10.75000000000028,-0.05844
10.755000000000281,-0.02597
10.760000000000282,-0.06372
10.765000000000283,-0.04931
10.770000000000284,-0.05778
10.775000000000285,-0.08337
10.780000000000285,-0.08442999999999999
10.785000000000286,-0.06122999999999999
10.790000000000287,-0.06483
10.795000000000288,-0.05924
10.800000000000288,-0.04558
10.80500000000029,-0.06351
10.81000000000029,-0.036989999999999995
10.81500000000029,-0.04723
10.820000000000292,-0.06817999999999999
10.825000000000292,-0.0661
10.830000000000293,-0.047619999999999996
10.835000000000294,-0.05479
10.840000000000295,-0.057210000000000004
10.845000000000296,-0.05628
10.850000000000296,-0.06451
10.855000000000297,-0.0488
10.860000000000298,-0.04898
10.865000000000299,-0.05499
10.8700000000003,-0.054939999999999996
10.8750000000003,-0.06824
10.880000000000301,-0.04582
10.885000000000302,-0.05345
10.890000000000303,-0.06071
10.895000000000303,-0.06935
10.900000000000304,-0.06972
10.905000000000305,-0.040139999999999995
10.910000000000306,-0.04195
10.915000000000306,-0.08329
10.920000000000307,-0.06151
10.925000000000308,-0.08012999999999999
10.930000000000309,-0.049389999999999996
10.93500000000031,-0.06601
10.94000000000031,-0.07071000000000001
10.945000000000311,-0.06116
10.950000000000312,-0.06765
10.955000000000313,-0.06837
10.960000000000313,-0.03965
10.965000000000314,-0.05848
10.970000000000315,-0.055139999999999995
10.975000000000316,-0.0655
10.980000000000317,-0.059179999999999996
10.985000000000317,-0.08181000000000001
10.990000000000318,-0.08093
10.995000000000319,-0.05135
11.00000000000032,-0.06089
11.00500000000032,-0.0817
11.010000000000321,-0.03581
11.015000000000322,-0.057870000000000005
11.020000000000323,-0.07408
11.025000000000324,-0.02522
11.030000000000324,-0.058379999999999994
11.035000000000325,-0.0582
11.040000000000326,-0.03538
11.045000000000327,-0.07085
11.050000000000328,-0.061070000000000006
11.055000000000328,-0.08616
11.06000000000033,-0.06477999999999999
11.06500000000033,-0.04117
11.07000000000033,-0.053610000000000005
11.075000000000331,-0.07407000000000001
11.080000000000332,-0.06473999999999999
11.085000000000333,-0.06088
11.090000000000334,-0.06314
11.095000000000335,-0.0605
11.100000000000335,-0.08338999999999999
11.105000000000336,-0.03784
11.110000000000337,-0.05702
11.115000000000338,-0.03588
11.120000000000339,-0.06717000000000001
11.12500000000034,-0.055889999999999995
11.13000000000034,-0.0484
11.13500000000034,-0.07152
11.140000000000342,-0.05025
11.145000000000342,-0.015719999999999998
11.150000000000343,-0.021830000000000002
11.155000000000344,-0.0655
11.160000000000345,-0.07176
11.165000000000346,-0.04217
11.170000000000346,-0.052320000000000005
11.175000000000347,-0.07496
11.180000000000348,-0.05081
11.185000000000349,-0.07726
11.19000000000035,-0.07368
11.19500000000035,-0.054770000000000006
11.200000000000351,-0.042460000000000005
11.205000000000352,-0.06932999999999999
11.210000000000353,-0.032
11.215000000000353,-0.05279
11.220000000000354,-0.05861
11.225000000000355,-0.054939999999999996
11.230000000000356,-0.061220000000000004
11.235000000000356,-0.030660000000000003
11.240000000000357,-0.0547
11.245000000000358,-0.06795
11.250000000000359,-0.037380000000000004
11.25500000000036,-0.05897
11.26000000000036,-0.06097999999999999
11.265000000000361,-0.05619
11.270000000000362,-0.05521
11.275000000000363,-0.05122
11.280000000000364,-0.06138
11.285000000000364,-0.04993
11.290000000000365,-0.05095
11.295000000000366,-0.044660000000000005
11.300000000000367,-0.07286000000000001
11.305000000000367,-0.05341
11.310000000000368,-0.0223
11.315000000000369,-0.05586
11.32000000000037,-0.04167
11.32500000000037,-0.06377000000000001
11.330000000000371,-0.09086
11.335000000000372,-0.055979999999999995
11.340000000000373,-0.055029999999999996
11.345000000000374,-0.05003
11.350000000000374,-0.04711
11.355000000000375,-0.08073
11.360000000000376,-0.07839
11.365000000000377,-0.048389999999999996
11.370000000000378,-0.046939999999999996
11.375000000000378,-0.04908
11.38000000000038,-0.0466
11.38500000000038,-0.052070000000000005
11.39000000000038,-0.041530000000000004
11.395000000000381,-0.05728
11.400000000000382,-0.04793
11.405000000000383,-0.07533
11.410000000000384,-0.03978
11.415000000000385,-0.03779
11.420000000000385,-0.061560000000000004
11.425000000000386,-0.04911
11.430000000000387,-0.051620000000000006
11.435000000000388,-0.049510000000000005
11.440000000000389,-0.060629999999999996
11.44500000000039,-0.043930000000000004
11.45000000000039,-0.04832
11.45500000000039,-0.055929999999999994
11.460000000000392,-0.05292
11.465000000000392,-0.05488
11.470000000000393,-0.06805
11.475000000000394,-0.06352999999999999
11.480000000000395,-0.0583
11.485000000000396,-0.0645
11.490000000000396,-0.052989999999999995
11.495000000000397,-0.06347
11.500000000000398,-0.06281
11.505000000000399,-0.04305
11.5100000000004,-0.03897
11.5150000000004,-0.07159
11.520000000000401,-0.06695
11.525000000000402,-0.04823
11.530000000000403,-0.04663
11.535000000000403,-0.02973
11.540000000000404,-0.05874
11.545000000000405,-0.06342
11.550000000000406,-0.02887
11.555000000000407,-0.06752999999999999
11.560000000000407,-0.051579999999999994
11.565000000000408,-0.03614
11.570000000000409,-0.0518
11.57500000000041,-0.04555
11.58000000000041,-0.02755
11.585000000000411,-0.034589999999999996
11.590000000000412,-0.05346
11.595000000000413,-0.03927
11.600000000000414,-0.03841
11.605000000000414,-0.06532
11.610000000000415,-0.04161
11.615000000000416,-0.052879999999999996
11.620000000000417,-0.05407000000000001
11.625000000000417,-0.03829
11.630000000000418,-0.05764
11.635000000000419,-0.04212
11.64000000000042,-0.05222
11.64500000000042,-0.05889
11.650000000000421,-0.04096
11.655000000000422,-0.04809
11.660000000000423,-0.06426
11.665000000000424,-0.053610000000000005
11.670000000000424,-0.046830000000000004
11.675000000000425,-0.02541
11.680000000000426,-0.059789999999999996
11.685000000000427,-0.05654
11.690000000000428,-0.06606000000000001
11.695000000000428,-0.05798
11.70000000000043,-0.04509
11.70500000000043,-0.05032
11.71000000000043,-0.04135
11.715000000000432,-0.050210000000000005
11.720000000000432,-0.061689999999999995
11.725000000000433,-0.08405
11.730000000000434,-0.06404
11.735000000000435,-0.04216
11.740000000000435,-0.03368
11.745000000000436,-0.04875
11.750000000000437,-0.05409
11.755000000000438,-0.0545
11.760000000000439,-0.05449
11.76500000000044,-0.06913
11.77000000000044,-0.0451
11.775000000000441,-0.04167
11.780000000000442,-0.0609
11.785000000000442,-0.08467999999999999
11.790000000000443,-0.04477
11.795000000000444,-0.04129
11.800000000000445,-0.04895
11.805000000000446,-0.05094
11.810000000000446,-0.02207
11.815000000000447,-0.03217
11.820000000000448,-0.03874
11.825000000000449,-0.04798
11.83000000000045,-0.057839999999999996
11.83500000000045,-0.05872
11.840000000000451,-0.04142
11.845000000000452,-0.06114
11.850000000000453,-0.05416
11.855000000000453,-0.03687
11.860000000000454,-0.052779999999999994
11.865000000000455,-0.06669
11.870000000000456,-0.07107000000000001
11.875000000000457,-0.03714
11.880000000000457,-0.04816
11.885000000000458,-0.054720000000000005
11.890000000000459,-0.05334
11.89500000000046,-0.06184
11.90000000000046,-0.06934
11.905000000000461,-0.05413
11.910000000000462,-0.054329999999999996
11.915000000000463,-0.03725
11.920000000000464,-0.0492
11.925000000000464,-0.07795
11.930000000000465,-0.04835
11.935000000000466,-0.02284
11.940000000000467,-0.06458
11.945000000000467,-0.01581
11.950000000000468,-0.07586
11.955000000000469,-0.03853
11.96000000000047,-0.06437999999999999
11.96500000000047,-0.06364
11.970000000000471,-0.03823
11.975000000000472,-0.04635
11.980000000000473,-0.07229
11.985000000000474,-0.06088
11.990000000000475,-0.04457
11.995000000000475,-0.05541
12.000000000000476,-0.058070000000000004
12.005000000000477,-0.03883
12.010000000000478,-0.06081
12.015000000000478,-0.0409
12.02000000000048,-0.059179999999999996
12.02500000000048,-0.06959
12.03000000000048,-0.03198
12.035000000000482,-0.05248
12.040000000000482,-0.07389
12.045000000000483,-0.04437
12.050000000000484,-0.06707
12.055000000000485,-0.0577
12.060000000000485,-0.08321
12.065000000000486,-0.04881
12.070000000000487,-0.07485
12.075000000000488,-0.08285
12.080000000000489,-0.0344
12.08500000000049,-0.04634
12.09000000000049,-0.04691
12.095000000000491,-0.046060000000000004
12.100000000000492,-0.0493
12.105000000000492,-0.058129999999999994
12.110000000000493,-0.025269999999999997
12.115000000000494,-0.03428
12.120000000000495,-0.0455
12.125000000000496,-0.035210000000000005
12.130000000000496,-0.06483
12.135000000000497,-0.05682
12.140000000000498,-0.02636
12.145000000000499,-0.03415
12.1500000000005,-0.0569
12.1550000000005,-0.02584
12.160000000000501,-0.07461
12.165000000000502,-0.02476
12.170000000000503,-0.04676
12.175000000000503,-0.07776
12.180000000000504,-0.07786
12.185000000000505,-0.03664
12.190000000000506,-0.012459999999999999
12.195000000000507,-0.06421
12.200000000000507,-0.09043
12.205000000000508,-0.05885
12.210000000000509,-0.06708
12.21500000000051,-0.06792999999999999
12.22000000000051,-0.041819999999999996
12.225000000000511,-0.04713
12.230000000000512,-0.034730000000000004
12.235000000000513,-0.08342000000000001
12.240000000000514,-0.03612
12.245000000000514,-0.05715
12.250000000000515,-0.0786
12.255000000000516,-0.04882
12.260000000000517,-0.059620000000000006
12.265000000000517,-0.061020000000000005
12.270000000000518,-0.04791
12.275000000000519,-0.06872
12.28000000000052,-0.051629999999999995
