Time,Fortuna_tn5
0.005,0.47844
0.01,0.455
0.015,0.50553
0.02,0.48341000000000006
0.025,0.49323999999999996
0.030000000000000002,0.46211
0.035,0.46871
0.04,0.46097
0.045,0.47993
0.049999999999999996,0.46802
0.05499999999999999,0.49215
0.05999999999999999,0.47555
0.06499999999999999,0.50256
0.06999999999999999,0.47234
0.075,0.48226
0.08,0.48468
0.085,0.44632
0.09000000000000001,0.48783000000000004
0.09500000000000001,0.46825
0.10000000000000002,0.44195
0.10500000000000002,0.49487
0.11000000000000003,0.49004
0.11500000000000003,0.47145
0.12000000000000004,0.46246000000000004
0.12500000000000003,0.47784
0.13000000000000003,0.47472
0.13500000000000004,0.47436000000000006
0.14000000000000004,0.46521
0.14500000000000005,0.47603
0.15000000000000005,0.48733999999999994
0.15500000000000005,0.49212
0.16000000000000006,0.48865
0.16500000000000006,0.45874
0.17000000000000007,0.5159100000000001
0.17500000000000007,0.47756000000000004
0.18000000000000008,0.48231999999999997
0.18500000000000008,0.48941999999999997
0.19000000000000009,0.48249
0.1950000000000001,0.48101000000000005
0.2000000000000001,0.48563
0.2050000000000001,0.47018000000000004
0.2100000000000001,0.48713999999999996
0.2150000000000001,0.4509
0.2200000000000001,0.46113999999999994
0.22500000000000012,0.47748999999999997
0.23000000000000012,0.48186
0.23500000000000013,0.45641000000000004
0.24000000000000013,0.49445
0.24500000000000013,0.49587
0.2500000000000001,0.48455
0.2550000000000001,0.45987
0.2600000000000001,0.47662
0.2650000000000001,0.49401999999999996
0.27000000000000013,0.46946000000000004
0.27500000000000013,0.47788
0.28000000000000014,0.46048999999999995
0.28500000000000014,0.50567
0.29000000000000015,0.46655
0.29500000000000015,0.48228999999999994
0.30000000000000016,0.45564
0.30500000000000016,0.48765
0.31000000000000016,0.49543999999999994
0.31500000000000017,0.4836
0.3200000000000002,0.46108999999999994
0.3250000000000002,0.48186999999999997
0.3300000000000002,0.46136000000000005
0.3350000000000002,0.46011
0.3400000000000002,0.47066
0.3450000000000002,0.48816000000000004
0.3500000000000002,0.46675
0.3550000000000002,0.49716000000000005
0.3600000000000002,0.49481
0.3650000000000002,0.45919
0.3700000000000002,0.47343
0.3750000000000002,0.47134
0.3800000000000002,0.47121
0.38500000000000023,0.46521
0.39000000000000024,0.4875
0.39500000000000024,0.4471
0.40000000000000024,0.47098
0.40500000000000025,0.47318000000000005
0.41000000000000025,0.46171999999999996
0.41500000000000026,0.45238999999999996
0.42000000000000026,0.46643999999999997
0.42500000000000027,0.45757
0.43000000000000027,0.43878
0.4350000000000003,0.48428000000000004
0.4400000000000003,0.45523
0.4450000000000003,0.44918
0.4500000000000003,0.43206000000000006
0.4550000000000003,0.46636000000000005
0.4600000000000003,0.48896999999999996
0.4650000000000003,0.47871
0.4700000000000003,0.46997
0.4750000000000003,0.48895
0.4800000000000003,0.50578
0.4850000000000003,0.44945
0.4900000000000003,0.48821000000000003
0.49500000000000033,0.47263999999999995
0.5000000000000003,0.48991999999999997
0.5050000000000003,0.47123000000000004
0.5100000000000003,0.48003
0.5150000000000003,0.44227
0.5200000000000004,0.46226000000000006
0.5250000000000004,0.43423
0.5300000000000004,0.47802
0.5350000000000004,0.47335
0.5400000000000004,0.45893
0.5450000000000004,0.43601999999999996
0.5500000000000004,0.48539
0.5550000000000004,0.45603999999999995
0.5600000000000004,0.43956000000000006
0.5650000000000004,0.48198
0.5700000000000004,0.44841000000000003
0.5750000000000004,0.47698
0.5800000000000004,0.45251
0.5850000000000004,0.463
0.5900000000000004,0.4786
0.5950000000000004,0.45924
0.6000000000000004,0.47903
0.6050000000000004,0.4781
0.6100000000000004,0.48922
0.6150000000000004,0.46558999999999995
0.6200000000000004,0.49012
0.6250000000000004,0.47101000000000004
0.6300000000000004,0.47522
0.6350000000000005,0.4267
0.6400000000000005,0.46353999999999995
0.6450000000000005,0.45353999999999994
0.6500000000000005,0.47623000000000004
0.6550000000000005,0.46648
0.6600000000000005,0.45973
0.6650000000000005,0.45633999999999997
0.6700000000000005,0.4781
0.6750000000000005,0.46233
0.6800000000000005,0.45296000000000003
0.6850000000000005,0.45757
0.6900000000000005,0.44205
0.6950000000000005,0.45681000000000005
0.7000000000000005,0.46824
0.7050000000000005,0.4416
0.7100000000000005,0.45992
0.7150000000000005,0.49263
0.7200000000000005,0.4421
0.7250000000000005,0.46068000000000003
0.7300000000000005,0.47611000000000003
0.7350000000000005,0.46288999999999997
0.7400000000000005,0.46681000000000006
0.7450000000000006,0.46366
0.7500000000000006,0.48949
0.7550000000000006,0.46687
0.7600000000000006,0.45693999999999996
0.7650000000000006,0.45782
0.7700000000000006,0.45568000000000003
0.7750000000000006,0.4425
0.7800000000000006,0.47751000000000005
0.7850000000000006,0.4693
0.7900000000000006,0.44969
0.7950000000000006,0.48111000000000004
0.8000000000000006,0.44938999999999996
0.8050000000000006,0.44741000000000003
0.8100000000000006,0.46984
0.8150000000000006,0.44811000000000006
0.8200000000000006,0.46413000000000004
0.8250000000000006,0.45042
0.8300000000000006,0.46181000000000005
0.8350000000000006,0.47553
0.8400000000000006,0.45193
0.8450000000000006,0.47263999999999995
0.8500000000000006,0.47239
0.8550000000000006,0.47326999999999997
0.8600000000000007,0.47413
0.8650000000000007,0.46626999999999996
0.8700000000000007,0.46611
0.8750000000000007,0.47875
0.8800000000000007,0.46968000000000004
0.8850000000000007,0.47253
0.8900000000000007,0.47563999999999995
0.8950000000000007,0.46884
0.9000000000000007,0.46355
0.9050000000000007,0.45356
0.9100000000000007,0.49341
0.9150000000000007,0.4656
0.9200000000000007,0.46667
0.9250000000000007,0.46903
0.9300000000000007,0.48184
0.9350000000000007,0.48976000000000003
0.9400000000000007,0.46848
0.9450000000000007,0.45601
0.9500000000000007,0.48635
0.9550000000000007,0.47823000000000004
0.9600000000000007,0.44981000000000004
0.9650000000000007,0.4948
0.9700000000000008,0.4674
0.9750000000000008,0.46751000000000004
0.9800000000000008,0.48791999999999996
0.9850000000000008,0.45126000000000005
0.9900000000000008,0.46137
0.9950000000000008,0.48867
1.0000000000000007,0.49611000000000005
1.0050000000000006,0.49933999999999995
1.0100000000000005,0.47478000000000004
1.0150000000000003,0.4532
1.0200000000000002,0.4749
1.0250000000000001,0.44816999999999996
1.03,0.46926999999999996
1.035,0.46588999999999997
1.0399999999999998,0.4915
1.0449999999999997,0.48367
1.0499999999999996,0.45507
1.0549999999999995,0.45513000000000003
1.0599999999999994,0.49185
1.0649999999999993,0.45476000000000005
1.0699999999999992,0.46503
1.074999999999999,0.45924
1.079999999999999,0.4679
1.0849999999999989,0.46338999999999997
1.0899999999999987,0.45621999999999996
1.0949999999999986,0.4825
1.0999999999999985,0.45257
1.1049999999999984,0.48871000000000003
1.1099999999999983,0.46674
1.1149999999999982,0.4861
1.119999999999998,0.44793999999999995
1.124999999999998,0.45206
1.129999999999998,0.4812
1.1349999999999978,0.45905
1.1399999999999977,0.50227
1.1449999999999976,0.46529
1.1499999999999975,0.4695
1.1549999999999974,0.4787
1.1599999999999973,0.4741
1.1649999999999971,0.47513999999999995
1.169999999999997,0.47248999999999997
1.174999999999997,0.4958
1.1799999999999968,0.45493
1.1849999999999967,0.43933
1.1899999999999966,0.46618000000000004
1.1949999999999965,0.48296000000000006
1.1999999999999964,0.50146
1.2049999999999963,0.48622
1.2099999999999962,0.46788
1.214999999999996,0.49522
1.219999999999996,0.44571000000000005
1.2249999999999959,0.49568999999999996
1.2299999999999958,0.45987
1.2349999999999957,0.49868999999999997
1.2399999999999956,0.47123000000000004
1.2449999999999954,0.45564
1.2499999999999953,0.49818
1.2549999999999952,0.4387
1.2599999999999951,0.45587
1.264999999999995,0.46279
1.269999999999995,0.45593999999999996
1.2749999999999948,0.49918999999999997
1.2799999999999947,0.48243
1.2849999999999946,0.46176000000000006
1.2899999999999945,0.49428
1.2949999999999944,0.46488999999999997
1.2999999999999943,0.48293
1.3049999999999942,0.47313
1.309999999999994,0.47498999999999997
1.314999999999994,0.46867
1.3199999999999938,0.47445
1.3249999999999937,0.46616
1.3299999999999936,0.47818999999999995
1.3349999999999935,0.49131
1.3399999999999934,0.44806
1.3449999999999933,0.46163000000000004
1.3499999999999932,0.46485
1.354999999999993,0.5037
1.359999999999993,0.5077699999999999
1.3649999999999929,0.52567
1.3699999999999928,0.50158
1.3749999999999927,0.4766
1.3799999999999926,0.54422
1.3849999999999925,0.55487
1.3899999999999924,0.54578
1.3949999999999922,0.52685
1.3999999999999921,0.53171
1.404999999999992,0.51891
1.409999999999992,0.50313
1.4149999999999918,0.471
1.4199999999999917,0.51947
1.4249999999999916,0.48467
1.4299999999999915,0.49577
1.4349999999999914,0.49496999999999997
1.4399999999999913,0.50152
1.4449999999999912,0.47156000000000003
1.449999999999991,0.4857
1.454999999999991,0.5051800000000001
1.4599999999999909,0.52215
1.4649999999999908,0.49031
1.4699999999999906,0.48763999999999996
1.4749999999999905,0.48996999999999996
1.4799999999999904,0.4836
1.4849999999999903,0.48362
1.4899999999999902,0.48281
1.4949999999999901,0.47321
1.49999999999999,0.49551000000000006
1.50499999999999,0.50135
1.5099999999999898,0.49476000000000003
1.5149999999999897,0.47925
1.5199999999999896,0.48725
1.5249999999999895,0.48856000000000005
1.5299999999999894,0.4793
1.5349999999999893,0.5455899999999999
1.5399999999999892,0.50159
1.544999999999989,0.4699
1.549999999999989,0.45831000000000005
1.5549999999999888,0.49127
1.5599999999999887,0.5142800000000001
1.5649999999999886,0.47253
1.5699999999999885,0.49505
1.5749999999999884,0.461
1.5799999999999883,0.48485
1.5849999999999882,0.46793999999999997
1.589999999999988,0.49922
1.594999999999988,0.48157
1.5999999999999879,0.47468
1.6049999999999878,0.5233899999999999
1.6099999999999877,0.48488000000000003
1.6149999999999876,0.49968999999999997
1.6199999999999875,0.48558
1.6249999999999873,0.47112
1.6299999999999872,0.49282
1.6349999999999871,0.5161399999999999
1.639999999999987,0.48883000000000004
1.644999999999987,0.49513
1.6499999999999868,0.48943000000000003
1.6549999999999867,0.45687
1.6599999999999866,0.49591
1.6649999999999865,0.4959
1.6699999999999864,0.49061000000000005
1.6749999999999863,0.48248
1.6799999999999862,0.46455
1.684999999999986,0.50116
1.689999999999986,0.46667
1.6949999999999859,0.49028
1.6999999999999857,0.46536000000000005
1.7049999999999856,0.50367
1.7099999999999855,0.5101399999999999
1.7149999999999854,0.47883000000000003
1.7199999999999853,0.50259
1.7249999999999852,0.50176
1.729999999999985,0.49905
1.734999999999985,0.49071000000000004
1.739999999999985,0.5018199999999999
1.7449999999999848,0.47888000000000003
1.7499999999999847,0.45475
1.7549999999999846,0.48603
1.7599999999999845,0.46411
1.7649999999999844,0.49231
1.7699999999999843,0.489
1.7749999999999841,0.46796000000000004
1.779999999999984,0.45252
1.784999999999984,0.46353999999999995
1.7899999999999838,0.48093
1.7949999999999837,0.4907
1.7999999999999836,0.47558
1.8049999999999835,0.45388
1.8099999999999834,0.47079
1.8149999999999833,0.46313000000000004
1.8199999999999832,0.48318999999999995
1.824999999999983,0.48418999999999995
1.829999999999983,0.46158999999999994
1.8349999999999829,0.44311000000000006
1.8399999999999828,0.45053000000000004
1.8449999999999827,0.42496000000000006
1.8499999999999825,0.44935
1.8549999999999824,0.43358
1.8599999999999823,0.43793000000000004
1.8649999999999822,0.41503
1.8699999999999821,0.44506
1.874999999999982,0.47113999999999995
1.879999999999982,0.45923
1.8849999999999818,0.45942
1.8899999999999817,0.46088
1.8949999999999816,0.47631999999999997
1.8999999999999815,0.46518000000000004
1.9049999999999814,0.48771000000000003
1.9099999999999813,0.46756000000000003
1.9149999999999812,0.46324
1.919999999999981,0.44383999999999996
1.924999999999981,0.45766
1.9299999999999808,0.4572
1.9349999999999807,0.43743999999999994
1.9399999999999806,0.47153999999999996
1.9449999999999805,0.45651
1.9499999999999804,0.48739
1.9549999999999803,0.45571999999999996
1.9599999999999802,0.46058999999999994
1.96499999999998,0.47521
1.96999999999998,0.45411999999999997
1.9749999999999799,0.45582
1.9799999999999798,0.47517
1.9849999999999797,0.4754
1.9899999999999796,0.46333
1.9949999999999795,0.4836
1.9999999999999793,0.46338
2.0049999999999795,0.45471000000000006
2.0099999999999794,0.45958999999999994
2.0149999999999793,0.46645
2.019999999999979,0.41497
2.024999999999979,0.44665
2.029999999999979,0.48272
2.034999999999979,0.44908000000000003
2.0399999999999787,0.46785
2.0449999999999786,0.44368
2.0499999999999785,0.45488
2.0549999999999784,0.46897
2.0599999999999783,0.44665
2.064999999999978,0.4515
2.069999999999978,0.44156999999999996
2.074999999999978,0.48273
2.079999999999978,0.42389
2.0849999999999778,0.44083999999999995
2.0899999999999777,0.43872
2.0949999999999775,0.46098999999999996
2.0999999999999774,0.45321000000000006
2.1049999999999773,0.44745
2.1099999999999772,0.45848999999999995
2.114999999999977,0.47271
2.119999999999977,0.46091000000000004
2.124999999999977,0.44481000000000004
2.129999999999977,0.46647
2.1349999999999767,0.46381999999999995
2.1399999999999766,0.42733000000000004
2.1449999999999765,0.45753999999999995
2.1499999999999764,0.45893
2.1549999999999763,0.42028999999999994
2.159999999999976,0.46153
2.164999999999976,0.45478999999999997
2.169999999999976,0.42722
2.174999999999976,0.49112
2.1799999999999757,0.45445
2.1849999999999756,0.44353000000000004
2.1899999999999755,0.4701
2.1949999999999754,0.43783
2.1999999999999753,0.47773000000000004
2.204999999999975,0.42344
2.209999999999975,0.45161
2.214999999999975,0.45435
2.219999999999975,0.42557
2.2249999999999748,0.4505
2.2299999999999747,0.46487
2.2349999999999746,0.46088
2.2399999999999745,0.46768000000000004
2.2449999999999743,0.45838
2.2499999999999742,0.43466000000000005
2.254999999999974,0.42691
2.259999999999974,0.4606
2.264999999999974,0.44752
2.269999999999974,0.44448000000000004
2.2749999999999737,0.41789
2.2799999999999736,0.46726999999999996
2.2849999999999735,0.47481
2.2899999999999734,0.476
2.2949999999999733,0.44454
2.299999999999973,0.45697
2.304999999999973,0.46853
2.309999999999973,0.45677
2.314999999999973,0.47953
2.3199999999999728,0.47376
2.3249999999999726,0.51157
2.3299999999999725,0.4578
2.3349999999999724,0.48505
2.3399999999999723,0.49322
2.344999999999972,0.4921
2.349999999999972,0.48098
2.354999999999972,0.50489
2.359999999999972,0.5020899999999999
2.364999999999972,0.47458
2.3699999999999717,0.46913999999999995
2.3749999999999716,0.46548999999999996
2.3799999999999715,0.4572
2.3849999999999714,0.49045
2.3899999999999713,0.43346
2.394999999999971,0.47844
2.399999999999971,0.44678999999999996
2.404999999999971,0.48756000000000005
2.409999999999971,0.49587
2.4149999999999707,0.45801000000000003
2.4199999999999706,0.4684
2.4249999999999705,0.45664
2.4299999999999704,0.48456000000000005
2.4349999999999703,0.50438
2.43999999999997,0.45751000000000003
2.44499999999997,0.49451000000000006
2.44999999999997,0.48081999999999997
2.45499999999997,0.51184
2.4599999999999698,0.49903000000000003
2.4649999999999697,0.51771
2.4699999999999696,0.48827
2.4749999999999694,0.51171
2.4799999999999693,0.47796000000000005
2.4849999999999692,0.4715
2.489999999999969,0.5233800000000001
2.494999999999969,0.49972
2.499999999999969,0.48623
2.504999999999969,0.49878
2.5099999999999687,0.47672
2.5149999999999686,0.46979
2.5199999999999685,0.48806000000000005
2.5249999999999684,0.48511000000000004
2.5299999999999683,0.47362
2.534999999999968,0.48394
2.539999999999968,0.46753999999999996
2.544999999999968,0.4685
2.549999999999968,0.4541
2.5549999999999677,0.47488
2.5599999999999676,0.46561
2.5649999999999675,0.46889
2.5699999999999674,0.45921000000000006
2.5749999999999673,0.44461999999999996
2.579999999999967,0.46655
2.584999999999967,0.4678
2.589999999999967,0.4446
2.594999999999967,0.45383999999999997
2.599999999999967,0.45813999999999994
2.6049999999999667,0.47315
2.6099999999999666,0.46116999999999997
2.6149999999999665,0.43921000000000004
2.6199999999999664,0.46396000000000004
2.6249999999999662,0.46821
2.629999999999966,0.44542
2.634999999999966,0.46835
2.639999999999966,0.46893999999999997
2.644999999999966,0.42598
2.6499999999999657,0.47843
2.6549999999999656,0.42099
2.6599999999999655,0.45721000000000006
2.6649999999999654,0.47115
2.6699999999999653,0.45783
2.674999999999965,0.45643
2.679999999999965,0.4273
2.684999999999965,0.44227
2.689999999999965,0.44705
2.6949999999999648,0.4211
2.6999999999999647,0.43704
2.7049999999999645,0.47466
2.7099999999999644,0.48652
2.7149999999999643,0.46601000000000004
2.7199999999999642,0.45265
2.724999999999964,0.44795
2.729999999999964,0.42922
2.734999999999964,0.44785
2.739999999999964,0.45102
2.7449999999999637,0.4591
2.7499999999999636,0.4625
2.7549999999999635,0.41844
2.7599999999999634,0.43649
2.7649999999999633,0.46284
2.769999999999963,0.43367
2.774999999999963,0.43515
2.779999999999963,0.45425
2.784999999999963,0.43328999999999995
2.7899999999999627,0.42453
2.7949999999999626,0.44738
2.7999999999999625,0.4452
2.8049999999999624,0.44623
2.8099999999999623,0.44728
2.814999999999962,0.45871000000000006
2.819999999999962,0.44458000000000003
2.824999999999962,0.43299
2.829999999999962,0.44577
2.8349999999999618,0.44866000000000006
2.8399999999999617,0.45298999999999995
2.8449999999999616,0.44406999999999996
2.8499999999999615,0.47203
2.8549999999999613,0.45453000000000005
2.8599999999999612,0.45919
2.864999999999961,0.46942
2.869999999999961,0.42557
2.874999999999961,0.46086000000000005
2.879999999999961,0.5189199999999999
2.8849999999999607,0.45711999999999997
2.8899999999999606,0.49071000000000004
2.8949999999999605,0.44455
2.8999999999999604,0.46451000000000003
2.9049999999999603,0.45474
2.90999999999996,0.44128
2.91499999999996,0.47433000000000003
2.91999999999996,0.45145
2.92499999999996,0.45238999999999996
2.9299999999999597,0.47048
2.9349999999999596,0.46
2.9399999999999595,0.46636000000000005
2.9449999999999594,0.45187
2.9499999999999593,0.47026
2.954999999999959,0.45548999999999995
2.959999999999959,0.48272
2.964999999999959,0.48113
2.969999999999959,0.44753000000000004
2.974999999999959,0.44909
2.9799999999999587,0.49027
2.9849999999999586,0.45508999999999994
2.9899999999999585,0.45643
2.9949999999999584,0.47463999999999995
2.9999999999999583,0.50649
3.004999999999958,0.46466999999999997
3.009999999999958,0.47866000000000003
3.014999999999958,0.47717
3.019999999999958,0.47586000000000006
3.0249999999999577,0.49964
3.0299999999999576,0.48511000000000004
3.0349999999999575,0.4976
3.0399999999999574,0.44788
3.0449999999999573,0.47092
3.049999999999957,0.46286000000000005
3.054999999999957,0.46951000000000004
3.059999999999957,0.47562
3.064999999999957,0.4593
3.0699999999999568,0.44556
3.0749999999999567,0.47828999999999994
3.0799999999999566,0.47467
3.0849999999999564,0.49951
3.0899999999999563,0.48928999999999995
3.0949999999999562,0.45627
3.099999999999956,0.48394
3.104999999999956,0.43628999999999996
3.109999999999956,0.42568
3.114999999999956,0.47981999999999997
3.1199999999999557,0.46787
3.1249999999999556,0.45821000000000006
3.1299999999999555,0.48623999999999995
3.1349999999999554,0.43808
3.1399999999999553,0.44156000000000006
3.144999999999955,0.45186000000000004
3.149999999999955,0.47392
3.154999999999955,0.42323
3.159999999999955,0.48038000000000003
3.1649999999999547,0.47381
3.1699999999999546,0.4655
3.1749999999999545,0.47267
3.1799999999999544,0.4671
3.1849999999999543,0.47871
3.189999999999954,0.49701000000000006
3.194999999999954,0.48067
3.199999999999954,0.46437
3.204999999999954,0.46507
3.209999999999954,0.44466000000000006
3.2149999999999537,0.5001800000000001
3.2199999999999536,0.49116000000000004
3.2249999999999535,0.44416000000000005
3.2299999999999534,0.48944
3.2349999999999532,0.48883000000000004
3.239999999999953,0.46836000000000005
3.244999999999953,0.49856999999999996
3.249999999999953,0.49241999999999997
3.254999999999953,0.46037
3.2599999999999527,0.46828000000000003
3.2649999999999526,0.48193
3.2699999999999525,0.45928
3.2749999999999524,0.44848999999999994
3.2799999999999523,0.49088999999999994
3.284999999999952,0.46337
3.289999999999952,0.50359
3.294999999999952,0.45861999999999997
3.299999999999952,0.45882
3.3049999999999518,0.44646
3.3099999999999516,0.5181600000000001
3.3149999999999515,0.50222
3.3199999999999514,0.48801000000000005
3.3249999999999513,0.46905
3.329999999999951,0.47235
3.334999999999951,0.48683999999999994
3.339999999999951,0.48913
3.344999999999951,0.47647
3.349999999999951,0.49988999999999995
3.3549999999999507,0.48557
3.3599999999999506,0.50258
3.3649999999999505,0.49354
3.3699999999999504,0.48046000000000005
3.3749999999999503,0.48341000000000006
3.37999999999995,0.47889
3.38499999999995,0.49011000000000005
3.38999999999995,0.48266000000000003
3.39499999999995,0.46202
3.3999999999999497,0.494
3.4049999999999496,0.49183000000000004
3.4099999999999495,0.46611
3.4149999999999494,0.47193
3.4199999999999493,0.47745
3.424999999999949,0.46208
3.429999999999949,0.48296999999999995
3.434999999999949,0.46119
3.439999999999949,0.4798
3.4449999999999488,0.43425
3.4499999999999487,0.48945
3.4549999999999486,0.49928
3.4599999999999485,0.45519
3.4649999999999483,0.43338000000000004
3.4699999999999482,0.467
3.474999999999948,0.46618000000000004
3.479999999999948,0.47478000000000004
3.484999999999948,0.46182
3.489999999999948,0.44516000000000006
3.4949999999999477,0.47071
3.4999999999999476,0.44114
3.5049999999999475,0.4503
3.5099999999999474,0.44908000000000003
3.5149999999999473,0.47612
3.519999999999947,0.4559
3.524999999999947,0.46736000000000005
3.529999999999947,0.46335
3.534999999999947,0.48291000000000006
3.5399999999999467,0.45976999999999996
3.5449999999999466,0.44793999999999995
3.5499999999999465,0.48097
3.5549999999999464,0.47978999999999994
3.5599999999999463,0.44942
3.564999999999946,0.47071
3.569999999999946,0.45663000000000004
3.574999999999946,0.45513000000000003
3.579999999999946,0.44792
3.584999999999946,0.44256
3.5899999999999457,0.44698999999999994
3.5949999999999456,0.48412
3.5999999999999455,0.46592
3.6049999999999454,0.46026999999999996
3.6099999999999453,0.46066999999999997
3.614999999999945,0.46729
3.619999999999945,0.46493
3.624999999999945,0.43923999999999996
3.629999999999945,0.466
3.6349999999999447,0.45653999999999995
3.6399999999999446,0.45525
3.6449999999999445,0.46158000000000005
3.6499999999999444,0.45938999999999997
3.6549999999999443,0.44211000000000006
3.659999999999944,0.48423999999999995
3.664999999999944,0.48585
3.669999999999944,0.49513999999999997
3.674999999999944,0.46871
3.6799999999999438,0.488
3.6849999999999437,0.47153
3.6899999999999435,0.47171
3.6949999999999434,0.46856000000000003
3.6999999999999433,0.46828000000000003
3.7049999999999432,0.46953
3.709999999999943,0.47085
3.714999999999943,0.47284
3.719999999999943,0.45983
3.724999999999943,0.47388
3.7299999999999427,0.4791
3.7349999999999426,0.47175
3.7399999999999425,0.46205
3.7449999999999424,0.46526999999999996
3.7499999999999423,0.46874
3.754999999999942,0.50264
3.759999999999942,0.47485
3.764999999999942,0.48181
3.769999999999942,0.47193999999999997
3.7749999999999417,0.45461999999999997
3.7799999999999416,0.46123000000000003
3.7849999999999415,0.4505
3.7899999999999414,0.46433
3.7949999999999413,0.47279
3.799999999999941,0.47056000000000003
3.804999999999941,0.4417
3.809999999999941,0.47941000000000006
3.814999999999941,0.48199
3.8199999999999408,0.46908999999999995
3.8249999999999407,0.4628
3.8299999999999406,0.44613
3.8349999999999405,0.49056000000000005
3.8399999999999403,0.45857
3.8449999999999402,0.4802
3.84999999999994,0.47978000000000004
3.85499999999994,0.46876
3.85999999999994,0.45092
3.86499999999994,0.49287
3.8699999999999397,0.47808
3.8749999999999396,0.49578
3.8799999999999395,0.46602
3.8849999999999394,0.45508000000000004
3.8899999999999393,0.46471999999999997
3.894999999999939,0.45912
3.899999999999939,0.45257
3.904999999999939,0.48372
3.909999999999939,0.4963
3.9149999999999388,0.48596999999999996
3.9199999999999386,0.4748
3.9249999999999385,0.46161
3.9299999999999384,0.45963999999999994
3.9349999999999383,0.4656
3.939999999999938,0.45458999999999994
3.944999999999938,0.46767
3.949999999999938,0.49156000000000005
3.954999999999938,0.48271000000000003
3.959999999999938,0.45208999999999994
3.9649999999999377,0.45971999999999996
3.9699999999999376,0.45277
3.9749999999999375,0.45518000000000003
3.9799999999999374,0.47873000000000004
3.9849999999999373,0.48583999999999994
3.989999999999937,0.4574
3.994999999999937,0.47767
3.999999999999937,0.47476999999999997
4.004999999999937,0.47863
4.009999999999937,0.45231000000000005
4.014999999999937,0.45771000000000006
4.0199999999999365,0.45414
4.024999999999936,0.48227
4.029999999999936,0.49051000000000006
4.034999999999936,0.4781
4.039999999999936,0.46887
4.044999999999936,0.47903
4.049999999999936,0.45916999999999997
4.054999999999936,0.48983000000000004
4.059999999999936,0.46937
4.0649999999999356,0.47978000000000004
4.0699999999999354,0.48878999999999995
4.074999999999935,0.47275
4.079999999999935,0.46178
4.084999999999935,0.47928999999999994
4.089999999999935,0.4936
4.094999999999935,0.47726999999999997
4.099999999999935,0.46579
4.104999999999935,0.50271
4.109999999999935,0.43656000000000006
4.1149999999999345,0.49387
4.119999999999934,0.47596000000000005
4.124999999999934,0.43991
4.129999999999934,0.46083999999999997
4.134999999999934,0.43535
4.139999999999934,0.45573
4.144999999999934,0.45525
4.149999999999934,0.44588
4.154999999999934,0.48331999999999997
4.1599999999999335,0.43788
4.164999999999933,0.47186999999999996
4.169999999999933,0.45886000000000005
4.174999999999933,0.48191000000000006
4.179999999999933,0.5001800000000001
4.184999999999933,0.47948999999999997
4.189999999999933,0.4854
4.194999999999933,0.45358999999999994
4.199999999999933,0.46175
4.204999999999933,0.43965
4.2099999999999325,0.48197
4.214999999999932,0.4614
4.219999999999932,0.464
4.224999999999932,0.44443
4.229999999999932,0.46778000000000003
4.234999999999932,0.47158
4.239999999999932,0.45976999999999996
4.244999999999932,0.47201000000000004
4.249999999999932,0.46534
4.2549999999999315,0.47544
4.259999999999931,0.46698999999999996
4.264999999999931,0.44521000000000005
4.269999999999931,0.48553
4.274999999999931,0.49238000000000004
4.279999999999931,0.48581
4.284999999999931,0.46121
4.289999999999931,0.46125
4.294999999999931,0.47233
4.2999999999999305,0.45652
4.30499999999993,0.5260600000000001
4.30999999999993,0.48096000000000005
4.31499999999993,0.44323
4.31999999999993,0.45595
4.32499999999993,0.45418000000000003
4.32999999999993,0.45921000000000006
4.33499999999993,0.46479
4.33999999999993,0.47043
4.34499999999993,0.4554
4.3499999999999295,0.45921000000000006
4.354999999999929,0.45443999999999996
4.359999999999929,0.4444
4.364999999999929,0.46166999999999997
4.369999999999929,0.47185
4.374999999999929,0.4344
4.379999999999929,0.45398999999999995
4.384999999999929,0.49381
4.389999999999929,0.46113000000000004
4.3949999999999285,0.45266000000000006
4.399999999999928,0.47484
4.404999999999928,0.46297
4.409999999999928,0.48749
4.414999999999928,0.46974
4.419999999999928,0.45823
4.424999999999928,0.4637
4.429999999999928,0.48415
4.434999999999928,0.45847
4.439999999999928,0.46178
4.4449999999999275,0.50793
4.449999999999927,0.47017
4.454999999999927,0.4631
4.459999999999927,0.44945
4.464999999999927,0.44268
4.469999999999927,0.44565
4.474999999999927,0.4829
4.479999999999927,0.46453999999999995
4.484999999999927,0.46671999999999997
4.4899999999999265,0.48071
4.494999999999926,0.46607
4.499999999999926,0.4665
4.504999999999926,0.45321000000000006
4.509999999999926,0.45721000000000006
4.514999999999926,0.45629
4.519999999999926,0.45264
4.524999999999926,0.46153
4.529999999999926,0.46393
4.5349999999999255,0.45198
4.539999999999925,0.47265
4.544999999999925,0.44606999999999997
4.549999999999925,0.46638999999999997
4.554999999999925,0.46418999999999994
4.559999999999925,0.45378999999999997
4.564999999999925,0.45548999999999995
4.569999999999925,0.49096999999999996
4.574999999999925,0.44523999999999997
4.579999999999925,0.41268
4.5849999999999245,0.44698999999999994
4.589999999999924,0.42261000000000004
4.594999999999924,0.43445
4.599999999999924,0.45123
4.604999999999924,0.45596000000000003
4.609999999999924,0.45295
4.614999999999924,0.44819
4.619999999999924,0.46008000000000004
4.624999999999924,0.46158000000000005
4.6299999999999235,0.43178999999999995
4.634999999999923,0.43396999999999997
4.639999999999923,0.42305
4.644999999999923,0.46479
4.649999999999923,0.46052
4.654999999999923,0.44848000000000005
4.659999999999923,0.45001
4.664999999999923,0.45198999999999995
4.669999999999923,0.45583
4.6749999999999226,0.46288999999999997
4.6799999999999224,0.43183999999999995
4.684999999999922,0.42773999999999995
4.689999999999922,0.44461000000000006
4.694999999999922,0.43081
4.699999999999922,0.44015
4.704999999999922,0.44775
4.709999999999922,0.46291000000000004
4.714999999999922,0.42748
4.719999999999922,0.44311999999999996
4.7249999999999215,0.41958
4.729999999999921,0.42178999999999994
4.734999999999921,0.44953000000000004
4.739999999999921,0.44636000000000003
4.744999999999921,0.42331
4.749999999999921,0.45293
4.754999999999921,0.44619
4.759999999999921,0.4087
4.764999999999921,0.41116
4.7699999999999205,0.45558000000000004
4.77499999999992,0.40307
4.77999999999992,0.40826
4.78499999999992,0.43211000000000005
4.78999999999992,0.41373999999999994
4.79499999999992,0.45038999999999996
4.79999999999992,0.42194
4.80499999999992,0.42946999999999996
4.80999999999992,0.41208999999999996
4.81499999999992,0.40669
4.8199999999999195,0.43717
4.824999999999919,0.45681000000000005
4.829999999999919,0.44421000000000005
4.834999999999919,0.43043000000000003
4.839999999999919,0.47453
4.844999999999919,0.44906999999999997
4.849999999999919,0.43596999999999997
4.854999999999919,0.4559
4.859999999999919,0.44988999999999996
4.8649999999999185,0.43982
4.869999999999918,0.44373999999999997
4.874999999999918,0.44741000000000003
4.879999999999918,0.43572
4.884999999999918,0.47308999999999996
4.889999999999918,0.46568000000000004
4.894999999999918,0.44181000000000004
4.899999999999918,0.46008999999999994
4.904999999999918,0.45497
4.9099999999999175,0.46276999999999996
4.914999999999917,0.45597
4.919999999999917,0.45297
4.924999999999917,0.4461
4.929999999999917,0.44328
4.934999999999917,0.45855
4.939999999999917,0.43385
4.944999999999917,0.44619
4.949999999999917,0.45656
4.954999999999917,0.44076000000000004
4.9599999999999165,0.4442
4.964999999999916,0.46488
4.969999999999916,0.40087
4.974999999999916,0.46281000000000005
4.979999999999916,0.46835
4.984999999999916,0.44323
4.989999999999916,0.43709
4.994999999999916,0.45423
4.999999999999916,0.43946999999999997
5.0049999999999155,0.47773999999999994
5.009999999999915,0.43546
5.014999999999915,0.41975
5.019999999999915,0.45582
5.024999999999915,0.42596000000000006
5.029999999999915,0.45271999999999996
5.034999999999915,0.42589
5.039999999999915,0.4395
5.044999999999915,0.45401
5.049999999999915,0.45158999999999994
5.0549999999999145,0.45945
5.059999999999914,0.43888999999999995
5.064999999999914,0.4636
5.069999999999914,0.45043999999999995
5.074999999999914,0.46717
5.079999999999914,0.45265
5.084999999999914,0.46736000000000005
5.089999999999914,0.46357
5.094999999999914,0.46006
5.0999999999999135,0.46597
5.104999999999913,0.45903999999999995
5.109999999999913,0.45269
5.114999999999913,0.43323999999999996
5.119999999999913,0.47613
5.124999999999913,0.48643000000000003
5.129999999999913,0.44605
5.134999999999913,0.45252
5.139999999999913,0.45293
5.1449999999999125,0.46166999999999997
5.149999999999912,0.46596000000000004
5.154999999999912,0.45176000000000005
5.159999999999912,0.45913999999999994
5.164999999999912,0.45511
5.169999999999912,0.43463
5.174999999999912,0.44541000000000003
5.179999999999912,0.44203000000000003
5.184999999999912,0.4303
5.189999999999912,0.46279
5.1949999999999115,0.4748
5.199999999999911,0.46198999999999996
5.204999999999911,0.46413000000000004
5.209999999999911,0.43728
5.214999999999911,0.45161999999999997
5.219999999999911,0.46012
5.224999999999911,0.45424
5.229999999999911,0.47018000000000004
5.234999999999911,0.42996
5.2399999999999105,0.45253999999999994
5.24499999999991,0.43606000000000006
5.24999999999991,0.46112
5.25499999999991,0.46553999999999995
5.25999999999991,0.43649
5.26499999999991,0.37028
5.26999999999991,0.17895999999999998
5.27499999999991,0.20467
5.27999999999991,0.21824000000000002
5.2849999999999095,0.23565999999999998
5.289999999999909,0.21156
5.294999999999909,0.19580999999999998
5.299999999999909,0.11312
5.304999999999909,0.08852
5.309999999999909,0.03023
5.314999999999909,0.02232
5.319999999999909,0.005520000000000001
5.324999999999909,0.01662
5.329999999999909,0.02185
5.3349999999999085,0.05376
5.339999999999908,0.07295
5.344999999999908,0.08499
5.349999999999908,0.15572
5.354999999999908,0.19059
5.359999999999908,0.15499000000000002
5.364999999999908,0.15900999999999998
5.369999999999908,0.20334000000000002
5.374999999999908,0.20359000000000002
5.3799999999999075,0.18987
5.384999999999907,0.19279000000000002
5.389999999999907,0.19305999999999998
5.394999999999907,0.18903
5.399999999999907,0.20767
5.404999999999907,0.19025
5.409999999999907,0.16671
5.414999999999907,0.16852
5.419999999999907,0.14
5.424999999999907,0.18763
5.4299999999999065,0.17101
5.434999999999906,0.15328
5.439999999999906,0.16785
5.444999999999906,0.16769
5.449999999999906,0.14712
5.454999999999906,0.17679
5.459999999999906,0.17209000000000002
5.464999999999906,0.17734
5.469999999999906,0.2083
5.4749999999999055,0.15794
5.479999999999905,0.18175999999999998
5.484999999999905,0.17244
5.489999999999905,0.15392
5.494999999999905,0.19330999999999998
5.499999999999905,0.21198000000000003
5.504999999999905,0.20803000000000002
5.509999999999905,0.22653
5.514999999999905,0.23275
5.5199999999999045,0.25082
5.524999999999904,0.2668
5.529999999999904,0.2939
5.534999999999904,0.28498
5.539999999999904,0.32198000000000004
5.544999999999904,0.35556
5.549999999999904,0.35799000000000003
5.554999999999904,0.33555
5.559999999999904,0.37627
5.564999999999904,0.39047
5.5699999999999035,0.37716
5.574999999999903,0.36576
5.579999999999903,0.34975
5.584999999999903,0.38378
5.589999999999903,0.37325
5.594999999999903,0.37440999999999997
5.599999999999903,0.39032
5.604999999999903,0.39534
5.609999999999903,0.3918
5.6149999999999025,0.39633
5.619999999999902,0.38979
5.624999999999902,0.37718
5.629999999999902,0.37819
5.634999999999902,0.39523
5.639999999999902,0.39186
5.644999999999902,0.39699
5.649999999999902,0.36599
5.654999999999902,0.35836
5.6599999999999016,0.37666
5.6649999999999014,0.34811
5.669999999999901,0.3615
5.674999999999901,0.34167
5.679999999999901,0.38645999999999997
5.684999999999901,0.35120999999999997
5.689999999999901,0.34592
5.694999999999901,0.3859
5.699999999999901,0.34471
5.704999999999901,0.36341
5.7099999999999005,0.37113
5.7149999999999,0.33371999999999996
5.7199999999999,0.34381999999999996
5.7249999999999,0.34508
5.7299999999999,0.36272
5.7349999999999,0.31721
5.7399999999999,0.35381999999999997
5.7449999999999,0.32946
5.7499999999999,0.34469
5.7549999999998995,0.34636
5.759999999999899,0.34656
5.764999999999899,0.33529000000000003
5.769999999999899,0.34538
5.774999999999899,0.3259
5.779999999999899,0.34593
5.784999999999899,0.33213000000000004
5.789999999999899,0.31706999999999996
5.794999999999899,0.33182
5.799999999999899,0.35197
5.8049999999998985,0.34249
5.809999999999898,0.34056
5.814999999999898,0.32713000000000003
5.819999999999898,0.35076
5.824999999999898,0.3392
5.829999999999898,0.34154
5.834999999999898,0.35796
5.839999999999898,0.36286
5.844999999999898,0.3527
5.8499999999998975,0.35211
5.854999999999897,0.35811
5.859999999999897,0.37051999999999996
5.864999999999897,0.36807
5.869999999999897,0.34463
5.874999999999897,0.35701
5.879999999999897,0.35065999999999997
5.884999999999897,0.33583
5.889999999999897,0.36386
5.8949999999998965,0.36025
5.899999999999896,0.36212
5.904999999999896,0.31759
5.909999999999896,0.33842
5.914999999999896,0.34151
5.919999999999896,0.36173
5.924999999999896,0.32804
5.929999999999896,0.34347
5.934999999999896,0.33898
5.939999999999896,0.33671
5.9449999999998955,0.31811
5.949999999999895,0.34425
5.954999999999895,0.34134000000000003
5.959999999999895,0.36573
5.964999999999895,0.34929
5.969999999999895,0.32054
5.974999999999895,0.33707
5.979999999999895,0.34094
5.984999999999895,0.36112
5.9899999999998945,0.33505
5.994999999999894,0.35105
5.999999999999894,0.34208
6.004999999999894,0.34455
6.009999999999894,0.30851999999999996
6.014999999999894,0.31964000000000004
6.019999999999894,0.30146999999999996
6.024999999999894,0.28214
6.029999999999894,0.24693
6.034999999999894,0.23244
6.0399999999998935,0.27121
6.044999999999893,0.28548
6.049999999999893,0.31995
6.054999999999893,0.34204
6.059999999999893,0.36496999999999996
6.064999999999893,0.31889
6.069999999999893,0.37558
6.074999999999893,0.36233000000000004
6.079999999999893,0.35966
6.0849999999998925,0.30779
6.089999999999892,0.32366
6.094999999999892,0.33651
6.099999999999892,0.30667
6.104999999999892,0.30444
6.109999999999892,0.34283
6.114999999999892,0.34594
6.119999999999892,0.35063
6.124999999999892,0.34854
6.1299999999998915,0.36294
6.134999999999891,0.38026
6.139999999999891,0.39964
6.144999999999891,0.40610999999999997
6.149999999999891,0.37283
6.154999999999891,0.38545
6.159999999999891,0.39037
6.164999999999891,0.38889
6.169999999999891,0.40495
6.174999999999891,0.40794
6.1799999999998905,0.41996999999999995
6.18499999999989,0.38665
6.18999999999989,0.39498
6.19499999999989,0.4112
6.19999999999989,0.39123
6.20499999999989,0.41733000000000003
6.20999999999989,0.39785
6.21499999999989,0.396
6.21999999999989,0.44873999999999997
6.2249999999998895,0.39266999999999996
6.229999999999889,0.44848999999999994
6.234999999999889,0.42428999999999994
6.239999999999889,0.40659
6.244999999999889,0.42878999999999995
6.249999999999889,0.41013
6.254999999999889,0.42791
6.259999999999889,0.41503999999999996
6.264999999999889,0.38582
6.2699999999998886,0.39792
6.2749999999998884,0.40806
6.279999999999888,0.40376999999999996
6.284999999999888,0.38897
6.289999999999888,0.37796
6.294999999999888,0.38463
6.299999999999888,0.39424000000000003
6.304999999999888,0.3813
6.309999999999888,0.38204
6.314999999999888,0.39995
6.3199999999998875,0.36362
6.324999999999887,0.40879
6.329999999999887,0.38482
6.334999999999887,0.41058
6.339999999999887,0.36341
6.344999999999887,0.37346999999999997
6.349999999999887,0.40088
6.354999999999887,0.42191000000000006
6.359999999999887,0.38411
6.3649999999998865,0.40603
6.369999999999886,0.4093
6.374999999999886,0.40452
6.379999999999886,0.42962
6.384999999999886,0.39935
6.389999999999886,0.45847
6.394999999999886,0.36964
6.399999999999886,0.43393000000000004
6.404999999999886,0.4169
6.409999999999886,0.40852
6.4149999999998855,0.40653
6.419999999999885,0.40869
6.424999999999885,0.40796
6.429999999999885,0.4017
6.434999999999885,0.38456
6.439999999999885,0.41079
6.444999999999885,0.37395
6.449999999999885,0.38861
6.454999999999885,0.38341
6.4599999999998845,0.37279
6.464999999999884,0.39768000000000003
6.469999999999884,0.39703
6.474999999999884,0.37971
6.479999999999884,0.38856999999999997
6.484999999999884,0.38426
6.489999999999884,0.39404
6.494999999999884,0.39463000000000004
6.499999999999884,0.39311
6.5049999999998835,0.4135
6.509999999999883,0.3853
6.514999999999883,0.38748
6.519999999999883,0.39516
6.524999999999883,0.40791
6.529999999999883,0.39084
6.534999999999883,0.40294
6.539999999999883,0.41107
6.544999999999883,0.41448
6.549999999999883,0.4123
6.5549999999998825,0.41018000000000004
6.559999999999882,0.41772
6.564999999999882,0.39604
6.569999999999882,0.41728000000000004
6.574999999999882,0.39227
6.579999999999882,0.40103
6.584999999999882,0.37806999999999996
6.589999999999882,0.39307
6.594999999999882,0.4285
6.5999999999998815,0.40437
6.604999999999881,0.39794
6.609999999999881,0.42901000000000006
6.614999999999881,0.43455
6.619999999999881,0.4168
6.624999999999881,0.40101
6.629999999999881,0.42021000000000003
6.634999999999881,0.39993
6.639999999999881,0.39641
6.644999999999881,0.40095
6.6499999999998805,0.42268999999999995
6.65499999999988,0.46013999999999994
6.65999999999988,0.38664
6.66499999999988,0.42286999999999997
6.66999999999988,0.41701000000000005
6.67499999999988,0.44059
6.67999999999988,0.41155
6.68499999999988,0.43638000000000005
6.68999999999988,0.42096999999999996
6.6949999999998795,0.41143
6.699999999999879,0.38948
6.704999999999879,0.41047
6.709999999999879,0.40116
6.714999999999879,0.39546
6.719999999999879,0.38595
6.724999999999879,0.42977
6.729999999999879,0.42436
6.734999999999879,0.39537
6.7399999999998785,0.40565
6.744999999999878,0.42428
6.749999999999878,0.41318999999999995
6.754999999999878,0.44832
6.759999999999878,0.4283
6.764999999999878,0.39963000000000004
6.769999999999878,0.43141999999999997
6.774999999999878,0.40066
6.779999999999878,0.42787
6.784999999999878,0.43596
6.7899999999998775,0.40731
6.794999999999877,0.40009
6.799999999999877,0.41889
6.804999999999877,0.41886999999999996
6.809999999999877,0.41326
6.814999999999877,0.42883000000000004
6.819999999999877,0.45829
6.824999999999877,0.39723
6.829999999999877,0.37999
6.8349999999998765,0.40669
6.839999999999876,0.4188
6.844999999999876,0.40764
6.849999999999876,0.45471000000000006
6.854999999999876,0.42299
6.859999999999876,0.40007
6.864999999999876,0.39398
6.869999999999876,0.39263000000000003
6.874999999999876,0.41508999999999996
6.8799999999998755,0.43667
6.884999999999875,0.4113
6.889999999999875,0.4104
6.894999999999875,0.41129
6.899999999999875,0.41047
6.904999999999875,0.42058999999999996
6.909999999999875,0.42439
6.914999999999875,0.42365
6.919999999999875,0.39994
6.924999999999875,0.38719000000000003
6.9299999999998745,0.41989
6.934999999999874,0.45011999999999996
6.939999999999874,0.44908000000000003
6.944999999999874,0.41762
6.949999999999874,0.42965
6.954999999999874,0.42246999999999996
6.959999999999874,0.42393000000000003
6.964999999999874,0.42231
6.969999999999874,0.41762
6.9749999999998735,0.44168
6.979999999999873,0.42701999999999996
6.984999999999873,0.4416
6.989999999999873,0.41734
6.994999999999873,0.42171000000000003
6.999999999999873,0.40193
7.004999999999873,0.43323
7.009999999999873,0.44046
7.014999999999873,0.37066
7.019999999999873,0.43543000000000004
7.0249999999998725,0.40671999999999997
7.029999999999872,0.42036999999999997
7.034999999999872,0.42651000000000006
7.039999999999872,0.41334
7.044999999999872,0.4208
7.049999999999872,0.44269
7.054999999999872,0.45111999999999997
7.059999999999872,0.39894
7.064999999999872,0.45048999999999995
7.0699999999998715,0.43178999999999995
7.074999999999871,0.42668
7.079999999999871,0.42255
7.084999999999871,0.39524000000000004
7.089999999999871,0.43965
7.094999999999871,0.42003
7.099999999999871,0.4075
7.104999999999871,0.41236000000000006
7.109999999999871,0.42901999999999996
7.1149999999998705,0.42046999999999995
7.11999999999987,0.42661000000000004
7.12499999999987,0.40838
7.12999999999987,0.41748999999999997
7.13499999999987,0.41053999999999996
7.13999999999987,0.42976000000000003
7.14499999999987,0.43113
7.14999999999987,0.41135
7.15499999999987,0.39955999999999997
7.15999999999987,0.41562
7.1649999999998695,0.44138999999999995
7.169999999999869,0.43101000000000006
7.174999999999869,0.42717
7.179999999999869,0.39086
7.184999999999869,0.4343
7.189999999999869,0.41605
7.194999999999869,0.44781000000000004
7.199999999999869,0.43521000000000004
7.204999999999869,0.39497
7.2099999999998685,0.41591000000000006
7.214999999999868,0.44193000000000005
7.219999999999868,0.43968
7.224999999999868,0.41311000000000003
7.229999999999868,0.43188000000000004
7.234999999999868,0.4069
7.239999999999868,0.42405
7.244999999999868,0.43864
7.249999999999868,0.44814
7.2549999999998676,0.40342
7.2599999999998674,0.42636999999999997
7.264999999999867,0.3949
7.269999999999867,0.40215
7.274999999999867,0.42191000000000006
7.279999999999867,0.38395
7.284999999999867,0.42378999999999994
7.289999999999867,0.37942
7.294999999999867,0.4295
7.299999999999867,0.40660999999999997
7.3049999999998665,0.40914
7.309999999999866,0.42778
7.314999999999866,0.45155
7.319999999999866,0.41768999999999995
7.324999999999866,0.43062
7.329999999999866,0.39065
7.334999999999866,0.41933000000000004
7.339999999999866,0.41065
7.344999999999866,0.41597
7.3499999999998655,0.41061000000000003
7.354999999999865,0.41784
7.359999999999865,0.43685
7.364999999999865,0.41668
7.369999999999865,0.40984
7.374999999999865,0.409
7.379999999999865,0.43331000000000003
7.384999999999865,0.4364
7.389999999999865,0.39783
7.394999999999865,0.4224
7.3999999999998645,0.41252
7.404999999999864,0.39255999999999996
7.409999999999864,0.38439
7.414999999999864,0.42801000000000006
7.419999999999864,0.41292
7.424999999999864,0.41196000000000005
7.429999999999864,0.42349
7.434999999999864,0.43396999999999997
7.439999999999864,0.44225
7.4449999999998635,0.41751000000000005
7.449999999999863,0.41168999999999994
7.454999999999863,0.38343
7.459999999999863,0.41848
7.464999999999863,0.38388
7.469999999999863,0.39334
7.474999999999863,0.41323999999999994
7.479999999999863,0.44728999999999997
7.484999999999863,0.41168000000000005
7.4899999999998625,0.42388000000000003
7.494999999999862,0.42433000000000004
7.499999999999862,0.42513
7.504999999999862,0.41768999999999995
7.509999999999862,0.39077
7.514999999999862,0.3896
7.519999999999862,0.40459
7.524999999999862,0.44041
7.529999999999862,0.41881999999999997
7.534999999999862,0.41403999999999996
7.5399999999998615,0.44147
7.544999999999861,0.42408
7.549999999999861,0.41052
7.554999999999861,0.44948999999999995
7.559999999999861,0.40054
7.564999999999861,0.4338
7.569999999999861,0.43099
7.574999999999861,0.42563
7.579999999999861,0.40688
7.5849999999998605,0.40944
7.58999999999986,0.38391
7.59499999999986,0.41505
7.59999999999986,0.3899
7.60499999999986,0.4003
7.60999999999986,0.38056999999999996
7.61499999999986,0.39509
7.61999999999986,0.42566000000000004
7.62499999999986,0.39423
7.62999999999986,0.39064
7.6349999999998595,0.40239
7.639999999999859,0.37738
7.644999999999859,0.43163999999999997
7.649999999999859,0.42058999999999996
7.654999999999859,0.40388
7.659999999999859,0.41008
7.664999999999859,0.4126
7.669999999999859,0.40318000000000004
7.674999999999859,0.40755
7.6799999999998585,0.40871
7.684999999999858,0.40213000000000004
7.689999999999858,0.42355
7.694999999999858,0.43662
7.699999999999858,0.42698
7.704999999999858,0.41973999999999995
7.709999999999858,0.42386999999999997
7.714999999999858,0.41286999999999996
7.719999999999858,0.38878
7.7249999999998575,0.4332
7.729999999999857,0.43428
7.734999999999857,0.43701999999999996
7.739999999999857,0.41231999999999996
7.744999999999857,0.43238999999999994
7.749999999999857,0.41103999999999996
7.754999999999857,0.4135
7.759999999999857,0.43893999999999994
7.764999999999857,0.41985
7.769999999999857,0.43459
7.7749999999998565,0.43523999999999996
7.779999999999856,0.41098999999999997
7.784999999999856,0.4272
7.789999999999856,0.44795
7.794999999999856,0.4257
7.799999999999856,0.41825
7.804999999999856,0.41708
7.809999999999856,0.45443
7.814999999999856,0.4452
7.8199999999998555,0.40467
7.824999999999855,0.41286000000000006
7.829999999999855,0.40907
7.834999999999855,0.40618000000000004
7.839999999999855,0.40321
7.844999999999855,0.41058999999999996
7.849999999999855,0.40968999999999994
7.854999999999855,0.40797
7.859999999999855,0.4141
7.8649999999998546,0.40071999999999997
7.8699999999998544,0.37934
7.874999999999854,0.37674
7.879999999999854,0.40709
7.884999999999854,0.40402
7.889999999999854,0.41546000000000005
7.894999999999854,0.41826
7.899999999999854,0.38722
7.904999999999854,0.40058
7.909999999999854,0.37986
7.9149999999998535,0.37196999999999997
7.919999999999853,0.38553000000000004
7.924999999999853,0.3939
7.929999999999853,0.38924000000000003
7.934999999999853,0.41625
7.939999999999853,0.40016999999999997
7.944999999999853,0.40647
7.949999999999853,0.39707
7.954999999999853,0.3958
7.9599999999998525,0.38828
7.964999999999852,0.36879
7.969999999999852,0.40865
7.974999999999852,0.38958000000000004
7.979999999999852,0.36480999999999997
7.984999999999852,0.38587
7.989999999999852,0.38854
7.994999999999852,0.38208000000000003
7.999999999999852,0.36172
8.004999999999852,0.39671999999999996
8.009999999999852,0.37495
8.014999999999853,0.34845
8.019999999999854,0.3785
8.024999999999855,0.3852
8.029999999999855,0.37878
8.034999999999856,0.35364
8.039999999999857,0.38214000000000004
8.044999999999858,0.40491
8.049999999999859,0.40685
8.05499999999986,0.38595
8.05999999999986,0.40194
8.064999999999861,0.41178000000000003
8.069999999999862,0.37164
8.074999999999863,0.384
8.079999999999863,0.38133
8.084999999999864,0.37459000000000003
8.089999999999865,0.39014
8.094999999999866,0.39039
8.099999999999866,0.41383000000000003
8.104999999999867,0.38581
8.109999999999868,0.41489
8.114999999999869,0.39319
8.11999999999987,0.4049
8.12499999999987,0.38182
8.129999999999871,0.37404
8.134999999999872,0.38749
8.139999999999873,0.36351999999999995
8.144999999999873,0.37746999999999997
8.149999999999874,0.4036
8.154999999999875,0.36371
8.159999999999876,0.39443
8.164999999999877,0.39076
8.169999999999877,0.40164
8.174999999999878,0.42157
8.179999999999879,0.37494
8.18499999999988,0.3837
8.18999999999988,0.381
8.194999999999881,0.37603000000000003
8.199999999999882,0.39155
8.204999999999883,0.4245
8.209999999999884,0.37687
8.214999999999884,0.3964
8.219999999999885,0.37682
8.224999999999886,0.39055
8.229999999999887,0.42355
8.234999999999888,0.39357
8.239999999999888,0.40942
8.244999999999889,0.41712
8.24999999999989,0.385
8.25499999999989,0.39466999999999997
8.259999999999891,0.41963
8.264999999999892,0.38240999999999997
8.269999999999893,0.38509
8.274999999999894,0.39061
8.279999999999895,0.39126
8.284999999999895,0.37556999999999996
8.289999999999896,0.40455
8.294999999999897,0.36838000000000004
8.299999999999898,0.3639
8.304999999999898,0.40349
8.3099999999999,0.39432
8.3149999999999,0.40689000000000003
8.3199999999999,0.40009
8.324999999999902,0.37798000000000004
8.329999999999902,0.41126
8.334999999999903,0.41865
8.339999999999904,0.38058000000000003
8.344999999999905,0.40038
8.349999999999905,0.38497
8.354999999999906,0.3873
8.359999999999907,0.39391
8.364999999999908,0.38482
8.369999999999909,0.40079000000000004
8.37499999999991,0.38121
8.37999999999991,0.36430999999999997
8.384999999999911,0.40876999999999997
8.389999999999912,0.3807
8.394999999999913,0.40089
8.399999999999913,0.40166999999999997
8.404999999999914,0.40064
8.409999999999915,0.39716
8.414999999999916,0.38732
8.419999999999916,0.40612
8.424999999999917,0.40069
8.429999999999918,0.41272
8.434999999999919,0.37933
8.43999999999992,0.39336
8.44499999999992,0.39741
8.449999999999921,0.392
8.454999999999922,0.3829
8.459999999999923,0.42728999999999995
8.464999999999923,0.37794
8.469999999999924,0.39227
8.474999999999925,0.38479
8.479999999999926,0.39744
8.484999999999927,0.38466
8.489999999999927,0.3629
8.494999999999928,0.38932
8.499999999999929,0.40864
8.50499999999993,0.39427
8.50999999999993,0.40752
8.514999999999931,0.39751
8.519999999999932,0.40087
8.524999999999933,0.38516999999999996
8.529999999999934,0.38745
8.534999999999934,0.41041000000000005
8.539999999999935,0.40124
8.544999999999936,0.40788
8.549999999999937,0.38079
8.554999999999938,0.38797
8.559999999999938,0.39324000000000003
8.564999999999939,0.3741
8.56999999999994,0.40354
8.57499999999994,0.39555
8.579999999999941,0.36751
8.584999999999942,0.35784
8.589999999999943,0.38579
8.594999999999944,0.38140999999999997
8.599999999999945,0.42661000000000004
8.604999999999945,0.41058999999999996
8.609999999999946,0.41356000000000004
8.614999999999947,0.38761
8.619999999999948,0.39000999999999997
8.624999999999948,0.38394
8.62999999999995,0.38938
8.63499999999995,0.40171999999999997
8.63999999999995,0.38744
8.644999999999952,0.38929
8.649999999999952,0.37333
8.654999999999953,0.39943
8.659999999999954,0.3782
8.664999999999955,0.39155
8.669999999999956,0.3677
8.674999999999956,0.38845999999999997
8.679999999999957,0.36643000000000003
8.684999999999958,0.35875999999999997
8.689999999999959,0.40013000000000004
8.69499999999996,0.39405999999999997
8.69999999999996,0.37837
8.704999999999961,0.40715999999999997
8.709999999999962,0.36135
8.714999999999963,0.40425
8.719999999999963,0.36078000000000005
8.724999999999964,0.40435
8.729999999999965,0.38768
8.734999999999966,0.38893
8.739999999999966,0.36435
8.744999999999967,0.39516
8.749999999999968,0.40613
8.754999999999969,0.40271
8.75999999999997,0.42095
8.76499999999997,0.40644
8.769999999999971,0.39791
8.774999999999972,0.37787
8.779999999999973,0.42181
8.784999999999973,0.40889000000000003
8.789999999999974,0.37038000000000004
8.794999999999975,0.38794
8.799999999999976,0.38887
8.804999999999977,0.37715
8.809999999999977,0.37031
8.814999999999978,0.36541999999999997
8.819999999999979,0.38755
8.82499999999998,0.38623
8.82999999999998,0.40802
8.834999999999981,0.40447
8.839999999999982,0.40812
8.844999999999983,0.39766999999999997
8.849999999999984,0.35699000000000003
8.854999999999984,0.40815999999999997
8.859999999999985,0.42953
8.864999999999986,0.4172
8.869999999999987,0.37434
8.874999999999988,0.36755
8.879999999999988,0.40171
8.88499999999999,0.38898
8.88999999999999,0.3755
8.89499999999999,0.40183
8.899999999999991,0.39303
8.904999999999992,0.37093000000000004
8.909999999999993,0.40196
8.914999999999994,0.41001000000000004
8.919999999999995,0.36146999999999996
8.924999999999995,0.38785
8.929999999999996,0.37156999999999996
8.934999999999997,0.37351999999999996
8.939999999999998,0.38579
8.944999999999999,0.41493
8.95,0.37622
8.955,0.3874
8.96,0.39057
8.965000000000002,0.39723
8.970000000000002,0.37462
8.975000000000003,0.39734
8.980000000000004,0.37233
8.985000000000005,0.40105999999999997
8.990000000000006,0.40326999999999996
8.995000000000006,0.38304
9.000000000000007,0.39561999999999997
9.005000000000008,0.39695
9.010000000000009,0.3796
9.01500000000001,0.39218000000000003
9.02000000000001,0.37240999999999996
9.025000000000011,0.41072
9.030000000000012,0.40103
9.035000000000013,0.41741000000000006
9.040000000000013,0.40146
9.045000000000014,0.41376
9.050000000000015,0.40493
9.055000000000016,0.41471
9.060000000000016,0.38448000000000004
9.065000000000017,0.39858000000000005
9.070000000000018,0.36583000000000004
9.075000000000019,0.42381
9.08000000000002,0.38542
9.08500000000002,0.35025
9.090000000000021,0.41097
9.095000000000022,0.4082
9.100000000000023,0.40469
9.105000000000024,0.39333
9.110000000000024,0.39471
9.115000000000025,0.39168000000000003
9.120000000000026,0.39013000000000003
9.125000000000027,0.39554
9.130000000000027,0.38916
9.135000000000028,0.38201999999999997
9.140000000000029,0.39355
9.14500000000003,0.41068999999999994
9.15000000000003,0.3959
9.155000000000031,0.37242
9.160000000000032,0.39947
9.165000000000033,0.37866
9.170000000000034,0.40565
9.175000000000034,0.43346
9.180000000000035,0.38672
9.185000000000036,0.40776
9.190000000000037,0.39771999999999996
9.195000000000038,0.40918000000000004
9.200000000000038,0.38622
9.20500000000004,0.40902
9.21000000000004,0.40805
9.21500000000004,0.3594
9.220000000000041,0.39097
9.225000000000042,0.39721
9.230000000000043,0.39949
9.235000000000044,0.39131
9.240000000000045,0.40171
9.245000000000045,0.42686999999999997
9.250000000000046,0.38042
9.255000000000047,0.39518000000000003
9.260000000000048,0.36605
9.265000000000049,0.38658000000000003
9.27000000000005,0.43275
9.27500000000005,0.38969000000000004
9.28000000000005,0.38953000000000004
9.285000000000052,0.39073
9.290000000000052,0.39715
9.295000000000053,0.4228
9.300000000000054,0.38288
9.305000000000055,0.38139
9.310000000000056,0.38065
9.315000000000056,0.41789
9.320000000000057,0.39076
9.325000000000058,0.41108
9.330000000000059,0.39211
9.33500000000006,0.36801
9.34000000000006,0.38537
9.345000000000061,0.43541
9.350000000000062,0.38964
9.355000000000063,0.40158
9.360000000000063,0.37256999999999996
9.365000000000064,0.3873
9.370000000000065,0.36706
9.375000000000066,0.38604
9.380000000000067,0.38282
9.385000000000067,0.4015
9.390000000000068,0.41435
9.395000000000069,0.40218000000000004
9.40000000000007,0.42858
9.40500000000007,0.39805
9.410000000000071,0.40835
9.415000000000072,0.40795
9.420000000000073,0.39496
9.425000000000074,0.4224
9.430000000000074,0.37646
9.435000000000075,0.37263
9.440000000000076,0.3867
9.445000000000077,0.39396
9.450000000000077,0.38487
9.455000000000078,0.39559
9.460000000000079,0.36388000000000004
9.46500000000008,0.37794
9.47000000000008,0.39771
9.475000000000081,0.38986
9.480000000000082,0.37525
9.485000000000083,0.36672
9.490000000000084,0.41841000000000006
9.495000000000084,0.36839
9.500000000000085,0.37364
9.505000000000086,0.39085
9.510000000000087,0.38823
9.515000000000088,0.39626999999999996
9.520000000000088,0.35394000000000003
9.52500000000009,0.39254
9.53000000000009,0.40547
9.53500000000009,0.38049
9.540000000000092,0.37018
9.545000000000092,0.37915
9.550000000000093,0.39758000000000004
9.555000000000094,0.40862
9.560000000000095,0.38219000000000003
9.565000000000095,0.37214
9.570000000000096,0.3734
9.575000000000097,0.39663000000000004
9.580000000000098,0.37666
9.585000000000099,0.36735999999999996
9.5900000000001,0.3923
9.5950000000001,0.37048000000000003
9.600000000000101,0.39416999999999996
9.605000000000102,0.36557
9.610000000000102,0.37082
9.615000000000103,0.37263
9.620000000000104,0.36901999999999996
9.625000000000105,0.38916
9.630000000000106,0.38447
9.635000000000106,0.37112
9.640000000000107,0.38777
9.645000000000108,0.36641
9.650000000000109,0.36769
9.65500000000011,0.37784
9.66000000000011,0.35683000000000004
9.665000000000111,0.37995
9.670000000000112,0.37561
9.675000000000113,0.36428
9.680000000000113,0.37484
9.685000000000114,0.40333
9.690000000000115,0.38583
9.695000000000116,0.36701999999999996
9.700000000000117,0.40099
9.705000000000117,0.36225999999999997
9.710000000000118,0.35852
9.715000000000119,0.38754
9.72000000000012,0.3681
9.72500000000012,0.37483
9.730000000000121,0.385
9.735000000000122,0.38289
9.740000000000123,0.3753
9.745000000000124,0.36444
9.750000000000124,0.37538
9.755000000000125,0.36169
9.760000000000126,0.37505
9.765000000000127,0.35803
9.770000000000127,0.34786
9.775000000000128,0.3484
9.780000000000129,0.37606
9.78500000000013,0.33709
9.79000000000013,0.35848
9.795000000000131,0.36291
9.800000000000132,0.40260999999999997
9.805000000000133,0.37074
9.810000000000134,0.35198
9.815000000000135,0.35799000000000003
9.820000000000135,0.37501
9.825000000000136,0.38938
9.830000000000137,0.35959
9.835000000000138,0.37226
9.840000000000138,0.40169
9.84500000000014,0.39261
9.85000000000014,0.40133
9.85500000000014,0.41085
9.860000000000142,0.40060999999999997
9.865000000000142,0.39313000000000003
9.870000000000143,0.37437
9.875000000000144,0.38042
9.880000000000145,0.38544
9.885000000000145,0.38405
9.890000000000146,0.39363000000000004
9.895000000000147,0.4009
9.900000000000148,0.4071
9.905000000000149,0.39141
9.91000000000015,0.38344
9.91500000000015,0.38694
9.920000000000151,0.38525
9.925000000000152,0.39668000000000003
9.930000000000152,0.40628000000000003
9.935000000000153,0.41103999999999996
9.940000000000154,0.37116
9.945000000000155,0.37979
9.950000000000156,0.36717
9.955000000000156,0.39173
9.960000000000157,0.401
9.965000000000158,0.42703
9.970000000000159,0.43146
9.97500000000016,0.39008000000000004
9.98000000000016,0.37412
9.985000000000161,0.38984
9.990000000000162,0.40285
9.995000000000163,0.42728
10.000000000000163,0.41521
10.005000000000164,0.3652
10.010000000000165,0.40403
10.015000000000166,0.44436000000000003
10.020000000000167,0.43861999999999995
10.025000000000167,0.47101000000000004
10.030000000000168,0.47707
10.035000000000169,0.43241999999999997
10.04000000000017,0.48496000000000006
10.04500000000017,0.53747
10.050000000000171,0.49454
10.055000000000172,0.53981
10.060000000000173,0.35462
10.065000000000174,0.28071999999999997
10.070000000000174,0.28707
10.075000000000175,0.42878999999999995
10.080000000000176,0.49318
10.085000000000177,0.40326
10.090000000000177,0.39023
10.095000000000178,0.37742
10.100000000000179,0.37542
10.10500000000018,0.36391999999999997
10.11000000000018,0.37425
10.115000000000181,0.3051
10.120000000000182,0.29078000000000004
10.125000000000183,0.26232
10.130000000000184,0.26235
10.135000000000185,0.28453
10.140000000000185,0.31789
10.145000000000186,0.32825
10.150000000000187,0.3239
10.155000000000188,0.3199
10.160000000000188,0.29702
10.16500000000019,0.32506
10.17000000000019,0.3317
10.17500000000019,0.29854
10.180000000000192,0.34578000000000003
10.185000000000192,0.32292
10.190000000000193,0.3139
10.195000000000194,0.33119
10.200000000000195,0.31309000000000003
10.205000000000195,0.31029
10.210000000000196,0.32825
10.215000000000197,0.2964
10.220000000000198,0.31118
10.225000000000199,0.34012
10.2300000000002,0.31181
10.2350000000002,0.29588000000000003
10.240000000000201,0.32131
10.245000000000202,0.28745
10.250000000000203,0.32079
10.255000000000203,0.31619
10.260000000000204,0.32443
10.265000000000205,0.33075
10.270000000000206,0.35085
10.275000000000206,0.2871
10.280000000000207,0.35473000000000005
10.285000000000208,0.31216
10.290000000000209,0.33009
10.29500000000021,0.31844
10.30000000000021,0.30662
10.305000000000211,0.32148000000000004
10.310000000000212,0.33000999999999997
10.315000000000213,0.30468
10.320000000000213,0.35815
10.325000000000214,0.2764
10.330000000000215,0.34514
10.335000000000216,0.32866999999999996
10.340000000000217,0.29061
10.345000000000217,0.33638
10.350000000000218,0.32861999999999997
10.355000000000219,0.32646
10.36000000000022,0.34162
10.36500000000022,0.31801999999999997
10.370000000000221,0.29103
10.375000000000222,0.32015
10.380000000000223,0.3136
10.385000000000224,0.30323
10.390000000000224,0.32945
10.395000000000225,0.31903000000000004
10.400000000000226,0.32329
10.405000000000227,0.32479
10.410000000000228,0.35225
10.415000000000228,0.31237
10.420000000000229,0.3112
10.42500000000023,0.30793000000000004
10.43000000000023,0.3091
10.435000000000231,0.33355
10.440000000000232,0.33413000000000004
10.445000000000233,0.35216
10.450000000000234,0.32845
10.455000000000235,0.30901999999999996
10.460000000000235,0.33415
10.465000000000236,0.34869
10.470000000000237,0.33107
10.475000000000238,0.33608000000000005
10.480000000000238,0.34362
10.48500000000024,0.31775
10.49000000000024,0.30167
10.49500000000024,0.33347
10.500000000000242,0.31558
10.505000000000242,0.33457
10.510000000000243,0.32582
10.515000000000244,0.34644
10.520000000000245,0.33011999999999997
10.525000000000245,0.31549
10.530000000000246,0.31993
10.535000000000247,0.33416999999999997
10.540000000000248,0.32979
10.545000000000249,0.34694
10.55000000000025,0.34449
10.55500000000025,0.32179
10.560000000000251,0.33421
10.565000000000252,0.3369
10.570000000000253,0.33361999999999997
10.575000000000253,0.30746999999999997
10.580000000000254,0.31519
10.585000000000255,0.35102
10.590000000000256,0.31108
10.595000000000256,0.33045
10.600000000000257,0.31921
10.605000000000258,0.35363
10.610000000000259,0.31373
10.61500000000026,0.30607
10.62000000000026,0.29236999999999996
10.625000000000261,0.34405
10.630000000000262,0.34159
10.635000000000263,0.3324
10.640000000000263,0.31431
10.645000000000264,0.31956999999999997
10.650000000000265,0.33505999999999997
10.655000000000266,0.31035999999999997
10.660000000000267,0.35843
10.665000000000267,0.31356999999999996
10.670000000000268,0.28956
10.675000000000269,0.29498
10.68000000000027,0.31466
10.68500000000027,0.33494
10.690000000000271,0.33566
10.695000000000272,0.31682
10.700000000000273,0.32319000000000003
10.705000000000274,0.32991
10.710000000000274,0.32829
10.715000000000275,0.31593000000000004
10.720000000000276,0.32056
10.725000000000277,0.31661
10.730000000000278,0.32708000000000004
10.735000000000278,0.29964
10.740000000000279,0.29115
10.74500000000028,0.31755
10.75000000000028,0.33346
10.755000000000281,0.33484
10.760000000000282,0.32539
10.765000000000283,0.32448
10.770000000000284,0.34131
10.775000000000285,0.31388
10.780000000000285,0.30136999999999997
10.785000000000286,0.29965
10.790000000000287,0.31511
10.795000000000288,0.34214
10.800000000000288,0.33408000000000004
10.80500000000029,0.34519
10.81000000000029,0.3241
10.81500000000029,0.34533
10.820000000000292,0.30568
10.825000000000292,0.34628000000000003
10.830000000000293,0.30693000000000004
10.835000000000294,0.33342
10.840000000000295,0.34628000000000003
10.845000000000296,0.32443
10.850000000000296,0.32545
10.855000000000297,0.34763
10.860000000000298,0.36709
10.865000000000299,0.35264
10.8700000000003,0.33266999999999997
10.8750000000003,0.30804000000000004
10.880000000000301,0.30267
10.885000000000302,0.31585
10.890000000000303,0.35194000000000003
10.895000000000303,0.33326
10.900000000000304,0.3133
10.905000000000305,0.33036
10.910000000000306,0.35263
10.915000000000306,0.30858
10.920000000000307,0.33705999999999997
10.925000000000308,0.32658000000000004
10.930000000000309,0.32777
10.93500000000031,0.34214
10.94000000000031,0.30743000000000004
10.945000000000311,0.3512
10.950000000000312,0.31936
10.955000000000313,0.3294
10.960000000000313,0.32188
10.965000000000314,0.32957
10.970000000000315,0.34891
10.975000000000316,0.31472
10.980000000000317,0.31156999999999996
10.985000000000317,0.31113
10.990000000000318,0.33884000000000003
10.995000000000319,0.33335
11.00000000000032,0.33271999999999996
11.00500000000032,0.33465
11.010000000000321,0.34988
11.015000000000322,0.36325
11.020000000000323,0.31033
11.025000000000324,0.32084
11.030000000000324,0.32563000000000003
11.035000000000325,0.35249
11.040000000000326,0.3332
11.045000000000327,0.32327
11.050000000000328,0.35213
11.055000000000328,0.33243
11.06000000000033,0.33453
11.06500000000033,0.30618
11.07000000000033,0.32321
11.075000000000331,0.33226999999999995
11.080000000000332,0.33302
11.085000000000333,0.31715
11.090000000000334,0.33779000000000003
11.095000000000335,0.30434
11.100000000000335,0.34954
11.105000000000336,0.33284
11.110000000000337,0.31663
11.115000000000338,0.35065
11.120000000000339,0.32237
11.12500000000034,0.30128
11.13000000000034,0.33397
11.13500000000034,0.32984
11.140000000000342,0.33086
11.145000000000342,0.32784
11.150000000000343,0.34984
11.155000000000344,0.32713000000000003
11.160000000000345,0.35012
11.165000000000346,0.33565
11.170000000000346,0.32702
11.175000000000347,0.32404
11.180000000000348,0.31901
11.185000000000349,0.32309
11.19000000000035,0.32789
11.19500000000035,0.33966999999999997
11.200000000000351,0.31981
11.205000000000352,0.32119000000000003
11.210000000000353,0.31312
11.215000000000353,0.30229
11.220000000000354,0.31342
11.225000000000355,0.31897
11.230000000000356,0.33128
11.235000000000356,0.31833
11.240000000000357,0.30945
11.245000000000358,0.33518000000000003
11.250000000000359,0.33375
11.25500000000036,0.33926999999999996
11.26000000000036,0.32938
11.265000000000361,0.33588
11.270000000000362,0.33604
11.275000000000363,0.34064
11.280000000000364,0.34346
11.285000000000364,0.33388
11.290000000000365,0.34555
11.295000000000366,0.32968000000000003
11.300000000000367,0.32492
11.305000000000367,0.33533
11.310000000000368,0.30943000000000004
11.315000000000369,0.33178
11.32000000000037,0.33576
11.32500000000037,0.33835
11.330000000000371,0.32366999999999996
11.335000000000372,0.33552
11.340000000000373,0.30468
11.345000000000374,0.35148
11.350000000000374,0.33061
11.355000000000375,0.36246
11.360000000000376,0.35402
11.365000000000377,0.35014
11.370000000000378,0.3471
11.375000000000378,0.30101
11.38000000000038,0.33236
11.38500000000038,0.32968000000000003
11.39000000000038,0.31469
11.395000000000381,0.3376
11.400000000000382,0.33096
11.405000000000383,0.30996999999999997
11.410000000000384,0.30144
11.415000000000385,0.33783
11.420000000000385,0.28584
11.425000000000386,0.30853
11.430000000000387,0.32438
11.435000000000388,0.32366999999999996
11.440000000000389,0.30945
11.44500000000039,0.3231
11.45000000000039,0.34699
11.45500000000039,0.32206999999999997
11.460000000000392,0.34204
11.465000000000392,0.34247
11.470000000000393,0.3197
11.475000000000394,0.31277
11.480000000000395,0.31163
11.485000000000396,0.31003000000000003
11.490000000000396,0.32386
11.495000000000397,0.33619
11.500000000000398,0.31145
11.505000000000399,0.30706
11.5100000000004,0.32084
11.5150000000004,0.29075
11.520000000000401,0.33858
11.525000000000402,0.32511999999999996
11.530000000000403,0.34129
11.535000000000403,0.3538
11.540000000000404,0.3212
11.545000000000405,0.32858000000000004
11.550000000000406,0.35669
11.555000000000407,0.3202
11.560000000000407,0.31176
11.565000000000408,0.32077
11.570000000000409,0.3747
11.57500000000041,0.36205
11.58000000000041,0.30551
11.585000000000411,0.32994
11.590000000000412,0.31299
11.595000000000413,0.30689
11.600000000000414,0.32413000000000003
11.605000000000414,0.33594
11.610000000000415,0.31984
11.615000000000416,0.32538
11.620000000000417,0.32675
11.625000000000417,0.33724
11.630000000000418,0.31085999999999997
11.635000000000419,0.32714
11.64000000000042,0.32342
11.64500000000042,0.34731999999999996
11.650000000000421,0.34314
11.655000000000422,0.31897
11.660000000000423,0.33779000000000003
11.665000000000424,0.30548000000000003
11.670000000000424,0.33223
11.675000000000425,0.3341
11.680000000000426,0.31268
11.685000000000427,0.33625
11.690000000000428,0.32475
11.695000000000428,0.35639
11.70000000000043,0.33645
11.70500000000043,0.3365
11.71000000000043,0.34328000000000003
11.715000000000432,0.3434
11.720000000000432,0.33746
11.725000000000433,0.33755
11.730000000000434,0.3285
11.735000000000435,0.35039000000000003
11.740000000000435,0.37242
11.745000000000436,0.32527
11.750000000000437,0.33536
11.755000000000438,0.33061
11.760000000000439,0.33605
11.76500000000044,0.33675
11.77000000000044,0.30734
11.775000000000441,0.33802
11.780000000000442,0.32884
11.785000000000442,0.32938
11.790000000000443,0.34663
11.795000000000444,0.35851
11.800000000000445,0.33654
11.805000000000446,0.30739
11.810000000000446,0.30057
11.815000000000447,0.33382
11.820000000000448,0.35888000000000003
11.825000000000449,0.30508
11.83000000000045,0.32793
11.83500000000045,0.3706
11.840000000000451,0.32304
11.845000000000452,0.34075
11.850000000000453,0.34607
11.855000000000453,0.30635999999999997
11.860000000000454,0.34078
11.865000000000455,0.36252
11.870000000000456,0.34364
11.875000000000457,0.3227
11.880000000000457,0.34697
11.885000000000458,0.34364
11.890000000000459,0.32727
11.89500000000046,0.31574
11.90000000000046,0.3435
11.905000000000461,0.32042
11.910000000000462,0.3155
11.915000000000463,0.34998
11.920000000000464,0.31689
11.925000000000464,0.34005
11.930000000000465,0.33301
11.935000000000466,0.31653000000000003
11.940000000000467,0.34649
11.945000000000467,0.3333
11.950000000000468,0.33061
11.955000000000469,0.33686
11.96000000000047,0.33336
11.96500000000047,0.35353
11.970000000000471,0.35034
11.975000000000472,0.31981
11.980000000000473,0.32088
11.985000000000474,0.32073
11.990000000000475,0.34647
11.995000000000475,0.33605
12.000000000000476,0.34041
12.005000000000477,0.31611999999999996
12.010000000000478,0.31059000000000003
12.015000000000478,0.33050999999999997
12.02000000000048,0.28326999999999997
12.02500000000048,0.33057
12.03000000000048,0.3242
12.035000000000482,0.31759
12.040000000000482,0.32537
12.045000000000483,0.30969
12.050000000000484,0.32696
12.055000000000485,0.32709
12.060000000000485,0.31727
12.065000000000486,0.33851
12.070000000000487,0.33431
12.075000000000488,0.31753000000000003
12.080000000000489,0.32342
12.08500000000049,0.34811
12.09000000000049,0.32058000000000003
12.095000000000491,0.33349
12.100000000000492,0.33376
12.105000000000492,0.34861
12.110000000000493,0.32961
12.115000000000494,0.31661999999999996
12.120000000000495,0.33311999999999997
12.125000000000496,0.31372
12.130000000000496,0.35012
12.135000000000497,0.32959
12.140000000000498,0.30601
12.145000000000499,0.33209
12.1500000000005,0.3437
12.1550000000005,0.32222
12.160000000000501,0.34573000000000004
12.165000000000502,0.32966999999999996
12.170000000000503,0.35018
12.175000000000503,0.32589
12.180000000000504,0.32454
12.185000000000505,0.37095
12.190000000000506,0.29989
12.195000000000507,0.32533
12.200000000000507,0.3453
12.205000000000508,0.33743
12.210000000000509,0.33375
12.21500000000051,0.33164
12.22000000000051,0.32655
12.225000000000511,0.30773
12.230000000000512,0.29751
12.235000000000513,0.34479
12.240000000000514,0.28586999999999996
12.245000000000514,0.33192
12.250000000000515,0.31321
12.255000000000516,0.31965
12.260000000000517,0.31455
12.265000000000517,0.31493000000000004
12.270000000000518,0.30711
12.275000000000519,0.32988
12.28000000000052,0.33462
12.28500000000052,0.32733
12.290000000000521,0.35570999999999997
12.295000000000522,0.30896999999999997
12.300000000000523,0.29866
12.305000000000524,0.32379
12.310000000000525,0.33024000000000003
12.315000000000525,0.31713
12.320000000000526,0.31289
12.325000000000527,0.33355999999999997
12.330000000000528,0.30089
12.335000000000528,0.33513000000000004
12.34000000000053,0.34242
12.34500000000053,0.34256
12.35000000000053,0.33324000000000004
12.355000000000532,0.33033
12.360000000000532,0.3448
12.365000000000533,0.30357
12.370000000000534,0.32635
12.375000000000535,0.34398
12.380000000000535,0.3195
12.385000000000536,0.33161999999999997
12.390000000000537,0.35469
12.395000000000538,0.34718000000000004
12.400000000000539,0.32508000000000004
12.40500000000054,0.34946
12.41000000000054,0.32629
12.415000000000541,0.30746
12.420000000000542,0.29775
12.425000000000542,0.31614000000000003
12.430000000000543,0.31542
12.435000000000544,0.31474
12.440000000000545,0.3176
12.445000000000546,0.33321
12.450000000000546,0.34629
12.455000000000547,0.31890999999999997
12.460000000000548,0.3287
12.465000000000549,0.29079
12.47000000000055,0.30962
12.47500000000055,0.32666999999999996
12.480000000000551,0.35291
12.485000000000552,0.31697
12.490000000000553,0.33675
12.495000000000553,0.35336999999999996
12.500000000000554,0.32525
12.505000000000555,0.30962
12.510000000000556,0.33434
12.515000000000557,0.30976
12.520000000000557,0.3591
12.525000000000558,0.3327
12.530000000000559,0.29775
12.53500000000056,0.32268
12.54000000000056,0.30069
12.545000000000561,0.35709
12.550000000000562,0.33485
12.555000000000563,0.34668000000000004
12.560000000000564,0.32711
12.565000000000564,0.35217
12.570000000000565,0.36787
12.575000000000566,0.34569
12.580000000000567,0.35804
12.585000000000568,0.33226
12.590000000000568,0.35167
12.595000000000569,0.32297
12.60000000000057,0.31387
12.60500000000057,0.32807
12.610000000000571,0.26988
12.615000000000572,0.30809000000000003
12.620000000000573,0.32161999999999996
12.625000000000574,0.34084000000000003
12.630000000000575,0.33616999999999997
12.635000000000575,0.33032
12.640000000000576,0.33792
12.645000000000577,0.31561999999999996
12.650000000000578,0.36312
12.655000000000578,0.34062
12.66000000000058,0.33603
12.66500000000058,0.33448
12.67000000000058,0.32356999999999997
12.675000000000582,0.32028
12.680000000000582,0.32765
12.685000000000583,0.3209
12.690000000000584,0.33354
12.695000000000585,0.35123000000000004
12.700000000000585,0.3475
12.705000000000586,0.30822
12.710000000000587,0.34368000000000004
12.715000000000588,0.38255
12.720000000000589,0.32932
12.72500000000059,0.33978
12.73000000000059,0.34926999999999997
12.735000000000591,0.33329000000000003
12.740000000000592,0.347
12.745000000000593,0.32654
12.750000000000593,0.34747
12.755000000000594,0.33748
12.760000000000595,0.32286
12.765000000000596,0.36680999999999997
12.770000000000596,0.3502
12.775000000000597,0.32326
12.780000000000598,0.34998
12.785000000000599,0.34362
12.7900000000006,0.33871999999999997
12.7950000000006,0.31084
12.800000000000601,0.35727
12.805000000000602,0.33987
12.810000000000603,0.3339
12.815000000000603,0.3577
12.820000000000604,0.34256
12.825000000000605,0.30471
12.830000000000606,0.34646
12.835000000000607,0.31273
12.840000000000607,0.32187
12.845000000000608,0.33108000000000004
12.850000000000609,0.31975
12.85500000000061,0.31068
12.86000000000061,0.37285
12.865000000000611,0.33568000000000003
12.870000000000612,0.32566
12.875000000000613,0.32092
12.880000000000614,0.32324
12.885000000000614,0.34711
12.890000000000615,0.33804
12.895000000000616,0.33113000000000004
12.900000000000617,0.38083
12.905000000000618,0.32318
12.910000000000618,0.30746999999999997
12.915000000000619,0.32964
12.92000000000062,0.32044
12.92500000000062,0.33084
12.930000000000621,0.34
12.935000000000622,0.3563
12.940000000000623,0.3611
12.945000000000624,0.34707
12.950000000000625,0.35547
12.955000000000625,0.33616999999999997
12.960000000000626,0.33823000000000003
12.965000000000627,0.32365
12.970000000000628,0.33818000000000004
12.975000000000628,0.34016
12.98000000000063,0.35054
12.98500000000063,0.31075
12.99000000000063,0.31524
12.995000000000632,0.31790999999999997
13.000000000000632,0.35657
13.005000000000633,0.32355
13.010000000000634,0.37511
13.015000000000635,0.32033
13.020000000000636,0.32919
13.025000000000636,0.32693
13.030000000000637,0.33836
13.035000000000638,0.34094
13.040000000000639,0.36288000000000004
13.04500000000064,0.34084000000000003
13.05000000000064,0.32094
13.055000000000641,0.34259
13.060000000000642,0.34278000000000003
13.065000000000643,0.31521
13.070000000000643,0.3532
13.075000000000644,0.34803
13.080000000000645,0.31159000000000003
13.085000000000646,0.33682
13.090000000000646,0.3339
13.095000000000647,0.32128
13.100000000000648,0.34768000000000004
13.105000000000649,0.32757
13.11000000000065,0.36241999999999996
13.11500000000065,0.36517
13.120000000000651,0.32261999999999996
13.125000000000652,0.33363000000000004
13.130000000000653,0.36059
13.135000000000653,0.32811999999999997
13.140000000000654,0.31688
13.145000000000655,0.32534
13.150000000000656,0.33466
13.155000000000657,0.31829
13.160000000000657,0.30816
13.165000000000658,0.31790999999999997
13.170000000000659,0.33353
13.17500000000066,0.30782
13.18000000000066,0.35117
13.185000000000661,0.32661999999999997
13.190000000000662,0.31376
13.195000000000663,0.35979
13.200000000000664,0.32464
13.205000000000664,0.34296
13.210000000000665,0.35723
13.215000000000666,0.3246
13.220000000000667,0.30473
13.225000000000668,0.34398
13.230000000000668,0.35522
13.23500000000067,0.35122
13.24000000000067,0.31765
13.24500000000067,0.34725
13.250000000000671,0.30754000000000004
13.255000000000672,0.32632
13.260000000000673,0.34058
13.265000000000674,0.33261999999999997
13.270000000000675,0.33906
13.275000000000675,0.33605
13.280000000000676,0.33512
13.285000000000677,0.32595999999999997
13.290000000000678,0.33958
13.295000000000678,0.32269000000000003
13.30000000000068,0.33009
13.30500000000068,0.34443
13.31000000000068,0.34655
13.315000000000682,0.3231
13.320000000000682,0.31797
13.325000000000683,0.34025
13.330000000000684,0.33314
13.335000000000685,0.32694
13.340000000000686,0.32905999999999996
13.345000000000686,0.33555
13.350000000000687,0.32959
13.355000000000688,0.33907
13.360000000000689,0.3574
13.36500000000069,0.29907
13.37000000000069,0.31142
13.375000000000691,0.33185
13.380000000000692,0.32215
13.385000000000693,0.32277
13.390000000000693,0.36777
13.395000000000694,0.31227
13.400000000000695,0.31095
13.405000000000696,0.33976999999999996
13.410000000000696,0.33038
13.415000000000697,0.32763000000000003
13.420000000000698,0.34435
13.425000000000699,0.3327
13.4300000000007,0.32149
13.4350000000007,0.32083
13.440000000000701,0.30077
13.445000000000702,0.36601
13.450000000000703,0.34089
13.455000000000704,0.31276
13.460000000000704,0.31427
13.465000000000705,0.34397
13.470000000000706,0.33361
13.475000000000707,0.32677
13.480000000000707,0.34302
13.485000000000708,0.31858000000000003
13.490000000000709,0.33146
13.49500000000071,0.30164
13.50000000000071,0.34085
13.505000000000711,0.33095
13.510000000000712,0.31723
13.515000000000713,0.30951999999999996
13.520000000000714,0.3299
13.525000000000714,0.33546
13.530000000000715,0.32954
13.535000000000716,0.32600999999999997
13.540000000000717,0.34035
13.545000000000718,0.35458
13.550000000000718,0.3357
13.55500000000072,0.31851
13.56000000000072,0.31895
13.56500000000072,0.32644
13.570000000000721,0.34434000000000003
13.575000000000722,0.33408000000000004
13.580000000000723,0.33742
13.585000000000724,0.32389
13.590000000000725,0.32649
13.595000000000725,0.30127
13.600000000000726,0.33446
13.605000000000727,0.35757
13.610000000000728,0.31811
13.615000000000729,0.32003000000000004
13.62000000000073,0.32726
13.62500000000073,0.32643
13.63000000000073,0.33478
13.635000000000732,0.33321
13.640000000000732,0.34312
13.645000000000733,0.31908000000000003
13.650000000000734,0.34098
13.655000000000735,0.34401
13.660000000000736,0.32573
13.665000000000736,0.31778
13.670000000000737,0.32771
13.675000000000738,0.3328
13.680000000000739,0.33697
13.68500000000074,0.3345
13.69000000000074,0.32844
13.695000000000741,0.32697
13.700000000000742,0.34221
13.705000000000743,0.36386
13.710000000000743,0.3357
13.715000000000744,0.34711
13.720000000000745,0.36302
13.725000000000746,0.34134000000000003
13.730000000000746,0.33754
13.735000000000747,0.34036
13.740000000000748,0.35957
13.745000000000749,0.32731
13.75000000000075,0.32629
13.75500000000075,0.31853000000000004
13.760000000000751,0.3175
13.765000000000752,0.34267
13.770000000000753,0.32975
13.775000000000754,0.3107
13.780000000000754,0.32568
13.785000000000755,0.34623000000000004
13.790000000000756,0.3403
13.795000000000757,0.32136
13.800000000000757,0.31644
13.805000000000758,0.29686
13.810000000000759,0.33438
13.81500000000076,0.34313
13.82000000000076,0.31472
13.825000000000761,0.34414
13.830000000000762,0.32476
13.835000000000763,0.32311
13.840000000000764,0.37108
13.845000000000764,0.33944
13.850000000000765,0.33052
13.855000000000766,0.3518
13.860000000000767,0.31444
13.865000000000768,0.32676
13.870000000000768,0.34338
13.87500000000077,0.34433
13.88000000000077,0.32766999999999996
13.88500000000077,0.33974
13.890000000000772,0.32329
13.895000000000772,0.32047
13.900000000000773,0.34628000000000003
13.905000000000774,0.32032
13.910000000000775,0.32058000000000003
13.915000000000775,0.32727
13.920000000000776,0.3481
13.925000000000777,0.30313
13.930000000000778,0.35385
13.935000000000779,0.3252
13.94000000000078,0.3339
13.94500000000078,0.30778
13.95000000000078,0.32049
13.955000000000782,0.36275999999999997
13.960000000000782,0.31835
13.965000000000783,0.35088
13.970000000000784,0.32008000000000003
13.975000000000785,0.36646
13.980000000000786,0.30901999999999996
13.985000000000786,0.34811
13.990000000000787,0.32033
13.995000000000788,0.32828
14.000000000000789,0.32075
14.00500000000079,0.32171
14.01000000000079,0.32639
14.015000000000791,0.32061999999999996
14.020000000000792,0.33005
14.025000000000793,0.33786
14.030000000000793,0.34160999999999997
14.035000000000794,0.33614
14.040000000000795,0.32806
14.045000000000796,0.3369
14.050000000000797,0.3277
14.055000000000797,0.34957
14.060000000000798,0.34704
14.065000000000799,0.30022
14.0700000000008,0.35629
14.0750000000008,0.31165
14.080000000000801,0.32977
14.085000000000802,0.31898000000000004
14.090000000000803,0.32688
14.095000000000804,0.31909
14.100000000000804,0.33166999999999996
14.105000000000805,0.2976
14.110000000000806,0.31997
14.115000000000807,0.35759
14.120000000000807,0.32216
14.125000000000808,0.31265
14.130000000000809,0.34131999999999996
14.13500000000081,0.33093
14.14000000000081,0.3353
14.145000000000811,0.35031999999999996
14.150000000000812,0.31371
14.155000000000813,0.34014
14.160000000000814,0.35286
14.165000000000814,0.31368
14.170000000000815,0.35212
14.175000000000816,0.35401
14.180000000000817,0.31445
14.185000000000818,0.31377
14.190000000000818,0.32047
14.19500000000082,0.36186
14.20000000000082,0.31731
14.20500000000082,0.33821
14.210000000000822,0.36485
14.215000000000822,0.34087
14.220000000000823,0.29227
14.225000000000824,0.34078
14.230000000000825,0.30349
14.235000000000825,0.33941
14.240000000000826,0.35107
14.245000000000827,0.31664000000000003
14.250000000000828,0.33219
14.255000000000829,0.32165
14.26000000000083,0.33666
14.26500000000083,0.33347
14.270000000000831,0.34029
14.275000000000832,0.32679
14.280000000000832,0.35051
14.285000000000833,0.28509
14.290000000000834,0.33669
14.295000000000835,0.30314
14.300000000000836,0.33218000000000003
14.305000000000836,0.3533
14.310000000000837,0.32527
14.315000000000838,0.3274
14.320000000000839,0.32763000000000003
14.32500000000084,0.3249
14.33000000000084,0.32818
14.335000000000841,0.29691
14.340000000000842,0.31517
14.345000000000843,0.32705
14.350000000000843,0.33674
14.355000000000844,0.32475
14.360000000000845,0.32664
14.365000000000846,0.32989
14.370000000000847,0.34213000000000005
14.375000000000847,0.3172
14.380000000000848,0.33774
14.385000000000849,0.33837
14.39000000000085,0.33705999999999997
14.39500000000085,0.30762
14.400000000000851,0.31754
14.405000000000852,0.31168
14.410000000000853,0.32889
14.415000000000854,0.33015
14.420000000000854,0.33701
14.425000000000855,0.31098000000000003
14.430000000000856,0.31749
14.435000000000857,0.33375
14.440000000000857,0.3215
14.445000000000858,0.32122
14.450000000000859,0.30325
14.45500000000086,0.30724
14.46000000000086,0.35007
14.465000000000861,0.34448
14.470000000000862,0.31563
14.475000000000863,0.34529
14.480000000000864,0.31756999999999996
14.485000000000865,0.31003000000000003
14.490000000000865,0.31359000000000004
14.495000000000866,0.31756
14.500000000000867,0.30346999999999996
14.505000000000868,0.35331
14.510000000000868,0.34492
14.51500000000087,0.3274
14.52000000000087,0.33449
14.52500000000087,0.34137
14.530000000000872,0.35124
14.535000000000872,0.30651999999999996
14.540000000000873,0.33074000000000003
14.545000000000874,0.34357
14.550000000000875,0.33512
14.555000000000875,0.33957
14.560000000000876,0.32703000000000004
14.565000000000877,0.33981
14.570000000000878,0.30973
14.575000000000879,0.32045999999999997
14.58000000000088,0.32252
14.58500000000088,0.31195
14.590000000000881,0.36928
14.595000000000882,0.34791
14.600000000000882,0.35123000000000004
14.605000000000883,0.33286
14.610000000000884,0.33958
14.615000000000885,0.324
14.620000000000886,0.31847
14.625000000000886,0.33560999999999996
14.630000000000887,0.36415
14.635000000000888,0.31256
14.640000000000889,0.31458
14.64500000000089,0.34229
14.65000000000089,0.35307
14.655000000000891,0.31756999999999996
14.660000000000892,0.34268000000000004
14.665000000000893,0.35628000000000004
14.670000000000893,0.33451
14.675000000000894,0.33082
14.680000000000895,0.33682
14.685000000000896,0.33316
14.690000000000897,0.33753
14.695000000000897,0.34989000000000003
14.700000000000898,0.35499
14.705000000000899,0.36052
14.7100000000009,0.34455
14.7150000000009,0.33321
14.720000000000901,0.34647
14.725000000000902,0.30809000000000003
14.730000000000903,0.33952
14.735000000000904,0.33592
14.740000000000904,0.34486999999999995
14.745000000000905,0.31399
14.750000000000906,0.34097
14.755000000000907,0.36091
14.760000000000908,0.35505
14.765000000000908,0.35391999999999996
14.770000000000909,0.32189
14.77500000000091,0.34407
14.78000000000091,0.35825
14.785000000000911,0.34955
14.790000000000912,0.34376999999999996
14.795000000000913,0.36408
14.800000000000914,0.30788000000000004
14.805000000000915,0.35089000000000004
14.810000000000915,0.33321
14.815000000000916,0.33005999999999996
14.820000000000917,0.3475
14.825000000000918,0.31766
14.830000000000918,0.34364
14.83500000000092,0.30123
14.84000000000092,0.31395
14.84500000000092,0.35695
14.850000000000922,0.3114
14.855000000000922,0.31894
14.860000000000923,0.35191999999999996
14.865000000000924,0.34836
14.870000000000925,0.31167
14.875000000000925,0.34021999999999997
14.880000000000926,0.36458
14.885000000000927,0.31629
14.890000000000928,0.30332
14.895000000000929,0.32993
14.90000000000093,0.3237
14.90500000000093,0.33707
14.910000000000931,0.34107
14.915000000000932,0.33969
14.920000000000933,0.29958
14.925000000000933,0.30712
14.930000000000934,0.32345
14.935000000000935,0.34071999999999997
14.940000000000936,0.30071
14.945000000000936,0.34187
14.950000000000937,0.34893
14.955000000000938,0.32013
14.960000000000939,0.31054
14.96500000000094,0.30735999999999997
14.97000000000094,0.33009
14.975000000000941,0.31701999999999997
14.980000000000942,0.3508
14.985000000000943,0.33686
14.990000000000943,0.33623000000000003
14.995000000000944,0.32993
