Time,Atlas_tn8
0.005,0.09201000000000001
0.01,0.11235999999999999
0.015,0.06442
0.02,0.11427999999999999
0.025,0.09383
0.030000000000000002,0.13507
0.035,0.0876
0.04,0.09656
0.045,0.11335999999999999
0.049999999999999996,0.11835999999999999
0.05499999999999999,0.13068
0.05999999999999999,0.10642
0.06499999999999999,0.09434
0.06999999999999999,0.09632
0.075,0.12729000000000001
0.08,0.11508
0.085,0.12836
0.09000000000000001,0.09422
0.09500000000000001,0.087
0.10000000000000002,0.11562
0.10500000000000002,0.11703
0.11000000000000003,0.09398
0.11500000000000003,0.12079000000000001
0.12000000000000004,0.08781
0.12500000000000003,0.09971000000000001
0.13000000000000003,0.14679
0.13500000000000004,0.10562
0.14000000000000004,0.09867999999999999
0.14500000000000005,0.11225
0.15000000000000005,0.10338
0.15500000000000005,0.11120999999999999
0.16000000000000006,0.0866
0.16500000000000006,0.10195
0.17000000000000007,0.1079
0.17500000000000007,0.10555999999999999
0.18000000000000008,0.10096000000000001
0.18500000000000008,0.10392
0.19000000000000009,0.11617000000000001
0.1950000000000001,0.11490999999999998
0.2000000000000001,0.13180999999999998
0.2050000000000001,0.14711
0.2100000000000001,0.1074
0.2150000000000001,0.09512999999999999
0.2200000000000001,0.09729
0.22500000000000012,0.08691
0.23000000000000012,0.09482
0.23500000000000013,0.11027999999999999
0.24000000000000013,0.11612
0.24500000000000013,0.12947999999999998
0.2500000000000001,0.1229
0.2550000000000001,0.12454000000000001
0.2600000000000001,0.12337000000000001
0.2650000000000001,0.08181000000000001
0.27000000000000013,0.1117
0.27500000000000013,0.11740999999999999
0.28000000000000014,0.10489000000000001
0.28500000000000014,0.11125
0.29000000000000015,0.1211
0.29500000000000015,0.14171
0.30000000000000016,0.10805999999999999
0.30500000000000016,0.13609000000000002
0.31000000000000016,0.0968
0.31500000000000017,0.10025
0.3200000000000002,0.10277
0.3250000000000002,0.138
0.3300000000000002,0.11035
0.3350000000000002,0.09552999999999999
0.3400000000000002,0.10515999999999999
0.3450000000000002,0.11810999999999999
0.3500000000000002,0.11782999999999999
0.3550000000000002,0.10875
0.3600000000000002,0.11457
0.3650000000000002,0.1147
0.3700000000000002,0.12779000000000001
0.3750000000000002,0.11473
0.3800000000000002,0.09558
0.38500000000000023,0.08871
0.39000000000000024,0.12015
0.39500000000000024,0.09693
0.40000000000000024,0.07854
0.40500000000000025,0.09708
0.41000000000000025,0.08479
0.41500000000000026,0.09576
0.42000000000000026,0.11341
0.42500000000000027,0.12378
0.43000000000000027,0.11763
0.4350000000000003,0.10754000000000001
0.4400000000000003,0.10124
0.4450000000000003,0.09752999999999999
0.4500000000000003,0.13029000000000002
0.4550000000000003,0.10680999999999999
0.4600000000000003,0.13041
0.4650000000000003,0.11263
0.4700000000000003,0.11137999999999999
0.4750000000000003,0.10543
0.4800000000000003,0.1107
0.4850000000000003,0.088
0.4900000000000003,0.11392999999999999
0.49500000000000033,0.0938
0.5000000000000003,0.09895
0.5050000000000003,0.10992
0.5100000000000003,0.08101
0.5150000000000003,0.05686
0.5200000000000004,0.12777
0.5250000000000004,0.08448
0.5300000000000004,0.12308
0.5350000000000004,0.08136
0.5400000000000004,0.09471
0.5450000000000004,0.11771
0.5500000000000004,0.10733
0.5550000000000004,0.13923
0.5600000000000004,0.07766
0.5650000000000004,0.12226
0.5700000000000004,0.08545
0.5750000000000004,0.07716
0.5800000000000004,0.08748
0.5850000000000004,0.10065
0.5900000000000004,0.11584000000000001
0.5950000000000004,0.11875
0.6000000000000004,0.1248
0.6050000000000004,0.08667000000000001
0.6100000000000004,0.10645
0.6150000000000004,0.10272
0.6200000000000004,0.12234
0.6250000000000004,0.09068
0.6300000000000004,0.09707
0.6350000000000005,0.10715999999999999
0.6400000000000005,0.07995
0.6450000000000005,0.09621
0.6500000000000005,0.12087
0.6550000000000005,0.12004000000000001
0.6600000000000005,0.12015999999999999
0.6650000000000005,0.1013
0.6700000000000005,0.10737000000000001
0.6750000000000005,0.09787
0.6800000000000005,0.103
0.6850000000000005,0.09379
0.6900000000000005,0.1357
0.6950000000000005,0.09976
0.7000000000000005,0.10704000000000001
0.7050000000000005,0.07497000000000001
0.7100000000000005,0.09292
0.7150000000000005,0.08963
0.7200000000000005,0.10232000000000001
0.7250000000000005,0.09996000000000001
0.7300000000000005,0.09042
0.7350000000000005,0.11388
0.7400000000000005,0.12555
0.7450000000000006,0.09401
0.7500000000000006,0.11909000000000002
0.7550000000000006,0.09217
0.7600000000000006,0.0734
0.7650000000000006,0.09414
0.7700000000000006,0.10851
0.7750000000000006,0.08662
0.7800000000000006,0.10662999999999999
0.7850000000000006,0.10121000000000001
0.7900000000000006,0.08348
0.7950000000000006,0.11434000000000001
0.8000000000000006,0.07702
0.8050000000000006,0.10362
0.8100000000000006,0.10910999999999998
0.8150000000000006,0.10038
0.8200000000000006,0.09197999999999999
0.8250000000000006,0.10084
0.8300000000000006,0.06987
0.8350000000000006,0.06409
0.8400000000000006,0.10234
0.8450000000000006,0.10103
0.8500000000000006,0.10369
0.8550000000000006,0.11406
0.8600000000000007,0.08792
0.8650000000000007,0.09347000000000001
0.8700000000000007,0.06803
0.8750000000000007,0.07123
0.8800000000000007,0.09611
0.8850000000000007,0.08016000000000001
0.8900000000000007,0.10843
0.8950000000000007,0.11690999999999999
0.9000000000000007,0.07295
0.9050000000000007,0.10622999999999999
0.9100000000000007,0.10008
0.9150000000000007,0.11775
0.9200000000000007,0.1172
0.9250000000000007,0.09594
0.9300000000000007,0.11844
0.9350000000000007,0.07721
0.9400000000000007,0.11168
0.9450000000000007,0.12052
0.9500000000000007,0.08642999999999999
0.9550000000000007,0.11414
0.9600000000000007,0.11407
0.9650000000000007,0.09736
0.9700000000000008,0.12340999999999999
0.9750000000000008,0.11671
0.9800000000000008,0.09021
0.9850000000000008,0.11422
0.9900000000000008,0.10777
0.9950000000000008,0.10397
1.0000000000000007,0.09722
1.0050000000000006,0.09402999999999999
1.0100000000000005,0.10612
1.0150000000000003,0.11202000000000001
1.0200000000000002,0.09271
1.0250000000000001,0.1063
1.03,0.08676
1.035,0.08438999999999999
1.0399999999999998,0.10429000000000001
1.0449999999999997,0.1117
1.0499999999999996,0.09247999999999999
1.0549999999999995,0.09504
1.0599999999999994,0.11538
1.0649999999999993,0.11846
1.0699999999999992,0.1014
1.074999999999999,0.09411
1.079999999999999,0.10740999999999999
1.0849999999999989,0.13357
1.0899999999999987,0.09677999999999999
1.0949999999999986,0.12030999999999999
1.0999999999999985,0.08348
1.1049999999999984,0.11372
1.1099999999999983,0.08748
1.1149999999999982,0.10733
1.119999999999998,0.14951
1.124999999999998,0.1053
1.129999999999998,0.09065
1.1349999999999978,0.12978
1.1399999999999977,0.11087000000000001
1.1449999999999976,0.05711
1.1499999999999975,0.13815
1.1549999999999974,0.11819
1.1599999999999973,0.08451
1.1649999999999971,0.09154
1.169999999999997,0.08707999999999999
1.174999999999997,0.09381
1.1799999999999968,0.11402999999999999
1.1849999999999967,0.09106
1.1899999999999966,0.10096000000000001
1.1949999999999965,0.11654
1.1999999999999964,0.08156000000000001
1.2049999999999963,0.10081
1.2099999999999962,0.07918
1.214999999999996,0.10465999999999999
1.219999999999996,0.09055
1.2249999999999959,0.1048
1.2299999999999958,0.11370999999999999
1.2349999999999957,0.09093
1.2399999999999956,0.11177000000000001
1.2449999999999954,0.06913
1.2499999999999953,0.10812000000000001
1.2549999999999952,0.0973
1.2599999999999951,0.11439
1.264999999999995,0.09181
1.269999999999995,0.10445
1.2749999999999948,0.13
1.2799999999999947,0.07139
1.2849999999999946,0.12408
1.2899999999999945,0.11565
1.2949999999999944,0.09414
1.2999999999999943,0.08385
1.3049999999999942,0.11300999999999999
1.309999999999994,0.06949
1.314999999999994,0.07356
1.3199999999999938,0.08002999999999999
1.3249999999999937,0.1211
1.3299999999999936,0.07858
1.3349999999999935,0.09547
1.3399999999999934,0.10934
1.3449999999999933,0.0878
1.3499999999999932,0.09788999999999999
1.354999999999993,0.10751
1.359999999999993,0.09407
1.3649999999999929,0.11022
1.3699999999999928,0.12629
1.3749999999999927,0.08897000000000001
1.3799999999999926,0.09802999999999999
1.3849999999999925,0.09372
1.3899999999999924,0.12308
1.3949999999999922,0.09377
1.3999999999999921,0.10793
1.404999999999992,0.12458
1.409999999999992,0.08388999999999999
1.4149999999999918,0.0947
1.4199999999999917,0.11965999999999999
1.4249999999999916,0.10980999999999999
1.4299999999999915,0.12361
1.4349999999999914,0.09176000000000001
1.4399999999999913,0.09991
1.4449999999999912,0.09808
1.449999999999991,0.09383999999999999
1.454999999999991,0.11694
1.4599999999999909,0.12290999999999999
1.4649999999999908,0.10932
1.4699999999999906,0.11119000000000001
1.4749999999999905,0.09559
1.4799999999999904,0.10555
1.4849999999999903,0.10315
1.4899999999999902,0.09508
1.4949999999999901,0.11815999999999999
1.49999999999999,0.11715
1.50499999999999,0.10006
1.5099999999999898,0.11581
1.5149999999999897,0.09762
1.5199999999999896,0.07798
1.5249999999999895,0.09867000000000001
1.5299999999999894,0.11875999999999999
1.5349999999999893,0.10088
1.5399999999999892,0.12022999999999999
1.544999999999989,0.10699000000000002
1.549999999999989,0.11104000000000001
1.5549999999999888,0.09346
1.5599999999999887,0.13093
1.5649999999999886,0.10163
1.5699999999999885,0.10733
1.5749999999999884,0.08616
1.5799999999999883,0.08706
1.5849999999999882,0.1234
1.589999999999988,0.09118
1.594999999999988,0.10659
1.5999999999999879,0.097
1.6049999999999878,0.12007999999999999
1.6099999999999877,0.09684
1.6149999999999876,0.0804
1.6199999999999875,0.09153
1.6249999999999873,0.11406
1.6299999999999872,0.11037000000000001
1.6349999999999871,0.10797000000000001
1.639999999999987,0.09577999999999999
1.644999999999987,0.10269
1.6499999999999868,0.13451
1.6549999999999867,0.10201
1.6599999999999866,0.08855
1.6649999999999865,0.09877999999999999
1.6699999999999864,0.07497999999999999
1.6749999999999863,0.08951
1.6799999999999862,0.08855
1.684999999999986,0.10329
1.689999999999986,0.11685
1.6949999999999859,0.08856
1.6999999999999857,0.09594
1.7049999999999856,0.11706
1.7099999999999855,0.10484
1.7149999999999854,0.11248
1.7199999999999853,0.11832999999999999
1.7249999999999852,0.10042000000000001
1.729999999999985,0.09999
1.734999999999985,0.12364000000000001
1.739999999999985,0.08403
1.7449999999999848,0.10332999999999999
1.7499999999999847,0.1019
1.7549999999999846,0.12661
1.7599999999999845,0.10724000000000002
1.7649999999999844,0.11155
1.7699999999999843,0.10697999999999999
1.7749999999999841,0.11953
1.779999999999984,0.10424000000000001
1.784999999999984,0.09394
1.7899999999999838,0.10265
1.7949999999999837,0.09426
1.7999999999999836,0.10446
1.8049999999999835,0.11051
1.8099999999999834,0.10876
1.8149999999999833,0.09996000000000001
1.8199999999999832,0.10736
1.824999999999983,0.07944
1.829999999999983,0.12115999999999999
1.8349999999999829,0.09096
1.8399999999999828,0.09855
1.8449999999999827,0.14520999999999998
1.8499999999999825,0.10296
1.8549999999999824,0.08678
1.8599999999999823,0.08815
1.8649999999999822,0.09959
1.8699999999999821,0.09374
1.874999999999982,0.09866
1.879999999999982,0.10630999999999999
1.8849999999999818,0.09949
1.8899999999999817,0.10254
1.8949999999999816,0.09695
1.8999999999999815,0.08261
1.9049999999999814,0.09393
1.9099999999999813,0.10843
1.9149999999999812,0.11073
1.919999999999981,0.11054000000000001
1.924999999999981,0.08001
1.9299999999999808,0.10407999999999999
1.9349999999999807,0.09817000000000001
1.9399999999999806,0.09526
1.9449999999999805,0.09727000000000001
1.9499999999999804,0.10092000000000001
1.9549999999999803,0.12172000000000001
1.9599999999999802,0.07806
1.96499999999998,0.08684
1.96999999999998,0.08041
1.9749999999999799,0.09122000000000001
1.9799999999999798,0.10367
1.9849999999999797,0.11199
1.9899999999999796,0.07696
1.9949999999999795,0.11272
1.9999999999999793,0.10694000000000001
2.0049999999999795,0.11047
2.0099999999999794,0.10001
2.0149999999999793,0.10299000000000001
2.019999999999979,0.12662
2.024999999999979,0.0814
2.029999999999979,0.09884
2.034999999999979,0.08961000000000001
2.0399999999999787,0.08479
2.0449999999999786,0.11627
2.0499999999999785,0.09779
2.0549999999999784,0.07741
2.0599999999999783,0.08825
2.064999999999978,0.08112
2.069999999999978,0.12345
2.074999999999978,0.08333
2.079999999999978,0.07118
2.0849999999999778,0.08934
2.0899999999999777,0.07739
2.0949999999999775,0.11827
2.0999999999999774,0.08237
2.1049999999999773,0.11778
2.1099999999999772,0.09072999999999999
2.114999999999977,0.12745
2.119999999999977,0.09572
2.124999999999977,0.12103
2.129999999999977,0.10327
2.1349999999999767,0.09824
2.1399999999999766,0.08399
2.1449999999999765,0.10651
2.1499999999999764,0.09321
2.1549999999999763,0.12037
2.159999999999976,0.08288999999999999
2.164999999999976,0.06457
2.169999999999976,0.08639
2.174999999999976,0.12587
2.1799999999999757,0.10995
2.1849999999999756,0.11435
2.1899999999999755,0.10848
2.1949999999999754,0.07303
2.1999999999999753,0.08556
2.204999999999975,0.09816
2.209999999999975,0.13679000000000002
2.214999999999975,0.10128
2.219999999999975,0.1024
2.2249999999999748,0.1294
2.2299999999999747,0.0979
2.2349999999999746,0.08451
2.2399999999999745,0.07511
2.2449999999999743,0.08355
2.2499999999999742,0.09382
2.254999999999974,0.12104000000000001
2.259999999999974,0.08571000000000001
2.264999999999974,0.10895
2.269999999999974,0.11077999999999999
2.2749999999999737,0.08432
2.2799999999999736,0.07144
2.2849999999999735,0.06771
2.2899999999999734,0.10027
2.2949999999999733,0.10537
2.299999999999973,0.10103
2.304999999999973,0.11049
2.309999999999973,0.07654
2.314999999999973,0.07923
2.3199999999999728,0.06887
2.3249999999999726,0.12891
2.3299999999999725,0.10728
2.3349999999999724,0.08384
2.3399999999999723,0.10822999999999999
2.344999999999972,0.0919
2.349999999999972,0.12134
2.354999999999972,0.08809
2.359999999999972,0.10572000000000001
2.364999999999972,0.08027000000000001
2.3699999999999717,0.08297
2.3749999999999716,0.09176000000000001
2.3799999999999715,0.10837000000000001
2.3849999999999714,0.0779
2.3899999999999713,0.06854
2.394999999999971,0.07826
2.399999999999971,0.07327
2.404999999999971,0.07904
2.409999999999971,0.07643
2.4149999999999707,0.10778
2.4199999999999706,0.07257000000000001
2.4249999999999705,0.10044
2.4299999999999704,0.08825
2.4349999999999703,0.0505
2.43999999999997,0.07146
2.44499999999997,0.09485
2.44999999999997,0.07409
2.45499999999997,0.11098
2.4599999999999698,0.07783999999999999
2.4649999999999697,0.08098
2.4699999999999696,0.061829999999999996
2.4749999999999694,0.08788
2.4799999999999693,0.12070999999999998
2.4849999999999692,0.05521
2.489999999999969,0.08672
2.494999999999969,0.08497
2.499999999999969,0.09412999999999999
2.504999999999969,0.09537999999999999
2.5099999999999687,0.05018
2.5149999999999686,0.0897
2.5199999999999685,0.07975
2.5249999999999684,0.08957000000000001
2.5299999999999683,0.07808
2.534999999999968,0.1009
2.539999999999968,0.09476
2.544999999999968,0.10898
2.549999999999968,0.08388999999999999
2.5549999999999677,0.07475
2.5599999999999676,0.0666
2.5649999999999675,0.061360000000000005
2.5699999999999674,0.0807
2.5749999999999673,0.12129000000000001
2.579999999999967,0.0614
2.584999999999967,0.05703
2.589999999999967,0.049010000000000005
2.594999999999967,0.08765
2.599999999999967,0.07131
2.6049999999999667,0.09436
2.6099999999999666,0.07787999999999999
2.6149999999999665,0.08664
2.6199999999999664,0.09219
2.6249999999999662,0.10550999999999999
2.629999999999966,0.061810000000000004
2.634999999999966,0.026389999999999997
2.639999999999966,0.10503
2.644999999999966,0.08429
2.6499999999999657,0.09226000000000001
2.6549999999999656,0.07134
2.6599999999999655,0.03798
2.6649999999999654,0.08911000000000001
2.6699999999999653,0.05388
2.674999999999965,0.0994
2.679999999999965,0.05148
2.684999999999965,0.08847000000000001
2.689999999999965,0.09836
2.6949999999999648,0.07438
2.6999999999999647,0.08491
2.7049999999999645,0.07156
2.7099999999999644,0.06994
2.7149999999999643,0.0901
2.7199999999999642,0.05312000000000001
2.724999999999964,0.08377000000000001
2.729999999999964,0.06749
2.734999999999964,0.097
2.739999999999964,0.08356
2.7449999999999637,0.07189
2.7499999999999636,0.053829999999999996
2.7549999999999635,0.09017
2.7599999999999634,0.07679
2.7649999999999633,0.03977
2.769999999999963,0.08225
2.774999999999963,0.08045
2.779999999999963,0.061579999999999996
2.784999999999963,0.061489999999999996
2.7899999999999627,0.0395
2.7949999999999626,0.05051
2.7999999999999625,0.06946000000000001
2.8049999999999624,0.04187
2.8099999999999623,0.05735
2.814999999999962,0.033339999999999995
2.819999999999962,0.04729
2.824999999999962,0.05781
2.829999999999962,0.03367
2.8349999999999618,0.06521
2.8399999999999617,0.02471
2.8449999999999616,0.07583
2.8499999999999615,0.038669999999999996
2.8549999999999613,0.04707
2.8599999999999612,0.06569
2.864999999999961,0.06106
2.869999999999961,0.035410000000000004
2.874999999999961,0.04709
2.879999999999961,0.06426
2.8849999999999607,0.05961
2.8899999999999606,0.04263
2.8949999999999605,0.051789999999999996
2.8999999999999604,0.06806
2.9049999999999603,0.05575
2.90999999999996,0.0445
2.91499999999996,0.03953
2.91999999999996,0.020569999999999998
2.92499999999996,0.029160000000000002
2.9299999999999597,0.017580000000000002
2.9349999999999596,0.03592
2.9399999999999595,0.03132
2.9449999999999594,0.053810000000000004
2.9499999999999593,0.03885
2.954999999999959,0.044969999999999996
2.959999999999959,0.004520000000000001
2.964999999999959,0.039619999999999995
2.969999999999959,0.04245
2.974999999999959,0.04312
2.9799999999999587,-0.00164
2.9849999999999586,0.00949
2.9899999999999585,0.0027
2.9949999999999584,0.0486
2.9999999999999583,0.02494
3.004999999999958,0.04398
3.009999999999958,0.007559999999999999
3.014999999999958,0.007890000000000001
3.019999999999958,-0.00589
3.0249999999999577,0.00182
3.0299999999999576,0.01574
3.0349999999999575,0.01804
3.0399999999999574,-0.014580000000000001
3.0449999999999573,0.02348
3.049999999999957,0.0008900000000000001
3.054999999999957,-0.031160000000000004
3.059999999999957,-0.004379999999999999
3.064999999999957,-0.00834
3.0699999999999568,-0.03417
3.0749999999999567,-0.01068
3.0799999999999566,-0.04131
3.0849999999999564,0.01733
3.0899999999999563,-0.04394
3.0949999999999562,-0.0075
3.099999999999956,0.01614
3.104999999999956,-0.03148
3.109999999999956,-0.00343
3.114999999999956,-0.0256
3.1199999999999557,-0.04174
3.1249999999999556,-0.05026
3.1299999999999555,-0.03972
3.1349999999999554,-0.024909999999999998
3.1399999999999553,-0.02998
3.144999999999955,-0.02159
3.149999999999955,-0.04496
3.154999999999955,-0.033510000000000005
3.159999999999955,-0.07165
3.1649999999999547,-0.00145
3.1699999999999546,-0.03202
3.1749999999999545,-0.01941
3.1799999999999544,-0.005529999999999999
3.1849999999999543,-0.04403
3.189999999999954,0.00335
3.194999999999954,-0.008440000000000001
3.199999999999954,-0.00484
3.204999999999954,-0.01608
3.209999999999954,0.01659
3.2149999999999537,0.00824
3.2199999999999536,0.00561
3.2249999999999535,0.0078
3.2299999999999534,0.00458
3.2349999999999532,0.04494
3.239999999999953,0.01096
3.244999999999953,0.01942
3.249999999999953,0.01563
3.254999999999953,0.0114
3.2599999999999527,-0.0071400000000000005
3.2649999999999526,0.01956
3.2699999999999525,0.00479
3.2749999999999524,0.00417
3.2799999999999523,0.0268
3.284999999999952,0.00518
3.289999999999952,0.03027
3.294999999999952,-0.02035
3.299999999999952,0.00881
3.3049999999999518,0.01958
3.3099999999999516,0.02472
3.3149999999999515,0.01857
3.3199999999999514,-0.00484
3.3249999999999513,-0.007379999999999999
3.329999999999951,-0.00822
3.334999999999951,0.00898
3.339999999999951,-0.0074
3.344999999999951,-0.01492
3.349999999999951,-0.0287
3.3549999999999507,-0.014480000000000002
3.3599999999999506,0.02978
3.3649999999999505,-0.03147
3.3699999999999504,-0.05839
3.3749999999999503,-0.04278
3.37999999999995,-0.03826
3.38499999999995,-0.00823
3.38999999999995,-0.02433
3.39499999999995,-0.03028
3.3999999999999497,-0.02109
3.4049999999999496,-0.01245
3.4099999999999495,-0.043989999999999994
3.4149999999999494,-0.0498
3.4199999999999493,-0.01875
3.424999999999949,-0.02793
3.429999999999949,-0.0211
3.434999999999949,-0.02085
3.439999999999949,-0.01879
3.4449999999999488,-0.0289
3.4499999999999487,-0.02383
3.4549999999999486,-0.02089
3.4599999999999485,-0.04105
3.4649999999999483,-0.024380000000000002
3.4699999999999482,-0.04149
3.474999999999948,-0.06023
3.479999999999948,-0.04104
3.484999999999948,-0.04978
3.489999999999948,-0.03478
3.4949999999999477,-0.0245
3.4999999999999476,-0.03988
3.5049999999999475,-0.01854
3.5099999999999474,-0.0403
3.5149999999999473,-0.02888
3.519999999999947,-0.015019999999999999
3.524999999999947,-0.03324
3.529999999999947,-0.05165
3.534999999999947,-0.02538
3.5399999999999467,-0.00545
3.5449999999999466,-0.0075
3.5499999999999465,-0.02391
3.5549999999999464,-0.034710000000000005
3.5599999999999463,-0.04823
3.564999999999946,-0.03126
3.569999999999946,-0.04652
3.574999999999946,-0.02246
3.579999999999946,-0.0176
3.584999999999946,-0.00445
3.5899999999999457,0.0018899999999999998
3.5949999999999456,0.00016
3.5999999999999455,-0.0204
3.6049999999999454,-0.04413
3.6099999999999453,-0.0009599999999999999
3.614999999999945,-0.03613
3.619999999999945,-0.05382000000000001
3.624999999999945,-0.04791
3.629999999999945,-0.03659
3.6349999999999447,-0.01371
3.6399999999999446,-0.00079
3.6449999999999445,-0.02431
3.6499999999999444,0.01554
3.6549999999999443,-0.029189999999999997
3.659999999999944,-0.018009999999999998
3.664999999999944,-0.01142
3.669999999999944,-0.0015400000000000001
3.674999999999944,0.008579999999999999
3.6799999999999438,-0.03059
3.6849999999999437,-0.04788
3.6899999999999435,-0.04729
3.6949999999999434,-0.01408
3.6999999999999433,-0.00451
3.7049999999999432,-0.00716
3.709999999999943,-0.03764
3.714999999999943,-0.00303
3.719999999999943,-0.0463
3.724999999999943,-0.032780000000000004
3.7299999999999427,-0.01831
3.7349999999999426,-0.030289999999999997
3.7399999999999425,-0.03912
3.7449999999999424,-0.00806
3.7499999999999423,-0.009470000000000001
3.754999999999942,-0.029019999999999997
3.759999999999942,-0.023469999999999998
3.764999999999942,-0.06089
3.769999999999942,-0.05803
3.7749999999999417,-0.02669
3.7799999999999416,-0.05388
3.7849999999999415,-0.03463
3.7899999999999414,-0.03439
3.7949999999999413,-0.03734
3.799999999999941,-0.02731
3.804999999999941,-0.027180000000000003
3.809999999999941,-0.04369
3.814999999999941,-0.0075
3.8199999999999408,-0.00761
3.8249999999999407,-0.01137
3.8299999999999406,0.01434
3.8349999999999405,0.00072
3.8399999999999403,0.01259
3.8449999999999402,0.00702
3.84999999999994,-0.00112
3.85499999999994,0.0019199999999999998
3.85999999999994,-0.014119999999999999
3.86499999999994,-0.00298
3.8699999999999397,0.01911
3.8749999999999396,0.04595
3.8799999999999395,0.01369
3.8849999999999394,-0.00772
3.8899999999999393,0.02182
3.894999999999939,0.04796
3.899999999999939,0.01926
3.904999999999939,0.01739
3.909999999999939,0.06469
3.9149999999999388,0.04988
3.9199999999999386,0.00045
3.9249999999999385,0.016669999999999997
3.9299999999999384,0.03882
3.9349999999999383,0.03275
3.939999999999938,0.0391
3.944999999999938,0.0415
3.949999999999938,0.0298
3.954999999999938,0.048889999999999996
3.959999999999938,0.02393
3.9649999999999377,0.04136
3.9699999999999376,0.00492
3.9749999999999375,0.04528
3.9799999999999374,0.03632
3.9849999999999373,0.03027
3.989999999999937,0.06548999999999999
3.994999999999937,0.05089
3.999999999999937,0.03515
4.004999999999937,0.055060000000000005
4.009999999999937,0.028030000000000003
4.014999999999937,0.032060000000000005
4.0199999999999365,0.03899
4.024999999999936,0.03369
4.029999999999936,0.02648
4.034999999999936,0.058879999999999995
4.039999999999936,0.03027
4.044999999999936,0.03854
4.049999999999936,0.0134
4.054999999999936,0.056510000000000005
4.059999999999936,0.04766
4.0649999999999356,0.04913
4.0699999999999354,0.04716
4.074999999999935,0.04099
4.079999999999935,0.03429
4.084999999999935,0.053070000000000006
4.089999999999935,0.033280000000000004
4.094999999999935,0.039560000000000005
4.099999999999935,0.02922
4.104999999999935,0.03096
4.109999999999935,0.04483
4.1149999999999345,0.03777
4.119999999999934,0.08216
4.124999999999934,0.03113
4.129999999999934,0.041569999999999996
4.134999999999934,0.04937
4.139999999999934,0.02512
4.144999999999934,0.03508
4.149999999999934,0.041710000000000004
4.154999999999934,0.041460000000000004
4.1599999999999335,0.05517999999999999
4.164999999999933,0.030869999999999998
4.169999999999933,0.07103
4.174999999999933,0.05161
4.179999999999933,0.05412
4.184999999999933,0.036610000000000004
4.189999999999933,0.0282
4.194999999999933,0.06447
4.199999999999933,0.0807
4.204999999999933,0.03768
4.2099999999999325,0.045489999999999996
4.214999999999932,0.030330000000000003
4.219999999999932,0.05649
4.224999999999932,0.0362
4.229999999999932,0.04029
4.234999999999932,0.05811
4.239999999999932,0.0513
4.244999999999932,0.04747
4.249999999999932,0.03413
4.2549999999999315,0.019459999999999998
4.259999999999931,0.05425
4.264999999999931,0.06696
4.269999999999931,0.04503
4.274999999999931,0.07472999999999999
4.279999999999931,0.03559
4.284999999999931,0.05014
4.289999999999931,0.032080000000000004
4.294999999999931,0.07437
4.2999999999999305,0.04514
4.30499999999993,0.03581
4.30999999999993,0.01405
4.31499999999993,0.04868
4.31999999999993,0.01898
4.32499999999993,0.028
4.32999999999993,0.014219999999999998
4.33499999999993,0.03077
4.33999999999993,0.05409
4.34499999999993,0.057629999999999994
4.3499999999999295,0.03375
4.354999999999929,0.05582
4.359999999999929,0.058339999999999996
4.364999999999929,0.07257000000000001
4.369999999999929,0.02758
4.374999999999929,0.0457
4.379999999999929,0.04736
4.384999999999929,0.0182
4.389999999999929,0.03808
4.3949999999999285,0.06537000000000001
4.399999999999928,0.047
4.404999999999928,0.05779
4.409999999999928,0.032760000000000004
4.414999999999928,0.05013
4.419999999999928,0.03088
4.424999999999928,0.04388
4.429999999999928,0.04922
4.434999999999928,0.07752
4.439999999999928,0.038360000000000005
4.4449999999999275,0.04684
4.449999999999927,0.06366000000000001
4.454999999999927,0.053939999999999995
4.459999999999927,0.036739999999999995
4.464999999999927,0.05735
4.469999999999927,0.07002
4.474999999999927,0.03875
4.479999999999927,0.061070000000000006
4.484999999999927,0.04825
4.4899999999999265,0.05139
4.494999999999926,0.05319
4.499999999999926,0.06744
4.504999999999926,0.055970000000000006
4.509999999999926,0.0245
4.514999999999926,0.02553
4.519999999999926,0.03934
4.524999999999926,0.06175
4.529999999999926,0.05732999999999999
4.5349999999999255,0.0242
4.539999999999925,0.07199
4.544999999999925,0.04566
4.549999999999925,0.05062
4.554999999999925,0.047619999999999996
4.559999999999925,0.0521
4.564999999999925,0.04815
4.569999999999925,0.036660000000000005
4.574999999999925,0.05279
4.579999999999925,0.06685
4.5849999999999245,0.06207000000000001
4.589999999999924,0.04374
4.594999999999924,0.06682
4.599999999999924,0.03449
4.604999999999924,0.03052
4.609999999999924,0.031869999999999996
4.614999999999924,0.040119999999999996
4.619999999999924,0.03857
4.624999999999924,0.04866
4.6299999999999235,0.04545
4.634999999999923,0.044489999999999995
4.639999999999923,0.04186
4.644999999999923,0.04166
4.649999999999923,0.056960000000000004
4.654999999999923,0.048119999999999996
4.659999999999923,0.07118
4.664999999999923,0.05315
4.669999999999923,0.03255
4.6749999999999226,0.061779999999999995
4.6799999999999224,0.04712
4.684999999999922,0.0604
4.689999999999922,0.061439999999999995
4.694999999999922,0.030260000000000002
4.699999999999922,0.04607
4.704999999999922,0.04294
4.709999999999922,0.06055
4.714999999999922,0.051870000000000006
4.719999999999922,0.06507
4.7249999999999215,0.01831
4.729999999999921,0.04773
4.734999999999921,0.04596
4.739999999999921,0.03493
4.744999999999921,0.025769999999999998
4.749999999999921,0.05811
4.754999999999921,0.06523999999999999
4.759999999999921,0.01619
4.764999999999921,0.05312000000000001
4.7699999999999205,0.06742999999999999
4.77499999999992,0.04974
4.77999999999992,0.05097
4.78499999999992,0.03152
4.78999999999992,0.028789999999999996
4.79499999999992,0.03517
4.79999999999992,0.03463
4.80499999999992,0.0744
4.80999999999992,0.07225
4.81499999999992,0.04888
4.8199999999999195,0.09222999999999999
4.824999999999919,0.06445
4.829999999999919,0.08051
4.834999999999919,0.02756
4.839999999999919,0.03633
4.844999999999919,0.06617
4.849999999999919,0.03673
4.854999999999919,0.06035
4.859999999999919,0.054029999999999995
4.8649999999999185,0.06402999999999999
4.869999999999918,0.04793
4.874999999999918,0.060039999999999996
4.879999999999918,0.06867999999999999
4.884999999999918,0.04166
4.889999999999918,0.04568
4.894999999999918,0.04166
4.899999999999918,0.05055
4.904999999999918,0.04698
4.9099999999999175,0.0571
4.914999999999917,0.03714
4.919999999999917,0.05329
4.924999999999917,0.05629
4.929999999999917,0.07566
4.934999999999917,0.031330000000000004
4.939999999999917,0.06215
4.944999999999917,0.0471
4.949999999999917,0.055479999999999995
4.954999999999917,0.06426
4.9599999999999165,0.0686
4.964999999999916,0.04187
4.969999999999916,0.0693
4.974999999999916,0.04269
4.979999999999916,0.06747
4.984999999999916,0.03142
4.989999999999916,0.0575
4.994999999999916,0.07017999999999999
4.999999999999916,0.039939999999999996
5.0049999999999155,0.06959
5.009999999999915,0.07289
5.014999999999915,0.06164
5.019999999999915,0.07362
5.024999999999915,0.07232000000000001
5.029999999999915,0.03053
5.034999999999915,0.06125
5.039999999999915,0.05475
5.044999999999915,0.0283
5.049999999999915,0.04746
5.0549999999999145,0.07206
5.059999999999914,0.08295
5.064999999999914,0.052410000000000005
5.069999999999914,0.07482
5.074999999999914,0.05462
5.079999999999914,0.04678
5.084999999999914,0.027110000000000002
5.089999999999914,0.06442
5.094999999999914,0.0568
5.0999999999999135,0.0397
5.104999999999913,0.04218
5.109999999999913,0.07341
5.114999999999913,0.10021000000000001
5.119999999999913,0.05186
5.124999999999913,0.06942999999999999
5.129999999999913,0.03197
5.134999999999913,0.060129999999999996
5.139999999999913,0.07153
5.1449999999999125,0.034069999999999996
5.149999999999912,0.06277999999999999
5.154999999999912,0.050539999999999995
5.159999999999912,0.07329
5.164999999999912,0.060610000000000004
5.169999999999912,0.049319999999999996
5.174999999999912,0.0532
5.179999999999912,0.05831
5.184999999999912,0.07239
5.189999999999912,0.03525
5.1949999999999115,0.0586
5.199999999999911,0.03868
5.204999999999911,0.053
5.209999999999911,0.055189999999999996
5.214999999999911,0.061529999999999994
5.219999999999911,0.08575
5.224999999999911,0.06589
5.229999999999911,0.04741
5.234999999999911,0.07174
5.2399999999999105,0.04505
5.24499999999991,0.04935
5.24999999999991,0.06299
5.25499999999991,0.0577
5.25999999999991,0.09271
5.26499999999991,0.0321
5.26999999999991,0.06315
5.27499999999991,0.055689999999999996
5.27999999999991,0.05704
5.2849999999999095,0.03744
5.289999999999909,0.0339
5.294999999999909,0.06646
5.299999999999909,0.055139999999999995
5.304999999999909,0.05279
5.309999999999909,0.039580000000000004
5.314999999999909,0.04918
5.319999999999909,0.050960000000000005
5.324999999999909,0.05475
5.329999999999909,0.05882999999999999
5.3349999999999085,0.06825
5.339999999999908,0.05992000000000001
5.344999999999908,0.06896000000000001
5.349999999999908,0.033710000000000004
5.354999999999908,0.04145
5.359999999999908,0.05168
5.364999999999908,0.03712
5.369999999999908,0.06376
5.374999999999908,0.06512000000000001
5.3799999999999075,0.03656
5.384999999999907,0.04116
5.389999999999907,0.04975
5.394999999999907,0.08143
5.399999999999907,0.05347999999999999
5.404999999999907,0.06092
5.409999999999907,0.05806
5.414999999999907,0.03764
5.419999999999907,0.06748
5.424999999999907,0.06744
5.4299999999999065,0.03764
5.434999999999906,0.06412000000000001
5.439999999999906,0.07701000000000001
5.444999999999906,0.06204
5.449999999999906,0.06402000000000001
5.454999999999906,0.01736
5.459999999999906,0.04357
5.464999999999906,0.0611
5.469999999999906,0.03165
5.4749999999999055,0.06562
5.479999999999905,0.05996
5.484999999999905,0.04485
5.489999999999905,0.09084
5.494999999999905,0.02332
5.499999999999905,0.05167000000000001
5.504999999999905,0.04684
5.509999999999905,0.0489
5.514999999999905,0.054979999999999994
5.5199999999999045,0.05421
5.524999999999904,0.02823
5.529999999999904,0.07806
5.534999999999904,0.03638
5.539999999999904,0.03853
5.544999999999904,0.06137000000000001
5.549999999999904,0.06587
5.554999999999904,0.04219
5.559999999999904,0.04534
5.564999999999904,0.0635
5.5699999999999035,0.034980000000000004
5.574999999999903,0.07465
5.579999999999903,0.042910000000000004
5.584999999999903,0.050960000000000005
5.589999999999903,0.05295
5.594999999999903,0.06325
5.599999999999903,0.0538
5.604999999999903,0.015380000000000001
5.609999999999903,0.05967000000000001
5.6149999999999025,0.058710000000000005
5.619999999999902,0.01951
5.624999999999902,0.07036
5.629999999999902,0.05993
5.634999999999902,0.06536
5.639999999999902,0.07735
5.644999999999902,0.057920000000000006
5.649999999999902,0.09172000000000001
5.654999999999902,0.06854
5.6599999999999016,0.04138
5.6649999999999014,0.06375
5.669999999999901,0.03414
5.674999999999901,0.047389999999999995
5.679999999999901,0.03507
5.684999999999901,0.04752
5.689999999999901,0.03792
5.694999999999901,0.05842000000000001
5.699999999999901,0.074
5.704999999999901,0.0271
5.7099999999999005,0.02572
5.7149999999999,0.04087
5.7199999999999,0.04173
5.7249999999999,0.07053999999999999
5.7299999999999,0.025730000000000003
5.7349999999999,0.06735
5.7399999999999,0.02489
5.7449999999999,0.06026
5.7499999999999,0.06573999999999999
5.7549999999998995,0.03868
5.759999999999899,0.05739
5.764999999999899,0.05243
5.769999999999899,0.03149
5.774999999999899,0.02506
5.779999999999899,0.05088
5.784999999999899,0.05521
5.789999999999899,0.0112
5.794999999999899,0.07053999999999999
5.799999999999899,0.05584
5.8049999999998985,0.056889999999999996
5.809999999999898,0.04842
5.814999999999898,0.04433
5.819999999999898,0.04192
5.824999999999898,0.050519999999999995
5.829999999999898,0.04677
5.834999999999898,0.06224
5.839999999999898,0.05769
5.844999999999898,0.03632
5.8499999999998975,0.05901
5.854999999999897,0.05095
5.859999999999897,0.06001
5.864999999999897,0.06788
5.869999999999897,0.06425
5.874999999999897,0.013930000000000001
5.879999999999897,0.04973
5.884999999999897,0.05094
5.889999999999897,0.06931
5.8949999999998965,0.06455
5.899999999999896,0.01905
5.904999999999896,0.0513
5.909999999999896,0.03823
5.914999999999896,0.055810000000000005
5.919999999999896,0.02841
5.924999999999896,0.04972
5.929999999999896,0.03703
5.934999999999896,0.050730000000000004
5.939999999999896,0.03574
5.9449999999998955,0.04495
5.949999999999895,0.00141
5.954999999999895,0.0113
5.959999999999895,0.06551
5.964999999999895,0.04138
5.969999999999895,0.0408
5.974999999999895,0.06404
5.979999999999895,0.059179999999999996
5.984999999999895,0.030739999999999996
5.9899999999998945,0.03539
5.994999999999894,0.01135
5.999999999999894,0.031580000000000004
6.004999999999894,0.03572
6.009999999999894,0.03587
6.014999999999894,0.0488
6.019999999999894,0.0659
6.024999999999894,0.06287000000000001
6.029999999999894,0.06147999999999999
6.034999999999894,0.07977000000000001
6.0399999999998935,0.03655
6.044999999999893,0.05658
6.049999999999893,0.08183
6.054999999999893,0.06542
6.059999999999893,0.07269
6.064999999999893,0.07752
6.069999999999893,0.03135
6.074999999999893,0.05038
6.079999999999893,0.05242
6.0849999999998925,0.04104
6.089999999999892,0.04543
6.094999999999892,0.0638
6.099999999999892,0.05487
6.104999999999892,0.036180000000000004
6.109999999999892,0.0456
6.114999999999892,0.03291
6.119999999999892,0.04297
6.124999999999892,0.05458
6.1299999999998915,0.04325
6.134999999999891,0.06307
6.139999999999891,0.05853
6.144999999999891,0.0542
6.149999999999891,0.0301
6.154999999999891,0.04208
6.159999999999891,0.02417
6.164999999999891,0.05656
6.169999999999891,0.05612999999999999
6.174999999999891,0.01955
6.1799999999998905,0.08232
6.18499999999989,0.06817999999999999
6.18999999999989,0.0698
6.19499999999989,0.06457
6.19999999999989,0.06291000000000001
6.20499999999989,0.046810000000000004
6.20999999999989,0.060039999999999996
6.21499999999989,0.06747
6.21999999999989,0.04473
6.2249999999998895,0.01466
6.229999999999889,0.07599
6.234999999999889,0.034980000000000004
6.239999999999889,0.08718
6.244999999999889,0.05876
6.249999999999889,0.014830000000000001
6.254999999999889,0.07966000000000001
6.259999999999889,0.04753
6.264999999999889,0.07316
6.2699999999998886,0.0583
6.2749999999998884,0.05225
6.279999999999888,0.0398
6.284999999999888,0.05194
6.289999999999888,0.04655
6.294999999999888,0.058710000000000005
6.299999999999888,0.05936
6.304999999999888,0.03119
6.309999999999888,0.0452
6.314999999999888,0.044680000000000004
6.3199999999998875,0.07028999999999999
6.324999999999887,0.04167
6.329999999999887,0.04214
6.334999999999887,0.06551
6.339999999999887,0.047330000000000004
6.344999999999887,0.0403
6.349999999999887,0.06784
6.354999999999887,0.03871
6.359999999999887,0.05439
6.3649999999998865,0.06626
6.369999999999886,0.03991
6.374999999999886,0.07471
6.379999999999886,0.05874
6.384999999999886,0.040839999999999994
6.389999999999886,0.06987
6.394999999999886,0.03215
6.399999999999886,0.04501
6.404999999999886,0.029539999999999997
6.409999999999886,0.05264
6.4149999999998855,0.05806
6.419999999999885,0.01715
6.424999999999885,0.029710000000000004
6.429999999999885,0.06647
6.434999999999885,0.03055
6.439999999999885,0.04709
6.444999999999885,0.02777
6.449999999999885,0.02423
6.454999999999885,0.03701
6.4599999999998845,0.03775
6.464999999999884,0.0706
6.469999999999884,0.05062
6.474999999999884,0.04869
6.479999999999884,0.0518
6.484999999999884,0.05112
6.489999999999884,0.02802
6.494999999999884,0.06563
6.499999999999884,0.055310000000000005
6.5049999999998835,0.04508
6.509999999999883,0.06765
6.514999999999883,0.052739999999999995
6.519999999999883,0.044969999999999996
6.524999999999883,0.04766
6.529999999999883,0.04177
6.534999999999883,0.06185
6.539999999999883,0.04314
6.544999999999883,0.024990000000000002
6.549999999999883,0.02383
6.5549999999998825,0.06976
6.559999999999882,0.037489999999999996
6.564999999999882,0.027360000000000002
6.569999999999882,0.04257
6.574999999999882,0.06362000000000001
6.579999999999882,0.02203
6.584999999999882,0.07143
6.589999999999882,0.026060000000000003
6.594999999999882,0.01813
6.5999999999998815,0.03258
6.604999999999881,0.06258999999999999
6.609999999999881,0.035019999999999996
6.614999999999881,0.01374
6.619999999999881,0.0613
6.624999999999881,0.04067
6.629999999999881,0.04117
6.634999999999881,0.06685
6.639999999999881,0.0782
6.644999999999881,0.04197
6.6499999999998805,0.04754
6.65499999999988,0.029639999999999996
6.65999999999988,0.01839
6.66499999999988,0.03902
6.66999999999988,0.08185
6.67499999999988,0.04501
6.67999999999988,0.03651
6.68499999999988,0.03834
6.68999999999988,0.0517
6.6949999999998795,0.04127
6.699999999999879,0.0831
6.704999999999879,0.0613
6.709999999999879,0.05774
6.714999999999879,0.07307000000000001
6.719999999999879,0.06707
6.724999999999879,0.10013999999999999
6.729999999999879,0.06357
6.734999999999879,0.06487000000000001
6.7399999999998785,0.06563
6.744999999999878,0.06104
6.749999999999878,0.05222
6.754999999999878,0.07198
6.759999999999878,0.0537
6.764999999999878,0.04056
6.769999999999878,0.06216
6.774999999999878,0.05924
6.779999999999878,0.032619999999999996
6.784999999999878,0.06396
6.7899999999998775,0.03847
6.794999999999877,0.056670000000000005
6.799999999999877,0.09447
6.804999999999877,0.06385
6.809999999999877,0.05317
6.814999999999877,0.0409
6.819999999999877,0.04701
6.824999999999877,0.06677999999999999
6.829999999999877,0.06867999999999999
6.8349999999998765,0.04477
6.839999999999876,0.051620000000000006
6.844999999999876,0.04495
6.849999999999876,0.052829999999999995
6.854999999999876,0.03198
6.859999999999876,0.05877
6.864999999999876,0.06465
6.869999999999876,0.07128999999999999
6.874999999999876,0.07485
6.8799999999998755,0.06996000000000001
6.884999999999875,0.0524
6.889999999999875,0.060070000000000005
6.894999999999875,0.05525
6.899999999999875,0.06433
6.904999999999875,0.06563
6.909999999999875,0.01806
6.914999999999875,0.04693
6.919999999999875,0.06026
6.924999999999875,0.0873
6.9299999999998745,0.057370000000000004
6.934999999999874,0.0506
6.939999999999874,0.03458
6.944999999999874,0.04771
6.949999999999874,0.06084
6.954999999999874,0.08804
6.959999999999874,0.0366
6.964999999999874,0.03487
6.969999999999874,0.05134
6.9749999999998735,0.034839999999999996
6.979999999999873,0.08202999999999999
6.984999999999873,0.05425
6.989999999999873,0.028810000000000002
6.994999999999873,0.059
6.999999999999873,0.06175
7.004999999999873,0.0494
7.009999999999873,0.0645
7.014999999999873,0.07832
7.019999999999873,0.04137
7.0249999999998725,0.06325
7.029999999999872,0.04743
7.034999999999872,0.06054
7.039999999999872,0.03449
7.044999999999872,0.04383
7.049999999999872,0.04704
7.054999999999872,0.04492
7.059999999999872,0.03071
7.064999999999872,0.03805
7.0699999999998715,0.06877
7.074999999999871,0.06538
7.079999999999871,0.0665
7.084999999999871,0.036719999999999996
7.089999999999871,0.08061
7.094999999999871,0.03561
7.099999999999871,0.05936
7.104999999999871,0.046689999999999995
7.109999999999871,0.053970000000000004
7.1149999999998705,0.01835
7.11999999999987,0.06226
7.12499999999987,0.0609
7.12999999999987,0.046
7.13499999999987,0.05093
7.13999999999987,0.04363
7.14499999999987,0.07778
7.14999999999987,0.04371
7.15499999999987,0.06162
7.15999999999987,0.04456
7.1649999999998695,0.08002000000000001
7.169999999999869,0.04761
7.174999999999869,0.11155
7.179999999999869,0.05705
7.184999999999869,0.05591
7.189999999999869,0.030789999999999998
7.194999999999869,0.0507
7.199999999999869,0.0377
7.204999999999869,0.0636
7.2099999999998685,0.06637
7.214999999999868,0.04433
7.219999999999868,0.05764
7.224999999999868,0.04105
7.229999999999868,0.05032
7.234999999999868,0.04009
7.239999999999868,0.02343
7.244999999999868,0.060360000000000004
7.249999999999868,0.02603
7.2549999999998676,0.05669
7.2599999999998674,0.08347
7.264999999999867,0.07937999999999999
7.269999999999867,0.027510000000000003
7.274999999999867,0.02613
7.279999999999867,0.05509
7.284999999999867,0.053610000000000005
7.289999999999867,0.06323
7.294999999999867,0.06097
7.299999999999867,0.05695
7.3049999999998665,0.033389999999999996
7.309999999999866,0.05482000000000001
7.314999999999866,0.06146
7.319999999999866,0.05836
7.324999999999866,0.05114
7.329999999999866,0.0553
7.334999999999866,0.0565
7.339999999999866,0.04079
7.344999999999866,0.07897
7.3499999999998655,0.03745
7.354999999999865,0.06163
7.359999999999865,0.02394
7.364999999999865,0.07403
7.369999999999865,0.05649
7.374999999999865,0.051370000000000006
7.379999999999865,0.045989999999999996
7.384999999999865,0.03034
7.389999999999865,0.05479
7.394999999999865,0.05952
7.3999999999998645,0.03408
7.404999999999864,0.07331
7.409999999999864,0.06765
7.414999999999864,0.058839999999999996
7.419999999999864,0.0483
7.424999999999864,0.051370000000000006
7.429999999999864,0.05545
7.434999999999864,0.06375
7.439999999999864,0.047369999999999995
7.4449999999998635,0.04038
7.449999999999863,0.05532
7.454999999999863,0.05766
7.459999999999863,0.04419
7.464999999999863,0.02169
7.469999999999863,0.04251
7.474999999999863,0.08347
7.479999999999863,0.04697
7.484999999999863,0.0643
7.4899999999998625,0.05005
7.494999999999862,0.06539
7.499999999999862,0.0016300000000000002
7.504999999999862,0.04847
7.509999999999862,0.0504
7.514999999999862,0.05707
7.519999999999862,0.04657
7.524999999999862,0.048960000000000004
7.529999999999862,0.03676
7.534999999999862,0.07221
7.5399999999998615,0.08479
7.544999999999861,0.06746
7.549999999999861,0.08196
7.554999999999861,0.04075
7.559999999999861,0.035480000000000005
7.564999999999861,0.06333
7.569999999999861,0.058660000000000004
7.574999999999861,0.053489999999999996
7.579999999999861,0.035039999999999995
7.5849999999998605,0.03096
7.58999999999986,0.05972
7.59499999999986,0.07216
7.59999999999986,0.08171
7.60499999999986,0.07331
7.60999999999986,0.06854
7.61499999999986,0.055189999999999996
7.61999999999986,0.060529999999999994
7.62499999999986,0.06816
7.62999999999986,0.06963
7.6349999999998595,0.03168
7.639999999999859,0.10107999999999999
7.644999999999859,0.061079999999999995
7.649999999999859,0.07792
7.654999999999859,0.05847
7.659999999999859,0.06089
7.664999999999859,0.0568
7.669999999999859,0.05561
7.674999999999859,0.08169
7.6799999999998585,0.04608
7.684999999999858,0.04534
7.689999999999858,0.06863
7.694999999999858,0.0517
7.699999999999858,0.06863
7.704999999999858,0.0276
7.709999999999858,0.045810000000000003
7.714999999999858,0.051089999999999997
7.719999999999858,0.06157000000000001
7.7249999999998575,0.06165
7.729999999999857,0.10021000000000001
7.734999999999857,0.057120000000000004
7.739999999999857,0.09237000000000001
7.744999999999857,0.04603
7.749999999999857,0.00615
7.754999999999857,0.07386000000000001
7.759999999999857,0.01439
7.764999999999857,0.044039999999999996
7.769999999999857,0.06357
7.7749999999998565,0.07105
7.779999999999856,0.07084
7.784999999999856,0.07243
7.789999999999856,0.05914
7.794999999999856,0.07525
7.799999999999856,0.06844
7.804999999999856,0.061529999999999994
7.809999999999856,0.06184
7.814999999999856,0.062220000000000004
7.8199999999998555,0.05546
7.824999999999855,0.04521
7.829999999999855,0.0589
7.834999999999855,0.07973999999999999
7.839999999999855,0.0686
7.844999999999855,0.07772000000000001
7.849999999999855,0.05535
7.854999999999855,0.1018
7.859999999999855,0.044539999999999996
7.8649999999998546,0.051379999999999995
7.8699999999998544,0.03321
7.874999999999854,0.07055
7.879999999999854,0.062189999999999995
7.884999999999854,0.04408
7.889999999999854,0.024569999999999998
7.894999999999854,0.05376
7.899999999999854,0.08957999999999999
7.904999999999854,0.039760000000000004
7.909999999999854,0.02163
7.9149999999998535,0.07122
7.919999999999853,0.0608
7.924999999999853,0.04433
7.929999999999853,0.057429999999999995
7.934999999999853,0.057629999999999994
7.939999999999853,0.0615
7.944999999999853,0.0496
7.949999999999853,0.09189
7.954999999999853,0.08105
7.9599999999998525,0.07515
7.964999999999852,0.0893
7.969999999999852,0.06816
7.974999999999852,0.09458
7.979999999999852,0.07651000000000001
7.984999999999852,0.052039999999999996
7.989999999999852,0.07215
7.994999999999852,0.09848
7.999999999999852,0.06142
8.004999999999852,0.08526
8.009999999999852,0.07206
8.014999999999853,0.08015
8.019999999999854,0.08555
8.024999999999855,0.06495
8.029999999999855,0.06794
8.034999999999856,0.07664
8.039999999999857,0.0621
8.044999999999858,0.04978
8.049999999999859,0.06027999999999999
8.05499999999986,0.07361000000000001
8.05999999999986,0.07786
8.064999999999861,0.08506
8.069999999999862,0.06836
8.074999999999863,0.02924
8.079999999999863,0.00966
8.084999999999864,-0.13724
8.089999999999865,-0.17995999999999998
8.094999999999866,-0.13679000000000002
8.099999999999866,-0.19172999999999998
8.104999999999867,-0.01697
8.109999999999868,-0.06922
8.114999999999869,-0.00817
8.11999999999987,-0.1048
8.12499999999987,-0.10096000000000001
8.129999999999871,-0.21641
8.134999999999872,-0.27562
8.139999999999873,-0.28102
8.144999999999873,-0.17915999999999999
8.149999999999874,-0.1877
8.154999999999875,-0.16233
8.159999999999876,-0.13282
8.164999999999877,-0.14655
8.169999999999877,-0.1388
8.174999999999878,-0.13019
8.179999999999879,-0.12369000000000001
8.18499999999988,-0.15403
8.18999999999988,-0.12193
8.194999999999881,-0.13452999999999998
8.199999999999882,-0.12509
8.204999999999883,-0.12253
8.209999999999884,-0.07102
8.214999999999884,-0.09153
8.219999999999885,-0.05516
8.224999999999886,-0.06577999999999999
8.229999999999887,-0.02411
8.234999999999888,-0.07882
8.239999999999888,-0.05304
8.244999999999889,-0.023819999999999997
8.24999999999989,-0.03373
8.25499999999989,-0.04873
8.259999999999891,-0.02586
8.264999999999892,-0.00227
8.269999999999893,-0.014119999999999999
8.274999999999894,0.03088
8.279999999999895,-0.00105
8.284999999999895,0.03619
8.289999999999896,0.029539999999999997
8.294999999999897,-0.0036200000000000004
8.299999999999898,0.03188
8.304999999999898,0.01211
8.3099999999999,0.0053
8.3149999999999,0.03036
8.3199999999999,0.01658
8.324999999999902,0.04981
8.329999999999902,0.058789999999999995
8.334999999999903,0.042960000000000005
8.339999999999904,0.0236
8.344999999999905,0.022969999999999997
8.349999999999905,0.029110000000000004
8.354999999999906,0.02935
8.359999999999907,0.04457
8.364999999999908,0.03728
8.369999999999909,0.02659
8.37499999999991,0.0027300000000000002
8.37999999999991,0.04268
8.384999999999911,0.034480000000000004
8.389999999999912,0.02271
8.394999999999913,0.03727
8.399999999999913,0.020069999999999998
8.404999999999914,0.0098
8.409999999999915,0.02002
8.414999999999916,0.01569
8.419999999999916,0.00893
8.424999999999917,0.02961
8.429999999999918,-0.00329
8.434999999999919,-0.00601
8.43999999999992,0.03645
8.44499999999992,0.03028
8.449999999999921,0.026119999999999997
8.454999999999922,0.02045
8.459999999999923,0.036660000000000005
8.464999999999923,-0.007240000000000001
8.469999999999924,0.02748
8.474999999999925,0.02658
8.479999999999926,0.020669999999999997
8.484999999999927,-0.0068200000000000005
8.489999999999927,0.00727
8.494999999999928,0.01818
8.499999999999929,0.01963
8.50499999999993,0.040889999999999996
8.50999999999993,0.0382
8.514999999999931,0.0273
8.519999999999932,0.01305
8.524999999999933,0.02416
8.529999999999934,0.026989999999999997
8.534999999999934,0.0036799999999999997
8.539999999999935,0.02081
8.544999999999936,0.01938
8.549999999999937,0.0168
8.554999999999938,0.009770000000000001
8.559999999999938,0.011009999999999999
8.564999999999939,0.00818
8.56999999999994,0.02188
8.57499999999994,-0.00118
8.579999999999941,0.02665
8.584999999999942,0.029019999999999997
8.589999999999943,0.00123
8.594999999999944,0.00139
8.599999999999945,0.01455
8.604999999999945,0.051160000000000004
8.609999999999946,0.0408
8.614999999999947,0.016730000000000002
8.619999999999948,0.03472
8.624999999999948,0.042089999999999995
8.62999999999995,0.008329999999999999
8.63499999999995,0.026289999999999997
8.63999999999995,0.03682
8.644999999999952,0.01987
8.649999999999952,0.00448
8.654999999999953,0.02081
8.659999999999954,0.00688
8.664999999999955,0.00081
8.669999999999956,0.00647
8.674999999999956,0.0293
8.679999999999957,0.00447
8.684999999999958,0.0126
8.689999999999959,0.01614
8.69499999999996,0.01167
8.69999999999996,0.020130000000000002
8.704999999999961,0.02451
8.709999999999962,-0.00323
8.714999999999963,0.01686
8.719999999999963,0.00762
8.724999999999964,0.01886
8.729999999999965,0.01545
8.734999999999966,-0.00132
8.739999999999966,0.0038
8.744999999999967,0.01335
8.749999999999968,0.013590000000000001
8.754999999999969,0.00761
8.75999999999997,0.00409
8.76499999999997,0.00072
8.769999999999971,0.039639999999999995
8.774999999999972,0.03094
8.779999999999973,0.020380000000000002
8.784999999999973,-0.00231
8.789999999999974,0.02238
8.794999999999975,0.03456
8.799999999999976,-0.01344
8.804999999999977,0.03755
8.809999999999977,0.01048
8.814999999999978,0.026489999999999996
8.819999999999979,-0.01904
8.82499999999998,-0.00703
8.82999999999998,0.03
8.834999999999981,0.02097
8.839999999999982,0.0061
8.844999999999983,0.06658
8.849999999999984,0.01936
8.854999999999984,-0.01646
8.859999999999985,0.02745
8.864999999999986,-0.01593
8.869999999999987,0.006679999999999999
8.874999999999988,0.01395
8.879999999999988,0.0012900000000000001
8.88499999999999,-0.01187
8.88999999999999,-0.01731
8.89499999999999,0.00434
8.899999999999991,0.00449
8.904999999999992,0.0012900000000000001
8.909999999999993,-0.00583
8.914999999999994,0.014159999999999999
8.919999999999995,0.0038
8.924999999999995,0.005520000000000001
8.929999999999996,0.0171
8.934999999999997,-0.026260000000000002
8.939999999999998,-0.0163
8.944999999999999,0.007529999999999999
8.95,0.025240000000000002
8.955,0.00557
8.96,0.00286
8.965000000000002,-0.02712
8.970000000000002,-0.020069999999999998
8.975000000000003,-0.035930000000000004
8.980000000000004,-0.04865
8.985000000000005,-0.00131
8.990000000000006,-0.019719999999999998
8.995000000000006,0.00982
9.000000000000007,0.015009999999999999
9.005000000000008,-0.013590000000000001
9.010000000000009,-0.00512
9.01500000000001,-0.0037700000000000003
9.02000000000001,-0.01258
9.025000000000011,-0.02168
9.030000000000012,-0.01693
9.035000000000013,-0.04225
9.040000000000013,-0.01247
9.045000000000014,-0.02017
9.050000000000015,-0.03796
9.055000000000016,-0.02465
9.060000000000016,-0.03567
9.065000000000017,-0.01035
9.070000000000018,-0.02659
9.075000000000019,-0.02018
9.08000000000002,-0.02415
9.08500000000002,-0.00922
9.090000000000021,-0.018359999999999998
9.095000000000022,-0.00805
9.100000000000023,-0.01141
9.105000000000024,-0.02255
9.110000000000024,-0.03429
9.115000000000025,-0.0033399999999999997
9.120000000000026,-0.00032
9.125000000000027,0.00539
9.130000000000027,-0.0111
9.135000000000028,-0.01985
9.140000000000029,-0.02567
9.14500000000003,-0.01951
9.15000000000003,-0.024130000000000002
9.155000000000031,-0.00532
9.160000000000032,-0.048639999999999996
9.165000000000033,0.00059
9.170000000000034,0.00294
9.175000000000034,-0.0018100000000000002
9.180000000000035,-0.00953
9.185000000000036,-0.03425
9.190000000000037,-0.01875
9.195000000000038,-0.0244
9.200000000000038,-0.015619999999999998
9.20500000000004,0.02072
9.21000000000004,-0.0254
9.21500000000004,-0.01959
9.220000000000041,-0.02141
9.225000000000042,0.0077
9.230000000000043,-0.03652
9.235000000000044,-0.03307
9.240000000000045,-0.00594
9.245000000000045,0.00047999999999999996
9.250000000000046,0.0035299999999999997
9.255000000000047,-0.030739999999999996
9.260000000000048,0.01592
9.265000000000049,0.01653
9.27000000000005,-0.00343
9.27500000000005,0.00359
9.28000000000005,0.02998
9.285000000000052,0.0377
9.290000000000052,0.017740000000000002
9.295000000000053,0.01653
9.300000000000054,0.01778
9.305000000000055,-0.02429
9.310000000000056,-0.02795
9.315000000000056,-0.00458
9.320000000000057,-0.028730000000000002
9.325000000000058,-0.0024100000000000002
9.330000000000059,0.01125
9.33500000000006,-0.00066
9.34000000000006,-0.013380000000000001
9.345000000000061,-0.00942
9.350000000000062,-0.00164
9.355000000000063,0.01618
9.360000000000063,-0.01278
9.365000000000064,0.01986
9.370000000000065,0.00882
9.375000000000066,0.0254
9.380000000000067,0.0235
9.385000000000067,0.027280000000000002
9.390000000000068,0.00662
9.395000000000069,0.025490000000000002
9.40000000000007,-0.01054
9.40500000000007,0.04911
9.410000000000071,0.025490000000000002
9.415000000000072,-0.0009400000000000001
9.420000000000073,0.030619999999999998
9.425000000000074,0.0219
9.430000000000074,0.019790000000000002
9.435000000000075,0.05499
9.440000000000076,0.055529999999999996
9.445000000000077,0.04009
9.450000000000077,0.04711
9.455000000000078,0.01905
9.460000000000079,0.02791
9.46500000000008,0.03852
9.47000000000008,0.06877
9.475000000000081,0.04099
9.480000000000082,0.05449
9.485000000000083,0.07132000000000001
9.490000000000084,0.0599
9.495000000000084,0.05869
9.500000000000085,0.03634
9.505000000000086,0.04767
9.510000000000087,0.00854
9.515000000000088,0.04545
9.520000000000088,0.018619999999999998
9.52500000000009,0.00993
9.53000000000009,0.046169999999999996
9.53500000000009,0.03832
9.540000000000092,0.0039
9.545000000000092,0.0187
9.550000000000093,0.0022
9.555000000000094,0.00569
9.560000000000095,0.0017399999999999998
9.565000000000095,0.01254
9.570000000000096,-0.014769999999999998
9.575000000000097,-0.00074
9.580000000000098,0.00547
9.585000000000099,0.011909999999999999
9.5900000000001,-0.00033
9.5950000000001,0.01636
9.600000000000101,0.00759
9.605000000000102,-0.00548
9.610000000000102,0.0066099999999999996
9.615000000000103,0.0034200000000000003
9.620000000000104,0.03651
9.625000000000105,0.0070799999999999995
9.630000000000106,0.015790000000000002
9.635000000000106,0.01927
9.640000000000107,0.00921
9.645000000000108,0.01256
9.650000000000109,0.013969999999999998
9.65500000000011,0.0035399999999999997
9.66000000000011,0.021490000000000002
9.665000000000111,0.04003
9.670000000000112,0.01347
9.675000000000113,0.02246
9.680000000000113,0.03147
9.685000000000114,0.008409999999999999
9.690000000000115,-0.00323
9.695000000000116,0.03196
9.700000000000117,0.009040000000000001
9.705000000000117,0.01832
9.710000000000118,0.0025800000000000003
9.715000000000119,-0.01945
9.72000000000012,0.01441
9.72500000000012,0.01976
9.730000000000121,-0.0034
9.735000000000122,0.0164
9.740000000000123,0.01353
9.745000000000124,0.00228
9.750000000000124,0.01112
9.755000000000125,0.01325
9.760000000000126,0.01602
9.765000000000127,0.03562
9.770000000000127,0.0038399999999999997
9.775000000000128,0.0211
9.780000000000129,0.05209
9.78500000000013,0.048760000000000005
9.79000000000013,0.02266
9.795000000000131,0.03997
9.800000000000132,0.006690000000000001
9.805000000000133,0.03544
9.810000000000134,0.02197
9.815000000000135,0.03185
9.820000000000135,0.025660000000000002
9.825000000000136,0.0225
9.830000000000137,0.03358
9.835000000000138,0.044039999999999996
9.840000000000138,0.01917
9.84500000000014,0.023790000000000002
9.85000000000014,0.03055
9.85500000000014,0.03319
9.860000000000142,0.05393
9.865000000000142,0.05994
9.870000000000143,0.05272
9.875000000000144,0.01994
9.880000000000145,0.0189
9.885000000000145,0.04203
9.890000000000146,0.046
9.895000000000147,0.01831
9.900000000000148,0.05017
9.905000000000149,0.016819999999999998
9.91000000000015,0.04145
9.91500000000015,0.033839999999999995
9.920000000000151,0.038939999999999995
9.925000000000152,0.05535
9.930000000000152,0.01634
9.935000000000153,0.0551
9.940000000000154,0.0399
9.945000000000155,0.04421
9.950000000000156,0.01144
9.955000000000156,0.04981
9.960000000000157,0.03225
9.965000000000158,0.0453
9.970000000000159,0.02562
9.97500000000016,0.021
9.98000000000016,0.03317
9.985000000000161,0.03466
9.990000000000162,0.02638
9.995000000000163,0.07587999999999999
10.000000000000163,0.048369999999999996
10.005000000000164,0.03612
10.010000000000165,0.05532
10.015000000000166,0.02671
10.020000000000167,0.05347999999999999
10.025000000000167,0.05206
10.030000000000168,0.04868
10.035000000000169,0.0411
10.04000000000017,0.04293
10.04500000000017,0.03592
10.050000000000171,0.06588
10.055000000000172,0.028480000000000002
10.060000000000173,0.06942999999999999
10.065000000000174,0.04722
10.070000000000174,0.057
10.075000000000175,0.052
10.080000000000176,0.049460000000000004
10.085000000000177,0.08116
10.090000000000177,0.04367
10.095000000000178,0.06309
10.100000000000179,0.029830000000000002
10.10500000000018,0.061189999999999994
10.11000000000018,0.05396
10.115000000000181,0.04691
10.120000000000182,0.03671
10.125000000000183,0.06484
10.130000000000184,0.02156
10.135000000000185,0.049530000000000005
10.140000000000185,0.057370000000000004
10.145000000000186,0.03998
10.150000000000187,0.05781
10.155000000000188,0.052539999999999996
10.160000000000188,0.04883
10.16500000000019,0.046610000000000006
10.17000000000019,0.050660000000000004
10.17500000000019,0.02673
10.180000000000192,0.048369999999999996
10.185000000000192,0.02936
10.190000000000193,0.01553
10.195000000000194,0.05331
10.200000000000195,0.031330000000000004
10.205000000000195,0.03718
10.210000000000196,0.00492
10.215000000000197,0.04347
10.220000000000198,0.01269
10.225000000000199,0.02522
10.2300000000002,0.00286
10.2350000000002,0.04189
10.240000000000201,0.01765
10.245000000000202,0.04539
10.250000000000203,0.052879999999999996
10.255000000000203,0.04526
10.260000000000204,0.042319999999999997
10.265000000000205,0.05574
10.270000000000206,0.03011
10.275000000000206,0.021730000000000003
10.280000000000207,0.01238
10.285000000000208,0.03888
10.290000000000209,0.03071
10.29500000000021,0.07347000000000001
10.30000000000021,0.04678
10.305000000000211,0.051820000000000005
10.310000000000212,0.06892999999999999
10.315000000000213,0.03053
10.320000000000213,0.046310000000000004
10.325000000000214,0.0229
10.330000000000215,0.03007
10.335000000000216,0.05559
10.340000000000217,0.07662000000000001
10.345000000000217,0.06375
10.350000000000218,0.035789999999999995
10.355000000000219,0.00173
10.36000000000022,0.0284
10.36500000000022,0.02908
10.370000000000221,0.04585
10.375000000000222,0.035660000000000004
10.380000000000223,0.06485
10.385000000000224,0.013940000000000001
10.390000000000224,0.0243
10.395000000000225,0.0422
10.400000000000226,-0.00455
10.405000000000227,0.02021
10.410000000000228,0.0315
10.415000000000228,0.01706
10.420000000000229,0.036469999999999995
10.42500000000023,0.041030000000000004
10.43000000000023,0.038380000000000004
10.435000000000231,0.0329
10.440000000000232,0.04231
10.445000000000233,0.054029999999999995
10.450000000000234,0.028739999999999998
10.455000000000235,0.03267
10.460000000000235,0.04987
10.465000000000236,0.04705
10.470000000000237,0.03773
10.475000000000238,0.037630000000000004
10.480000000000238,0.06191
10.48500000000024,0.05325
10.49000000000024,0.03308
10.49500000000024,0.04601
10.500000000000242,0.01961
10.505000000000242,0.03526
10.510000000000243,0.023969999999999998
10.515000000000244,0.01904
10.520000000000245,0.03427
10.525000000000245,0.00875
10.530000000000246,0.05042
10.535000000000247,0.020659999999999998
10.540000000000248,0.05186
10.545000000000249,0.02829
10.55000000000025,0.056260000000000004
10.55500000000025,0.04986
10.560000000000251,0.04282
10.565000000000252,0.06623
10.570000000000253,0.0219
10.575000000000253,0.03717
10.580000000000254,0.04287
10.585000000000255,0.03825
10.590000000000256,0.01637
10.595000000000256,0.06331
10.600000000000257,0.06092
10.605000000000258,0.0466
10.610000000000259,0.014709999999999999
10.61500000000026,0.04526
10.62000000000026,0.0324
10.625000000000261,0.07408
10.630000000000262,0.04505
10.635000000000263,0.03904
10.640000000000263,0.03773
10.645000000000264,0.0368
10.650000000000265,0.05013
10.655000000000266,0.05939
10.660000000000267,0.06327999999999999
10.665000000000267,0.056170000000000005
10.670000000000268,0.026119999999999997
10.675000000000269,0.04785
10.68000000000027,0.0428
10.68500000000027,0.042210000000000004
10.690000000000271,0.02562
10.695000000000272,0.05264
10.700000000000273,0.02926
10.705000000000274,0.012490000000000001
10.710000000000274,0.0523
10.715000000000275,0.05679
10.720000000000276,0.04883
10.725000000000277,0.0529
10.730000000000278,0.05094
10.735000000000278,0.024130000000000002
10.740000000000279,0.04551
10.74500000000028,0.03207
10.75000000000028,0.01992
10.755000000000281,0.06542
10.760000000000282,0.05246
10.765000000000283,0.03298
10.770000000000284,0.02755
10.775000000000285,0.0381
10.780000000000285,0.029869999999999997
10.785000000000286,0.0654
10.790000000000287,0.06661
10.795000000000288,0.053989999999999996
10.800000000000288,0.03218
10.80500000000029,0.06755
10.81000000000029,0.05636
10.81500000000029,0.03927
10.820000000000292,0.049010000000000005
10.825000000000292,0.07116
10.830000000000293,0.05848
10.835000000000294,0.05214
10.840000000000295,0.02114
10.845000000000296,0.02754
10.850000000000296,0.0255
10.855000000000297,0.02918
10.860000000000298,0.07352
10.865000000000299,0.021490000000000002
10.8700000000003,0.052160000000000005
10.8750000000003,0.04866
10.880000000000301,0.02306
10.885000000000302,0.06632
10.890000000000303,0.03304
10.895000000000303,0.04268
10.900000000000304,0.05279
10.905000000000305,0.05006
10.910000000000306,0.048010000000000004
10.915000000000306,0.04409
10.920000000000307,0.053470000000000004
10.925000000000308,0.009309999999999999
10.930000000000309,0.01018
10.93500000000031,0.03562
10.94000000000031,0.030260000000000002
10.945000000000311,0.024419999999999997
10.950000000000312,0.013909999999999999
10.955000000000313,0.00277
10.960000000000313,0.04902
10.965000000000314,0.009559999999999999
10.970000000000315,0.04718
10.975000000000316,0.02665
10.980000000000317,0.02924
10.985000000000317,0.0701
10.990000000000318,0.02044
10.995000000000319,0.048639999999999996
11.00000000000032,0.07242
11.00500000000032,0.01522
11.010000000000321,0.02607
11.015000000000322,0.01621
11.020000000000323,0.02862
11.025000000000324,0.04438
11.030000000000324,0.01585
11.035000000000325,0.0384
11.040000000000326,0.0404
11.045000000000327,0.05465
11.050000000000328,0.05262000000000001
11.055000000000328,0.02025
11.06000000000033,0.035
11.06500000000033,0.04165
11.07000000000033,0.03793
11.075000000000331,0.02163
11.080000000000332,0.06572
11.085000000000333,0.01325
11.090000000000334,0.0096
11.095000000000335,0.028689999999999997
11.100000000000335,0.04181
11.105000000000336,0.0022199999999999998
11.110000000000337,0.00203
11.115000000000338,0.02509
11.120000000000339,0.00162
11.12500000000034,0.04374
11.13000000000034,0.04695
11.13500000000034,0.02905
11.140000000000342,0.03655
11.145000000000342,0.03388
11.150000000000343,0.04602
11.155000000000344,0.03279
11.160000000000345,0.04235
11.165000000000346,0.02875
11.170000000000346,0.0429
11.175000000000347,0.01701
11.180000000000348,0.03803
11.185000000000349,0.03397
11.19000000000035,0.036719999999999996
11.19500000000035,0.049
11.200000000000351,0.018330000000000003
11.205000000000352,0.03901
11.210000000000353,0.02299
11.215000000000353,0.03904
11.220000000000354,0.039
11.225000000000355,0.03341
11.230000000000356,0.01042
11.235000000000356,0.055479999999999995
11.240000000000357,0.047080000000000004
11.245000000000358,0.043660000000000004
11.250000000000359,0.01312
11.25500000000036,0.02692
11.26000000000036,0.0374
11.265000000000361,0.0371
11.270000000000362,0.049510000000000005
11.275000000000363,0.044289999999999996
11.280000000000364,0.00509
11.285000000000364,0.02984
11.290000000000365,0.0413
11.295000000000366,0.0185
11.300000000000367,0.033780000000000004
11.305000000000367,0.03058
11.310000000000368,0.01199
11.315000000000369,0.02901
11.32000000000037,0.02732
11.32500000000037,0.03914
11.330000000000371,0.0159
11.335000000000372,-0.00037999999999999997
11.340000000000373,0.04237
11.345000000000374,0.04202
11.350000000000374,0.02383
11.355000000000375,0.059070000000000004
11.360000000000376,0.060070000000000005
11.365000000000377,0.026910000000000003
11.370000000000378,0.02281
11.375000000000378,0.0122
11.38000000000038,0.0554
11.38500000000038,0.006959999999999999
11.39000000000038,0.00885
11.395000000000381,0.03295
11.400000000000382,0.03302
11.405000000000383,0.02314
11.410000000000384,0.03809
11.415000000000385,0.04235
11.420000000000385,0.04582
11.425000000000386,0.0399
11.430000000000387,0.04871
11.435000000000388,0.046130000000000004
11.440000000000389,0.036969999999999996
11.44500000000039,0.013019999999999999
11.45000000000039,0.053529999999999994
11.45500000000039,0.02597
11.460000000000392,0.02752
11.465000000000392,0.01985
11.470000000000393,0.0206
11.475000000000394,0.02336
11.480000000000395,0.03975
11.485000000000396,0.025960000000000004
11.490000000000396,0.021580000000000002
11.495000000000397,-0.009729999999999999
11.500000000000398,0.005520000000000001
11.505000000000399,0.03671
11.5100000000004,0.02541
11.5150000000004,0.052520000000000004
11.520000000000401,0.036160000000000005
11.525000000000402,0.05014
11.530000000000403,0.03866
11.535000000000403,0.03959
11.540000000000404,0.0545
11.545000000000405,0.04127
11.550000000000406,0.028030000000000003
11.555000000000407,0.04593
11.560000000000407,0.033460000000000004
11.565000000000408,0.03451
11.570000000000409,0.02277
11.57500000000041,0.05529
11.58000000000041,0.03185
11.585000000000411,0.01326
11.590000000000412,0.05952999999999999
11.595000000000413,0.03575
11.600000000000414,0.04231
11.605000000000414,0.014490000000000001
11.610000000000415,0.0249
11.615000000000416,0.052
11.620000000000417,0.06272
11.625000000000417,0.061770000000000005
11.630000000000418,0.04133
11.635000000000419,0.05895
11.64000000000042,0.02276
11.64500000000042,0.060570000000000006
11.650000000000421,0.02242
11.655000000000422,0.02876
11.660000000000423,0.0388
11.665000000000424,0.023209999999999998
11.670000000000424,0.02817
11.675000000000425,0.034210000000000004
11.680000000000426,0.07293
11.685000000000427,0.04362
11.690000000000428,0.031219999999999998
11.695000000000428,0.01212
11.70000000000043,0.03863
11.70500000000043,0.025960000000000004
11.71000000000043,0.033960000000000004
11.715000000000432,0.035789999999999995
11.720000000000432,0.029410000000000002
11.725000000000433,0.05013
11.730000000000434,0.007409999999999999
11.735000000000435,0.023280000000000002
11.740000000000435,0.01975
11.745000000000436,0.045610000000000005
11.750000000000437,0.04811
11.755000000000438,0.05312000000000001
11.760000000000439,0.05852
11.76500000000044,0.04318
11.77000000000044,0.01883
11.775000000000441,0.03986
11.780000000000442,0.04331
11.785000000000442,0.0211
11.790000000000443,0.03946
11.795000000000444,0.061489999999999996
11.800000000000445,0.07925
11.805000000000446,0.010209999999999999
11.810000000000446,0.03572
11.815000000000447,0.03143
11.820000000000448,0.06627999999999999
11.825000000000449,0.01788
11.83000000000045,0.02335
11.83500000000045,0.03542
11.840000000000451,0.05424
11.845000000000452,0.04673
11.850000000000453,0.02914
11.855000000000453,0.03569
11.860000000000454,-0.00432
11.865000000000455,0.0283
11.870000000000456,-0.00058
11.875000000000457,0.006679999999999999
11.880000000000457,0.036969999999999996
11.885000000000458,0.06663
11.890000000000459,0.061110000000000005
11.89500000000046,0.01971
11.90000000000046,0.04722
11.905000000000461,0.00502
11.910000000000462,0.03882
11.915000000000463,0.03684
11.920000000000464,0.02364
11.925000000000464,0.08878
11.930000000000465,0.03485
11.935000000000466,0.06006
11.940000000000467,0.05579
11.945000000000467,0.03992
11.950000000000468,0.048260000000000004
11.955000000000469,0.053110000000000004
11.96000000000047,0.04456
11.96500000000047,0.05794
11.970000000000471,0.04317
11.975000000000472,0.04407
11.980000000000473,0.03563
11.985000000000474,0.07022
11.990000000000475,0.06245
11.995000000000475,0.01574
12.000000000000476,0.04529
12.005000000000477,0.0454
12.010000000000478,0.048839999999999995
12.015000000000478,0.07626000000000001
12.02000000000048,0.02292
12.02500000000048,0.032310000000000005
12.03000000000048,0.02278
12.035000000000482,0.03644
12.040000000000482,-0.011179999999999999
12.045000000000483,0.01197
12.050000000000484,0.02742
12.055000000000485,0.01612
12.060000000000485,0.051660000000000005
12.065000000000486,0.049010000000000005
12.070000000000487,0.03664
12.075000000000488,0.0224
12.080000000000489,0.02847
12.08500000000049,0.03269
12.09000000000049,0.05594
12.095000000000491,0.04175
12.100000000000492,0.00457
12.105000000000492,0.0605
12.110000000000493,0.0528
12.115000000000494,0.01707
12.120000000000495,0.011009999999999999
12.125000000000496,0.052379999999999996
12.130000000000496,0.01052
12.135000000000497,0.05847
12.140000000000498,0.0023899999999999998
12.145000000000499,0.03612
12.1500000000005,0.013269999999999999
12.1550000000005,0.05445
12.160000000000501,0.00275
12.165000000000502,0.03646
12.170000000000503,0.04471
12.175000000000503,0.022869999999999998
12.180000000000504,0.05629
12.185000000000505,0.024069999999999998
12.190000000000506,0.025769999999999998
12.195000000000507,0.0108
12.200000000000507,0.03848
12.205000000000508,0.02084
12.210000000000509,0.03904
12.21500000000051,0.03363
12.22000000000051,0.01764
12.225000000000511,0.030189999999999998
12.230000000000512,0.007379999999999999
12.235000000000513,0.01354
12.240000000000514,0.02423
12.245000000000514,0.01788
12.250000000000515,0.031869999999999996
12.255000000000516,0.02525
12.260000000000517,0.036410000000000005
12.265000000000517,0.00655
12.270000000000518,0.02299
12.275000000000519,0.015090000000000001
12.28000000000052,0.02962
12.28500000000052,0.02387
12.290000000000521,-0.00944
12.295000000000522,0.00634
12.300000000000523,0.00762
12.305000000000524,0.02973
12.310000000000525,0.017669999999999998
12.315000000000525,0.03207
12.320000000000526,0.033589999999999995
12.325000000000527,-4e-05
12.330000000000528,0.013930000000000001
12.335000000000528,-0.00659
12.34000000000053,-0.0101
12.34500000000053,0.0072
12.35000000000053,-0.0004
12.355000000000532,-0.02333
12.360000000000532,0.010029999999999999
12.365000000000533,-0.0047799999999999995
12.370000000000534,0.02478
12.375000000000535,0.007520000000000001
12.380000000000535,0.02023
12.385000000000536,0.02138
12.390000000000537,0.01293
12.395000000000538,0.056639999999999996
12.400000000000539,0.030330000000000003
12.40500000000054,0.032139999999999995
12.41000000000054,0.06517
12.415000000000541,0.05628
12.420000000000542,0.033089999999999994
12.425000000000542,0.0183
12.430000000000543,0.02877
12.435000000000544,0.0381
12.440000000000545,0.00011999999999999999
12.445000000000546,0.01905
12.450000000000546,0.0615
12.455000000000547,0.047310000000000005
12.460000000000548,0.026969999999999997
12.465000000000549,0.0239
12.47000000000055,0.0377
12.47500000000055,0.038919999999999996
12.480000000000551,0.01785
12.485000000000552,0.044
12.490000000000553,0.04024
12.495000000000553,0.01772
12.500000000000554,0.05775
12.505000000000555,0.0397
12.510000000000556,0.01898
12.515000000000557,0.01414
12.520000000000557,0.0231
12.525000000000558,0.00928
12.530000000000559,0.03883
12.53500000000056,0.10390999999999999
12.54000000000056,0.03443
12.545000000000561,-0.06543
12.550000000000562,-0.11785
12.555000000000563,-0.12484
12.560000000000564,-0.15750999999999998
12.565000000000564,-0.13637
12.570000000000565,-0.10482999999999999
12.575000000000566,-0.0939
12.580000000000567,-0.07846
12.585000000000568,-0.09351
12.590000000000568,-0.11094000000000001
12.595000000000569,-0.08801
12.60000000000057,-0.09982
12.60500000000057,-0.00998
12.610000000000571,0.01757
12.615000000000572,-0.03665
12.620000000000573,0.04458
12.625000000000574,-0.0877
12.630000000000575,0.00601
12.635000000000575,0.04426
12.640000000000576,0.06305
12.645000000000577,0.04796
12.650000000000578,0.05294
12.655000000000578,0.041069999999999995
12.66000000000058,-0.0036200000000000004
12.66500000000058,0.03279
12.67000000000058,0.01819
12.675000000000582,0.02216
12.680000000000582,0.009340000000000001
12.685000000000583,-0.023540000000000002
12.690000000000584,-0.02546
12.695000000000585,-0.04838
12.700000000000585,-0.03137
12.705000000000586,-0.04989
12.710000000000587,-0.03948
12.715000000000588,-0.044039999999999996
12.720000000000589,-0.05114
12.72500000000059,-0.03343
12.73000000000059,-0.054279999999999995
12.735000000000591,-0.05136
12.740000000000592,-0.03777
12.745000000000593,-0.024419999999999997
12.750000000000593,-0.04091
12.755000000000594,-0.056889999999999996
12.760000000000595,-0.08805
12.765000000000596,-0.11385999999999999
12.770000000000596,-0.13566
12.775000000000597,-0.10965
12.780000000000598,-0.15095
12.785000000000599,-0.15104
12.7900000000006,-0.16000999999999999
12.7950000000006,-0.1763
12.800000000000601,-0.14294
12.805000000000602,-0.16705
12.810000000000603,-0.12318
12.815000000000603,-0.11696
12.820000000000604,-0.10021000000000001
12.825000000000605,-0.13899
12.830000000000606,-0.1179
12.835000000000607,-0.11585
12.840000000000607,-0.10045
12.845000000000608,-0.10346
12.850000000000609,-0.11405
12.85500000000061,-0.11895
12.86000000000061,-0.1106
12.865000000000611,-0.0984
12.870000000000612,-0.09533
12.875000000000613,-0.10662
12.880000000000614,-0.1135
12.885000000000614,-0.11432
12.890000000000615,-0.12633
12.895000000000616,-0.11835
12.900000000000617,-0.13101
12.905000000000618,-0.13579000000000002
12.910000000000618,-0.12377
12.915000000000619,-0.10492
12.92000000000062,-0.09122999999999999
12.92500000000062,-0.10522000000000001
12.930000000000621,-0.0921
12.935000000000622,-0.11969
12.940000000000623,-0.09043
12.945000000000624,-0.11057
12.950000000000625,-0.13405
12.955000000000625,-0.11248
12.960000000000626,-0.08395
12.965000000000627,-0.12997999999999998
12.970000000000628,-0.1603
12.975000000000628,-0.13041
12.98000000000063,-0.14993
12.98500000000063,-0.11803
12.99000000000063,-0.14876
12.995000000000632,-0.1247
13.000000000000632,-0.13278
13.005000000000633,-0.13323
13.010000000000634,-0.13210999999999998
13.015000000000635,-0.1143
13.020000000000636,-0.132
13.025000000000636,-0.12165999999999999
13.030000000000637,-0.15721
13.035000000000638,-0.13508
13.040000000000639,-0.1414
13.04500000000064,-0.12408
13.05000000000064,-0.12253
13.055000000000641,-0.13055999999999998
13.060000000000642,-0.13052
13.065000000000643,-0.11467999999999999
13.070000000000643,-0.10682
13.075000000000644,-0.11057
13.080000000000645,-0.11623
13.085000000000646,-0.14242
13.090000000000646,-0.13259
13.095000000000647,-0.12511
13.100000000000648,-0.11294000000000001
13.105000000000649,-0.1199
13.11000000000065,-0.10584
13.11500000000065,-0.10672000000000001
13.120000000000651,-0.15138
13.125000000000652,-0.13802999999999999
13.130000000000653,-0.12218
13.135000000000653,-0.13948
13.140000000000654,-0.14632
13.145000000000655,-0.11352999999999999
13.150000000000656,-0.13631
13.155000000000657,-0.12253
13.160000000000657,-0.12527
13.165000000000658,-0.10958
13.170000000000659,-0.13260999999999998
13.17500000000066,-0.12558
13.18000000000066,-0.12262999999999999
13.185000000000661,-0.10814000000000001
13.190000000000662,-0.14271
13.195000000000663,-0.14297
13.200000000000664,-0.11235
13.205000000000664,-0.12889
13.210000000000665,-0.15471
13.215000000000666,-0.108
13.220000000000667,-0.15563
13.225000000000668,-0.13352
13.230000000000668,-0.13908
13.23500000000067,-0.1258
13.24000000000067,-0.1191
13.24500000000067,-0.12628
13.250000000000671,-0.11034000000000001
13.255000000000672,-0.14278
13.260000000000673,-0.11150999999999998
13.265000000000674,-0.09762
13.270000000000675,-0.13219
13.275000000000675,-0.14439000000000002
13.280000000000676,-0.11342999999999999
13.285000000000677,-0.10205
13.290000000000678,-0.10840999999999999
13.295000000000678,-0.09962
13.30000000000068,-0.11238
13.30500000000068,-0.12180999999999999
13.31000000000068,-0.11909000000000002
13.315000000000682,-0.1099
13.320000000000682,-0.12475
13.325000000000683,-0.13592
13.330000000000684,-0.13355999999999998
13.335000000000685,-0.12793
13.340000000000686,-0.14378
13.345000000000686,-0.1103
13.350000000000687,-0.11245
13.355000000000688,-0.13749
13.360000000000689,-0.11585
13.36500000000069,-0.12937
13.37000000000069,-0.12938
13.375000000000691,-0.14031
13.380000000000692,-0.111
13.385000000000693,-0.12444000000000001
13.390000000000693,-0.1131
13.395000000000694,-0.13162000000000001
13.400000000000695,-0.12349
13.405000000000696,-0.15037999999999999
13.410000000000696,-0.11379
13.415000000000697,-0.11005
13.420000000000698,-0.10289000000000001
13.425000000000699,-0.12845
13.4300000000007,-0.14723
13.4350000000007,-0.12965
13.440000000000701,-0.12621
13.445000000000702,-0.10744000000000001
13.450000000000703,-0.10620999999999998
13.455000000000704,-0.11848
13.460000000000704,-0.10192000000000001
13.465000000000705,-0.12694
13.470000000000706,-0.117
13.475000000000707,-0.14632
13.480000000000707,-0.11248
13.485000000000708,-0.12843
13.490000000000709,-0.14961
13.49500000000071,-0.13468
13.50000000000071,-0.12448
13.505000000000711,-0.13551
13.510000000000712,-0.12022999999999999
13.515000000000713,-0.1156
13.520000000000714,-0.10759
13.525000000000714,-0.15698
13.530000000000715,-0.09601
13.535000000000716,-0.13529000000000002
13.540000000000717,-0.12602
13.545000000000718,-0.09684
13.550000000000718,-0.11495
13.55500000000072,-0.1257
13.56000000000072,-0.13614
13.56500000000072,-0.1157
13.570000000000721,-0.10565999999999999
13.575000000000722,-0.1259
13.580000000000723,-0.13084
13.585000000000724,-0.11985
13.590000000000725,-0.14029
13.595000000000725,-0.14597000000000002
13.600000000000726,-0.0882
13.605000000000727,-0.10461
13.610000000000728,-0.15586
13.615000000000729,-0.14828
13.62000000000073,-0.13091
13.62500000000073,-0.12397000000000001
13.63000000000073,-0.09321
13.635000000000732,-0.12579
13.640000000000732,-0.10078
13.645000000000733,-0.1261
13.650000000000734,-0.11865
13.655000000000735,-0.1206
13.660000000000736,-0.10249000000000001
13.665000000000736,-0.11665999999999999
13.670000000000737,-0.13914
13.675000000000738,-0.12602
13.680000000000739,-0.10582000000000001
13.68500000000074,-0.10789000000000001
13.69000000000074,-0.10597999999999999
13.695000000000741,-0.12828
13.700000000000742,-0.09498
13.705000000000743,-0.10651
13.710000000000743,-0.09915
13.715000000000744,-0.12536
13.720000000000745,-0.14145
13.725000000000746,-0.13358
13.730000000000746,-0.14633
13.735000000000747,-0.11559000000000001
13.740000000000748,-0.12100999999999999
13.745000000000749,-0.12915
13.75000000000075,-0.08121
13.75500000000075,-0.13335999999999998
13.760000000000751,-0.09562000000000001
13.765000000000752,-0.1016
13.770000000000753,-0.11919
13.775000000000754,-0.14787
13.780000000000754,-0.13119
13.785000000000755,-0.13832
13.790000000000756,-0.09265
13.795000000000757,-0.10222
13.800000000000757,-0.10855
13.805000000000758,-0.10636
13.810000000000759,-0.11929000000000001
13.81500000000076,-0.10991
13.82000000000076,-0.12697
13.825000000000761,-0.1359
13.830000000000762,-0.13002
13.835000000000763,-0.12087
13.840000000000764,-0.11925
13.845000000000764,-0.10003
13.850000000000765,-0.12668
13.855000000000766,-0.12437999999999999
13.860000000000767,-0.13890999999999998
13.865000000000768,-0.12795
13.870000000000768,-0.12580999999999998
13.87500000000077,-0.09151000000000001
13.88000000000077,-0.10832
13.88500000000077,-0.10977999999999999
13.890000000000772,-0.13619
13.895000000000772,-0.11287
13.900000000000773,-0.14495999999999998
13.905000000000774,-0.10263
13.910000000000775,-0.1308
13.915000000000775,-0.13804
13.920000000000776,-0.10657
13.925000000000777,-0.12678
13.930000000000778,-0.11331
13.935000000000779,-0.10198
13.94000000000078,-0.12046
13.94500000000078,-0.11995
13.95000000000078,-0.10858
13.955000000000782,-0.12643
13.960000000000782,-0.1145
13.965000000000783,-0.14105
13.970000000000784,-0.10928
13.975000000000785,-0.13410999999999998
13.980000000000786,-0.12385999999999998
13.985000000000786,-0.10617
13.990000000000787,-0.12895
13.995000000000788,-0.10265999999999999
14.000000000000789,-0.11610999999999999
14.00500000000079,-0.10865
14.01000000000079,-0.10449000000000001
14.015000000000791,-0.13072
14.020000000000792,-0.12637
14.025000000000793,-0.14075
14.030000000000793,-0.13575
14.035000000000794,-0.12247000000000001
14.040000000000795,-0.12089000000000001
14.045000000000796,-0.10290999999999999
14.050000000000797,-0.08282
14.055000000000797,-0.13529000000000002
14.060000000000798,-0.09983
14.065000000000799,-0.10332000000000001
14.0700000000008,-0.1464
14.0750000000008,-0.12344000000000001
14.080000000000801,-0.11646
14.085000000000802,-0.13065
14.090000000000803,-0.12072999999999999
14.095000000000804,-0.1038
14.100000000000804,-0.10969000000000001
14.105000000000805,-0.14035999999999998
14.110000000000806,-0.11364
14.115000000000807,-0.11737
14.120000000000807,-0.1327
14.125000000000808,-0.1302
14.130000000000809,-0.16687000000000002
14.13500000000081,-0.09745
14.14000000000081,-0.11417999999999999
14.145000000000811,-0.11073
14.150000000000812,-0.12397999999999999
14.155000000000813,-0.13593
14.160000000000814,-0.09427
14.165000000000814,-0.10924
14.170000000000815,-0.11821
14.175000000000816,-0.12754000000000001
14.180000000000817,-0.10117999999999999
14.185000000000818,-0.10339000000000001
14.190000000000818,-0.11719
14.19500000000082,-0.14991
14.20000000000082,-0.13737
14.20500000000082,-0.10377
14.210000000000822,-0.11495
14.215000000000822,-0.12374
14.220000000000823,-0.1441
14.225000000000824,-0.12982
14.230000000000825,-0.12759
14.235000000000825,-0.12648
14.240000000000826,-0.1403
14.245000000000827,-0.12019
14.250000000000828,-0.08399
14.255000000000829,-0.12370999999999999
14.26000000000083,-0.13549
14.26500000000083,-0.11095999999999999
14.270000000000831,-0.10974
14.275000000000832,-0.12029000000000001
14.280000000000832,-0.09303
14.285000000000833,-0.12460999999999998
14.290000000000834,-0.11047
14.295000000000835,-0.10228
14.300000000000836,-0.14637999999999998
14.305000000000836,-0.15483
14.310000000000837,-0.09691
14.315000000000838,-0.10045
14.320000000000839,-0.15264
14.32500000000084,-0.11145
14.33000000000084,-0.12061
14.335000000000841,-0.10815
14.340000000000842,-0.11922999999999999
14.345000000000843,-0.11377000000000001
14.350000000000843,-0.16977
14.355000000000844,-0.13028
14.360000000000845,-0.1219
14.365000000000846,-0.11992
14.370000000000847,-0.12067
14.375000000000847,-0.13274
14.380000000000848,-0.10452
14.385000000000849,-0.11279000000000002
14.39000000000085,-0.14685
14.39500000000085,-0.10945
14.400000000000851,-0.11168
14.405000000000852,-0.1153
14.410000000000853,-0.10445
14.415000000000854,-0.14303
14.420000000000854,-0.1143
14.425000000000855,-0.11859000000000001
14.430000000000856,-0.12747999999999998
14.435000000000857,-0.12107000000000001
14.440000000000857,-0.1173
14.445000000000858,-0.12295
14.450000000000859,-0.10562
14.45500000000086,-0.14110999999999999
14.46000000000086,-0.10232999999999999
14.465000000000861,-0.082
14.470000000000862,-0.07571
14.475000000000863,-0.12952
14.480000000000864,-0.12712
14.485000000000865,-0.1066
14.490000000000865,-0.13655
14.495000000000866,-0.10558
14.500000000000867,-0.13534000000000002
14.505000000000868,-0.10353
14.510000000000868,-0.11379
14.51500000000087,-0.1233
14.52000000000087,-0.09298
14.52500000000087,-0.10728
14.530000000000872,-0.0754
14.535000000000872,-0.1403
14.540000000000873,-0.10909
14.545000000000874,-0.13633
14.550000000000875,-0.1056
14.555000000000875,-0.10645999999999999
14.560000000000876,-0.10927
14.565000000000877,-0.1058
14.570000000000878,-0.09386
14.575000000000879,-0.12527
14.58000000000088,-0.09719
14.58500000000088,-0.14893
14.590000000000881,-0.1167
14.595000000000882,-0.11959000000000002
14.600000000000882,-0.11936
14.605000000000883,-0.11168
14.610000000000884,-0.12007999999999999
14.615000000000885,-0.13547
14.620000000000886,-0.09823
14.625000000000886,-0.08597
14.630000000000887,-0.12673
14.635000000000888,-0.09269
14.640000000000889,-0.09704
14.64500000000089,-0.1187
14.65000000000089,-0.12163
14.655000000000891,-0.14212
14.660000000000892,-0.12458
14.665000000000893,-0.09331
14.670000000000893,-0.13722
14.675000000000894,-0.12419000000000001
14.680000000000895,-0.13433
14.685000000000896,-0.10739000000000001
14.690000000000897,-0.11114
14.695000000000897,-0.11845
14.700000000000898,-0.14025
14.705000000000899,-0.10232000000000001
14.7100000000009,-0.11599000000000001
14.7150000000009,-0.13208
14.720000000000901,-0.10962000000000001
14.725000000000902,-0.11565999999999999
14.730000000000903,-0.12329000000000001
14.735000000000904,-0.11738
14.740000000000904,-0.109
14.745000000000905,-0.11904
14.750000000000906,-0.12746
14.755000000000907,-0.11307
14.760000000000908,-0.12065
14.765000000000908,-0.1133
14.770000000000909,-0.11202000000000001
14.77500000000091,-0.12985
14.78000000000091,-0.10897000000000001
14.785000000000911,-0.1348
14.790000000000912,-0.11256
14.795000000000913,-0.10649000000000002
14.800000000000914,-0.10676
14.805000000000915,-0.11935
14.810000000000915,-0.11975999999999999
14.815000000000916,-0.13926
14.820000000000917,-0.09205
14.825000000000918,-0.11582
14.830000000000918,-0.12365999999999999
14.83500000000092,-0.10662999999999999
14.84000000000092,-0.11070999999999999
14.84500000000092,-0.12022999999999999
14.850000000000922,-0.11964000000000001
14.855000000000922,-0.13951
14.860000000000923,-0.13677999999999998
14.865000000000924,-0.11617000000000001
14.870000000000925,-0.14495
14.875000000000925,-0.12942
14.880000000000926,-0.15048
14.885000000000927,-0.13527
14.890000000000928,-0.10987000000000001
14.895000000000929,-0.13235
14.90000000000093,-0.14915
14.90500000000093,-0.11767999999999999
14.910000000000931,-0.12655
14.915000000000932,-0.11032
14.920000000000933,-0.11422
14.925000000000933,-0.10787999999999999
14.930000000000934,-0.12019
14.935000000000935,-0.12343
14.940000000000936,-0.11331
14.945000000000936,-0.09616
14.950000000000937,-0.12315
14.955000000000938,-0.13338
14.960000000000939,-0.11524000000000001
14.96500000000094,-0.14095
14.97000000000094,-0.07948
14.975000000000941,-0.12434
14.980000000000942,-0.13752999999999999
14.985000000000943,-0.13887
14.990000000000943,-0.16838
14.995000000000944,-0.13352
