Time,Atlas_tn14
0.005,-0.11182
0.01,-0.10991
0.015,-0.11984000000000002
0.02,-0.11382
0.025,-0.1252
0.030000000000000002,-0.11102000000000001
0.035,-0.10726
0.04,-0.11004000000000001
0.045,-0.12652
0.049999999999999996,-0.12093
0.05499999999999999,-0.12011
0.05999999999999999,-0.13068
0.06499999999999999,-0.11324000000000001
0.06999999999999999,-0.12227
0.075,-0.11256
0.08,-0.1277
0.085,-0.12195
0.09000000000000001,-0.11584000000000001
0.09500000000000001,-0.13216
0.10000000000000002,-0.10459
0.10500000000000002,-0.12093
0.11000000000000003,-0.13309
0.11500000000000003,-0.12120999999999998
0.12000000000000004,-0.10794000000000001
0.12500000000000003,-0.1135
0.13000000000000003,-0.11027999999999999
0.13500000000000004,-0.11385999999999999
0.14000000000000004,-0.12326
0.14500000000000005,-0.11615
0.15000000000000005,-0.12330999999999999
0.15500000000000005,-0.12320999999999999
0.16000000000000006,-0.13024000000000002
0.16500000000000006,-0.12344000000000001
0.17000000000000007,-0.12713
0.17500000000000007,-0.12525999999999998
0.18000000000000008,-0.11845
0.18500000000000008,-0.11993
0.19000000000000009,-0.12150999999999999
0.1950000000000001,-0.12552
0.2000000000000001,-0.12274000000000002
0.2050000000000001,-0.11932000000000001
0.2100000000000001,-0.13244
0.2150000000000001,-0.11257
0.2200000000000001,-0.11838
0.22500000000000012,-0.1152
0.23000000000000012,-0.12212
0.23500000000000013,-0.12655
0.24000000000000013,-0.13052
0.24500000000000013,-0.11932000000000001
0.2500000000000001,-0.11675
0.2550000000000001,-0.12594
0.2600000000000001,-0.12579
0.2650000000000001,-0.13154000000000002
0.27000000000000013,-0.12132000000000001
0.27500000000000013,-0.10417
0.28000000000000014,-0.1113
0.28500000000000014,-0.13204000000000002
0.29000000000000015,-0.12272999999999999
0.29500000000000015,-0.1159
0.30000000000000016,-0.11339
0.30500000000000016,-0.1202
0.31000000000000016,-0.1084
0.31500000000000017,-0.1149
0.3200000000000002,-0.11888
0.3250000000000002,-0.12267
0.3300000000000002,-0.11982999999999999
0.3350000000000002,-0.13349
0.3400000000000002,-0.10705999999999999
0.3450000000000002,-0.1133
0.3500000000000002,-0.13007
0.3550000000000002,-0.1183
0.3600000000000002,-0.12811
0.3650000000000002,-0.11492999999999999
0.3700000000000002,-0.12715
0.3750000000000002,-0.1321
0.3800000000000002,-0.11367999999999999
0.38500000000000023,-0.11168
0.39000000000000024,-0.12229000000000001
0.39500000000000024,-0.1172
0.40000000000000024,-0.12107000000000001
0.40500000000000025,-0.11479
0.41000000000000025,-0.12165
0.41500000000000026,-0.11631
0.42000000000000026,-0.1273
0.42500000000000027,-0.1071
0.43000000000000027,-0.11525999999999999
0.4350000000000003,-0.12805999999999998
0.4400000000000003,-0.12027
0.4450000000000003,-0.1132
0.4500000000000003,-0.12019
0.4550000000000003,-0.13171
0.4600000000000003,-0.13643
0.4650000000000003,-0.10388
0.4700000000000003,-0.1236
0.4750000000000003,-0.1134
0.4800000000000003,-0.11432
0.4850000000000003,-0.12728
0.4900000000000003,-0.11417999999999999
0.49500000000000033,-0.11287
0.5000000000000003,-0.12234
0.5050000000000003,-0.12440999999999999
0.5100000000000003,-0.12319000000000001
0.5150000000000003,-0.11912
0.5200000000000004,-0.12087
0.5250000000000004,-0.11995
0.5300000000000004,-0.11777
0.5350000000000004,-0.11442999999999999
0.5400000000000004,-0.13642
0.5450000000000004,-0.11119000000000001
0.5500000000000004,-0.12839
0.5550000000000004,-0.1241
0.5600000000000004,-0.12832000000000002
0.5650000000000004,-0.1105
0.5700000000000004,-0.11183
0.5750000000000004,-0.11805
0.5800000000000004,-0.11513
0.5850000000000004,-0.12561
0.5900000000000004,-0.12199000000000002
0.5950000000000004,-0.11821
0.6000000000000004,-0.14002
0.6050000000000004,-0.12528
0.6100000000000004,-0.12697
0.6150000000000004,-0.11257
0.6200000000000004,-0.12195
0.6250000000000004,-0.12559
0.6300000000000004,-0.12480999999999999
0.6350000000000005,-0.12301
0.6400000000000005,-0.12491
0.6450000000000005,-0.10421
0.6500000000000005,-0.1276
0.6550000000000005,-0.12389000000000001
0.6600000000000005,-0.12582000000000002
0.6650000000000005,-0.11308
0.6700000000000005,-0.12616
0.6750000000000005,-0.14218
0.6800000000000005,-0.1137
0.6850000000000005,-0.12797999999999998
0.6900000000000005,-0.1355
0.6950000000000005,-0.10636
0.7000000000000005,-0.11857999999999999
0.7050000000000005,-0.10319
0.7100000000000005,-0.11349000000000001
0.7150000000000005,-0.11473
0.7200000000000005,-0.11275999999999999
0.7250000000000005,-0.12155
0.7300000000000005,-0.12505
0.7350000000000005,-0.11775999999999999
0.7400000000000005,-0.11506
0.7450000000000006,-0.12635
0.7500000000000006,-0.12192
0.7550000000000006,-0.12022000000000001
0.7600000000000006,-0.11869
0.7650000000000006,-0.1038
0.7700000000000006,-0.12212
0.7750000000000006,-0.10171000000000001
0.7800000000000006,-0.10953
0.7850000000000006,-0.12611
0.7900000000000006,-0.11671
0.7950000000000006,-0.11445999999999999
0.8000000000000006,-0.12594
0.8050000000000006,-0.10695
0.8100000000000006,-0.1356
0.8150000000000006,-0.10622000000000001
0.8200000000000006,-0.1297
0.8250000000000006,-0.13668
0.8300000000000006,-0.1054
0.8350000000000006,-0.13543
0.8400000000000006,-0.116
0.8450000000000006,-0.13057
0.8500000000000006,-0.1354
0.8550000000000006,-0.10173
0.8600000000000007,-0.12841
0.8650000000000007,-0.13218
0.8700000000000007,-0.11537
0.8750000000000007,-0.12187
0.8800000000000007,-0.11002
0.8850000000000007,-0.11284000000000001
0.8900000000000007,-0.13161
0.8950000000000007,-0.11560999999999999
0.9000000000000007,-0.13787
0.9050000000000007,-0.10384000000000002
0.9100000000000007,-0.11141
0.9150000000000007,-0.1034
0.9200000000000007,-0.13473
0.9250000000000007,-0.10488
0.9300000000000007,-0.11338
0.9350000000000007,-0.12696
0.9400000000000007,-0.10972
0.9450000000000007,-0.11266
0.9500000000000007,-0.117
0.9550000000000007,-0.11849000000000001
0.9600000000000007,-0.11772
0.9650000000000007,-0.10839000000000001
0.9700000000000008,-0.14486
0.9750000000000008,-0.10768
0.9800000000000008,-0.13157
0.9850000000000008,-0.11665
0.9900000000000008,-0.11437
0.9950000000000008,-0.13198
1.0000000000000007,-0.12297000000000001
1.0050000000000006,-0.12194
1.0100000000000005,-0.12017
1.0150000000000003,-0.11495999999999999
1.0200000000000002,-0.11597
1.0250000000000001,-0.11387
1.03,-0.10905999999999999
1.035,-0.1277
1.0399999999999998,-0.1154
1.0449999999999997,-0.12439000000000001
1.0499999999999996,-0.0987
1.0549999999999995,-0.11649000000000001
1.0599999999999994,-0.13147
1.0649999999999993,-0.12464000000000001
1.0699999999999992,-0.1218
1.074999999999999,-0.1069
1.079999999999999,-0.12961
1.0849999999999989,-0.13005
1.0899999999999987,-0.1277
1.0949999999999986,-0.1485
1.0999999999999985,-0.13374
1.1049999999999984,-0.14966
1.1099999999999983,-0.09717999999999999
1.1149999999999982,-0.12201
1.119999999999998,-0.11740999999999999
1.124999999999998,-0.12315999999999999
1.129999999999998,-0.10683
1.1349999999999978,-0.12795
1.1399999999999977,-0.11962
1.1449999999999976,-0.1278
1.1499999999999975,-0.12784
1.1549999999999974,-0.12768
1.1599999999999973,-0.13774
1.1649999999999971,-0.14679
1.169999999999997,-0.14931
1.174999999999997,-0.15959
1.1799999999999968,-0.16091
1.1849999999999967,-0.17544
1.1899999999999966,-0.1658
1.1949999999999965,-0.15452
1.1999999999999964,-0.16832
1.2049999999999963,-0.17631
1.2099999999999962,-0.16974
1.214999999999996,-0.14895999999999998
1.219999999999996,-0.16211
1.2249999999999959,-0.14978
1.2299999999999958,-0.16539
1.2349999999999957,-0.1374
1.2399999999999956,-0.14904
1.2449999999999954,-0.14814000000000002
1.2499999999999953,-0.13965
1.2549999999999952,-0.13495
1.2599999999999951,-0.14224
1.264999999999995,-0.12253
1.269999999999995,-0.11971
1.2749999999999948,-0.13230999999999998
1.2799999999999947,-0.12311
1.2849999999999946,-0.09769
1.2899999999999945,-0.0871
1.2949999999999944,-0.09344
1.2999999999999943,-0.09087999999999999
1.3049999999999942,-0.08365
1.309999999999994,-0.07064
1.314999999999994,-0.07103
1.3199999999999938,-0.07406
1.3249999999999937,-0.07413
1.3299999999999936,-0.06808
1.3349999999999935,-0.09025
1.3399999999999934,-0.07857
1.3449999999999933,-0.07016
1.3499999999999932,-0.08271
1.354999999999993,-0.06924
1.359999999999993,-0.06126
1.3649999999999929,-0.05873
1.3699999999999928,-0.07521
1.3749999999999927,-0.06898
1.3799999999999926,-0.08316
1.3849999999999925,-0.061329999999999996
1.3899999999999924,-0.06429
1.3949999999999922,-0.06907
1.3999999999999921,-0.059289999999999995
1.404999999999992,-0.07053999999999999
1.409999999999992,-0.05184
1.4149999999999918,0.07418
1.4199999999999917,1.11529
1.4249999999999916,0.81597
1.4299999999999915,1.31256
1.4349999999999914,1.37219
1.4399999999999913,2.23714
1.4449999999999912,2.2023900000000003
1.449999999999991,2.50401
1.454999999999991,2.18305
1.4599999999999909,2.39149
1.4649999999999908,2.2105099999999998
1.4699999999999906,2.21449
1.4749999999999905,2.0105299999999997
1.4799999999999904,1.86378
1.4849999999999903,1.9295799999999999
1.4899999999999902,1.7307700000000001
1.4949999999999901,1.8570099999999998
1.49999999999999,1.7248900000000003
1.50499999999999,3.51566
1.5099999999999898,1.34131
1.5149999999999897,1.25201
1.5199999999999896,1.57765
1.5249999999999895,2.11753
1.5299999999999894,1.88027
1.5349999999999893,0.92314
1.5399999999999892,1.17369
1.544999999999989,1.14337
1.549999999999989,1.0543
1.5549999999999888,0.9374100000000001
1.5599999999999887,0.9100799999999999
1.5649999999999886,0.9573799999999999
1.5699999999999885,0.96254
1.5749999999999884,0.99454
1.5799999999999883,1.01039
1.5849999999999882,1.06039
1.589999999999988,1.12037
1.594999999999988,1.22145
1.5999999999999879,1.2842200000000001
1.6049999999999878,1.31026
1.6099999999999877,1.28072
1.6149999999999876,1.26338
1.6199999999999875,1.2454399999999999
1.6249999999999873,1.2476399999999999
1.6299999999999872,1.20431
1.6349999999999871,1.20399
1.639999999999987,1.2078200000000001
1.644999999999987,1.19919
1.6499999999999868,1.2103
1.6549999999999867,1.20058
1.6599999999999866,1.16409
1.6649999999999865,1.17892
1.6699999999999864,1.19018
1.6749999999999863,1.20276
1.6799999999999862,1.22469
1.684999999999986,1.23787
1.689999999999986,1.2455100000000001
1.6949999999999859,1.2574
1.6999999999999857,1.24001
1.7049999999999856,1.20851
1.7099999999999855,1.2110100000000001
1.7149999999999854,1.20485
1.7199999999999853,1.16378
1.7249999999999852,1.18074
1.729999999999985,1.17507
1.734999999999985,1.15611
1.739999999999985,1.16769
1.7449999999999848,1.16753
1.7499999999999847,1.1719
1.7549999999999846,1.1723700000000001
1.7599999999999845,1.16988
1.7649999999999844,1.1722299999999999
1.7699999999999843,1.1841899999999999
1.7749999999999841,1.1856
1.779999999999984,1.18872
1.784999999999984,1.18773
1.7899999999999838,1.1970399999999999
1.7949999999999837,1.20289
1.7999999999999836,1.21003
1.8049999999999835,1.2028
1.8099999999999834,1.2000899999999999
1.8149999999999833,1.20288
1.8199999999999832,1.20147
1.824999999999983,1.18271
1.829999999999983,1.2066299999999999
1.8349999999999829,1.19993
1.8399999999999828,1.2109299999999998
1.8449999999999827,1.20135
1.8499999999999825,1.20679
1.8549999999999824,1.19213
1.8599999999999823,1.20335
1.8649999999999822,1.1974799999999999
1.8699999999999821,1.21192
1.874999999999982,1.1979799999999998
1.879999999999982,1.2026299999999999
1.8849999999999818,1.20171
1.8899999999999817,1.20193
1.8949999999999816,1.18727
1.8999999999999815,1.18531
1.9049999999999814,1.20432
1.9099999999999813,1.20374
1.9149999999999812,1.21252
1.919999999999981,1.19485
1.924999999999981,1.20126
1.9299999999999808,1.19894
1.9349999999999807,1.1945
1.9399999999999806,1.18656
1.9449999999999805,1.1892399999999999
1.9499999999999804,1.19034
1.9549999999999803,1.19411
1.9599999999999802,1.19665
1.96499999999998,1.19859
1.96999999999998,1.1967
1.9749999999999799,1.1979600000000001
1.9799999999999798,1.20418
1.9849999999999797,1.1849299999999998
1.9899999999999796,1.21669
1.9949999999999795,1.19702
1.9999999999999793,1.197
2.0049999999999795,1.19499
2.0099999999999794,1.18224
2.0149999999999793,1.17524
2.019999999999979,1.1860600000000001
2.024999999999979,1.1702299999999999
2.029999999999979,1.19155
2.034999999999979,1.1952
2.0399999999999787,1.20282
2.0449999999999786,1.19761
2.0499999999999785,1.18011
2.0549999999999784,1.20644
2.0599999999999783,1.19595
2.064999999999978,1.19583
2.069999999999978,1.20394
2.074999999999978,1.19066
2.079999999999978,1.19278
2.0849999999999778,1.18551
2.0899999999999777,1.20134
2.0949999999999775,1.2081600000000001
2.0999999999999774,1.2001700000000002
2.1049999999999773,1.2054200000000002
2.1099999999999772,1.2151299999999998
2.114999999999977,1.20226
2.119999999999977,1.18944
2.124999999999977,1.19895
2.129999999999977,1.2125700000000001
2.1349999999999767,1.19495
2.1399999999999766,1.2151
2.1449999999999765,1.19484
2.1499999999999764,1.20812
2.1549999999999763,1.19367
2.159999999999976,1.19981
2.164999999999976,1.19576
2.169999999999976,1.2167299999999999
2.174999999999976,1.19665
2.1799999999999757,1.2159200000000001
2.1849999999999756,1.18649
2.1899999999999755,1.2185700000000002
2.1949999999999754,1.20153
2.1999999999999753,1.20835
2.204999999999975,1.2074799999999999
2.209999999999975,1.19896
2.214999999999975,1.21917
2.219999999999975,1.2117200000000001
2.2249999999999748,1.2193100000000001
2.2299999999999747,1.17926
2.2349999999999746,1.1978600000000001
2.2399999999999745,1.21068
2.2449999999999743,1.1905
2.2499999999999742,1.1939
2.254999999999974,1.19871
2.259999999999974,1.19687
2.264999999999974,1.2155
2.269999999999974,1.19335
2.2749999999999737,1.1992399999999999
2.2799999999999736,1.19279
2.2849999999999735,1.19685
2.2899999999999734,1.19364
2.2949999999999733,1.19755
2.299999999999973,1.20674
2.304999999999973,1.20286
2.309999999999973,1.18405
2.314999999999973,1.18832
2.3199999999999728,1.1953799999999999
2.3249999999999726,1.20329
2.3299999999999725,1.2024700000000001
2.3349999999999724,1.1949
2.3399999999999723,1.1798799999999998
2.344999999999972,1.19426
2.349999999999972,1.18339
2.354999999999972,1.20994
2.359999999999972,1.19393
2.364999999999972,1.20671
2.3699999999999717,1.19187
2.3749999999999716,1.2204
2.3799999999999715,1.2018
2.3849999999999714,1.18468
2.3899999999999713,1.21078
2.394999999999971,1.1862
2.399999999999971,1.20945
2.404999999999971,1.21246
2.409999999999971,1.18397
2.4149999999999707,1.2044700000000002
2.4199999999999706,1.21212
2.4249999999999705,1.17746
2.4299999999999704,1.19937
2.4349999999999703,1.1991100000000001
2.43999999999997,1.21485
2.44499999999997,1.2092
2.44999999999997,1.20175
2.45499999999997,1.20431
2.4599999999999698,1.19525
2.4649999999999697,1.19044
2.4699999999999696,1.1984299999999999
2.4749999999999694,1.20559
2.4799999999999693,1.19775
2.4849999999999692,1.2012399999999999
2.489999999999969,1.20361
2.494999999999969,1.19472
2.499999999999969,1.19218
2.504999999999969,1.21281
2.5099999999999687,1.19985
2.5149999999999686,1.21345
2.5199999999999685,1.19587
2.5249999999999684,1.1997799999999998
2.5299999999999683,1.19784
2.534999999999968,1.21442
2.539999999999968,1.19428
2.544999999999968,1.21035
2.549999999999968,1.19675
2.5549999999999677,1.2074
2.5599999999999676,1.20478
2.5649999999999675,1.21088
2.5699999999999674,1.1819
2.5749999999999673,1.2021600000000001
2.579999999999967,1.2121600000000001
2.584999999999967,1.19885
2.589999999999967,1.19804
2.594999999999967,1.2039600000000001
2.599999999999967,1.2027
2.6049999999999667,1.2066
2.6099999999999666,1.2005700000000001
2.6149999999999665,1.21187
2.6199999999999664,1.21597
2.6249999999999662,1.20143
2.629999999999966,1.2133
2.634999999999966,1.20492
2.639999999999966,1.19764
2.644999999999966,1.21092
2.6499999999999657,1.20081
2.6549999999999656,1.2136200000000001
2.6599999999999655,1.2001
2.6649999999999654,1.2179200000000001
2.6699999999999653,1.19244
2.674999999999965,1.19779
2.679999999999965,1.21084
2.684999999999965,1.20343
2.689999999999965,1.18801
2.6949999999999648,1.21001
2.6999999999999647,1.1990399999999999
2.7049999999999645,1.21236
2.7099999999999644,1.19997
2.7149999999999643,1.2046299999999999
2.7199999999999642,1.1907
2.724999999999964,1.20082
2.729999999999964,1.21656
2.734999999999964,1.2082899999999999
2.739999999999964,1.20488
2.7449999999999637,1.20868
2.7499999999999636,1.19628
2.7549999999999635,1.20716
2.7599999999999634,1.21574
2.7649999999999633,1.2003700000000002
2.769999999999963,1.20954
2.774999999999963,1.2188299999999999
2.779999999999963,1.1994799999999999
2.784999999999963,1.21024
2.7899999999999627,1.19331
2.7949999999999626,1.2032
2.7999999999999625,1.2108700000000001
2.8049999999999624,1.20013
2.8099999999999623,1.2009100000000001
2.814999999999962,1.20179
2.819999999999962,1.20684
2.824999999999962,1.2067299999999999
2.829999999999962,1.2173200000000002
2.8349999999999618,1.20375
2.8399999999999617,1.19569
2.8449999999999616,1.19513
2.8499999999999615,1.1849
2.8549999999999613,1.2121
2.8599999999999612,1.21151
2.864999999999961,1.19407
2.869999999999961,1.2162899999999999
2.874999999999961,1.20767
2.879999999999961,1.20329
2.8849999999999607,1.19234
2.8899999999999606,1.2019600000000001
2.8949999999999605,1.19421
2.8999999999999604,1.19756
2.9049999999999603,1.20231
2.90999999999996,1.20969
2.91499999999996,1.19769
2.91999999999996,1.19425
2.92499999999996,1.2143700000000002
2.9299999999999597,1.2126
2.9349999999999596,1.19773
2.9399999999999595,1.21102
2.9449999999999594,1.1919899999999999
2.9499999999999593,1.21187
2.954999999999959,1.20807
2.959999999999959,1.20466
2.964999999999959,1.20182
2.969999999999959,1.2128700000000001
2.974999999999959,1.20252
2.9799999999999587,1.19923
2.9849999999999586,1.18484
2.9899999999999585,1.21923
2.9949999999999584,1.20195
2.9999999999999583,1.18995
3.004999999999958,1.20754
3.009999999999958,1.21791
3.014999999999958,1.2185700000000002
3.019999999999958,1.20789
3.0249999999999577,1.21076
3.0299999999999576,1.2045299999999999
3.0349999999999575,1.21474
3.0399999999999574,1.20282
3.0449999999999573,1.1978
3.049999999999957,1.20733
3.054999999999957,1.20199
3.059999999999957,1.20214
3.064999999999957,1.19723
3.0699999999999568,1.2111299999999998
3.0749999999999567,1.21574
3.0799999999999566,1.2051100000000001
3.0849999999999564,1.20564
3.0899999999999563,1.20763
3.0949999999999562,1.20392
3.099999999999956,1.2025299999999999
3.104999999999956,1.2055
3.109999999999956,1.2090299999999998
3.114999999999956,1.22424
3.1199999999999557,1.2083899999999999
3.1249999999999556,1.19159
3.1299999999999555,1.21737
3.1349999999999554,1.20222
3.1399999999999553,1.21756
3.144999999999955,1.21315
3.149999999999955,1.20566
3.154999999999955,1.19668
3.159999999999955,1.205
3.1649999999999547,1.21549
3.1699999999999546,1.20201
3.1749999999999545,1.20121
3.1799999999999544,1.22042
3.1849999999999543,1.20465
3.189999999999954,1.20394
3.194999999999954,1.20215
3.199999999999954,1.2078799999999998
3.204999999999954,1.20434
3.209999999999954,1.20781
3.2149999999999537,1.20615
3.2199999999999536,1.2120600000000001
3.2249999999999535,1.2082899999999999
3.2299999999999534,1.21298
3.2349999999999532,1.19885
3.239999999999953,1.2080899999999999
3.244999999999953,1.20691
3.249999999999953,1.20475
3.254999999999953,1.20705
3.2599999999999527,1.20455
3.2649999999999526,1.20539
3.2699999999999525,1.19965
3.2749999999999524,1.20221
3.2799999999999523,1.21326
3.284999999999952,1.19482
3.289999999999952,1.209
3.294999999999952,1.2047
3.299999999999952,1.21666
3.3049999999999518,1.20498
3.3099999999999516,1.20415
3.3149999999999515,1.1933799999999999
3.3199999999999514,1.2030299999999998
3.3249999999999513,1.21326
3.329999999999951,1.20645
3.334999999999951,1.19946
3.339999999999951,1.22013
3.344999999999951,1.21353
3.349999999999951,1.2111100000000001
3.3549999999999507,1.21193
3.3599999999999506,1.2129299999999998
3.3649999999999505,1.2065299999999999
3.3699999999999504,1.2041600000000001
3.3749999999999503,1.19921
3.37999999999995,1.21202
3.38499999999995,1.2121899999999999
3.38999999999995,1.20941
3.39499999999995,1.20918
3.3999999999999497,1.20954
3.4049999999999496,1.2029
3.4099999999999495,1.20869
3.4149999999999494,1.19908
3.4199999999999493,1.20154
3.424999999999949,1.20055
3.429999999999949,1.20251
3.434999999999949,1.19999
3.439999999999949,1.21929
3.4449999999999488,1.21403
3.4499999999999487,1.21081
3.4549999999999486,1.20834
3.4599999999999485,1.2115200000000002
3.4649999999999483,1.2007700000000001
3.4699999999999482,1.20656
3.474999999999948,1.20415
3.479999999999948,1.21072
3.484999999999948,1.19905
3.489999999999948,1.2141600000000001
3.4949999999999477,1.206
3.4999999999999476,1.20034
3.5049999999999475,1.212
3.5099999999999474,1.21294
3.5149999999999473,1.20007
3.519999999999947,1.20173
3.524999999999947,1.1953799999999999
3.529999999999947,1.2049299999999998
3.534999999999947,1.21117
3.5399999999999467,1.21642
3.5449999999999466,1.19709
3.5499999999999465,1.20517
3.5549999999999464,1.21866
3.5599999999999463,1.20861
3.564999999999946,1.23245
3.569999999999946,1.21512
3.574999999999946,1.20756
3.579999999999946,1.2087299999999999
3.584999999999946,1.21214
3.5899999999999457,1.2057799999999999
3.5949999999999456,1.21075
3.5999999999999455,1.2073399999999999
3.6049999999999454,1.20399
3.6099999999999453,1.2103899999999999
3.614999999999945,1.20836
3.619999999999945,1.20546
3.624999999999945,1.20302
3.629999999999945,1.20401
3.6349999999999447,1.2147
3.6399999999999446,1.2086
3.6449999999999445,1.20889
3.6499999999999444,1.19964
3.6549999999999443,1.21807
3.659999999999944,1.21251
3.664999999999944,1.2199
3.669999999999944,1.2074
3.674999999999944,1.2117200000000001
3.6799999999999438,1.2131299999999998
3.6849999999999437,1.20669
3.6899999999999435,1.22278
3.6949999999999434,1.20023
3.6999999999999433,1.2067299999999999
3.7049999999999432,1.21577
3.709999999999943,1.1961700000000002
3.714999999999943,1.20986
3.719999999999943,1.20885
3.724999999999943,1.21338
3.7299999999999427,1.2102700000000002
3.7349999999999426,1.2196200000000001
3.7399999999999425,1.2161799999999998
3.7449999999999424,1.20674
3.7499999999999423,1.21488
3.754999999999942,1.2122700000000002
3.759999999999942,1.2088700000000001
3.764999999999942,1.2166299999999999
3.769999999999942,1.21117
3.7749999999999417,1.2002700000000002
3.7799999999999416,1.2237
3.7849999999999415,1.19228
3.7899999999999414,1.20835
3.7949999999999413,1.20688
3.799999999999941,1.21977
3.804999999999941,1.21065
3.809999999999941,1.20269
3.814999999999941,1.20317
3.8199999999999408,1.21274
3.8249999999999407,1.20938
3.8299999999999406,1.20634
3.8349999999999405,1.21522
3.8399999999999403,1.21865
3.8449999999999402,1.20479
3.84999999999994,1.21035
3.85499999999994,1.21091
3.85999999999994,1.2103700000000002
3.86499999999994,1.21569
3.8699999999999397,1.19405
3.8749999999999396,1.20957
3.8799999999999395,1.2243700000000002
3.8849999999999394,1.20997
3.8899999999999393,1.18519
3.894999999999939,1.19831
3.899999999999939,1.21143
3.904999999999939,1.20517
3.909999999999939,1.20462
3.9149999999999388,1.21072
3.9199999999999386,1.20733
3.9249999999999385,1.21163
3.9299999999999384,1.20566
3.9349999999999383,1.2091100000000001
3.939999999999938,1.21472
3.944999999999938,1.2041899999999999
3.949999999999938,1.21442
3.954999999999938,1.20849
3.959999999999938,1.21878
3.9649999999999377,1.19636
3.9699999999999376,1.19281
3.9749999999999375,1.21589
3.9799999999999374,1.215
3.9849999999999373,1.20642
3.989999999999937,1.21199
3.994999999999937,1.213
3.999999999999937,1.21525
4.004999999999937,1.2029
4.009999999999937,1.21393
4.014999999999937,1.2173399999999999
4.0199999999999365,1.20262
4.024999999999936,1.2046
4.029999999999936,1.19716
4.034999999999936,1.21145
4.039999999999936,1.20414
4.044999999999936,1.21066
4.049999999999936,1.19719
4.054999999999936,1.20878
4.059999999999936,1.21235
4.0649999999999356,1.20115
4.0699999999999354,1.21322
4.074999999999935,1.21276
4.079999999999935,1.1907
4.084999999999935,1.21347
4.089999999999935,1.1978600000000001
4.094999999999935,1.2088299999999998
4.099999999999935,1.2134200000000002
4.104999999999935,1.21733
4.109999999999935,1.21197
4.1149999999999345,1.2122600000000001
4.119999999999934,1.20451
4.124999999999934,1.21258
4.129999999999934,1.2037799999999999
4.134999999999934,1.2033
4.139999999999934,1.19912
4.144999999999934,1.2128299999999999
4.149999999999934,1.20708
4.154999999999934,1.20773
4.1599999999999335,1.2192
4.164999999999933,1.22002
4.169999999999933,1.21432
4.174999999999933,1.2219799999999998
4.179999999999933,1.20661
4.184999999999933,1.21104
4.189999999999933,1.19936
4.194999999999933,1.20391
4.199999999999933,1.21258
4.204999999999933,1.21081
4.2099999999999325,1.19625
4.214999999999932,1.21756
4.219999999999932,1.20489
4.224999999999932,1.20936
4.229999999999932,1.2029299999999998
4.234999999999932,1.19959
4.239999999999932,1.1995
4.244999999999932,1.2120799999999998
4.249999999999932,1.2181600000000001
4.2549999999999315,1.20993
4.259999999999931,1.21337
4.264999999999931,1.20709
4.269999999999931,1.21412
4.274999999999931,1.20953
4.279999999999931,1.21011
4.284999999999931,1.20763
4.289999999999931,1.2166299999999999
4.294999999999931,1.21602
4.2999999999999305,1.2275399999999999
4.30499999999993,1.2087299999999999
4.30999999999993,1.20906
4.31499999999993,1.20603
4.31999999999993,1.21144
4.32499999999993,1.20864
4.32999999999993,1.20565
4.33499999999993,1.20317
4.33999999999993,1.18733
4.34499999999993,1.2151399999999999
4.3499999999999295,1.20584
4.354999999999929,1.21072
4.359999999999929,1.21577
4.364999999999929,1.2179200000000001
4.369999999999929,1.2170100000000001
4.374999999999929,1.21089
4.379999999999929,1.21396
4.384999999999929,1.22956
4.389999999999929,1.20274
4.3949999999999285,1.21133
4.399999999999928,1.19888
4.404999999999928,1.20862
4.409999999999928,1.20631
4.414999999999928,1.22012
4.419999999999928,1.19977
4.424999999999928,1.21404
4.429999999999928,1.20228
4.434999999999928,1.20591
4.439999999999928,1.2
4.4449999999999275,1.2064
4.449999999999927,1.20858
4.454999999999927,1.2176
4.459999999999927,1.2100799999999998
4.464999999999927,1.20544
4.469999999999927,1.21105
4.474999999999927,1.20658
4.479999999999927,1.21161
4.484999999999927,1.22062
4.4899999999999265,1.2005299999999999
4.494999999999926,1.19521
4.499999999999926,1.2095200000000002
4.504999999999926,1.2137799999999999
4.509999999999926,1.20084
4.514999999999926,1.21062
4.519999999999926,1.2059
4.524999999999926,1.21145
4.529999999999926,1.20937
4.5349999999999255,1.21005
4.539999999999925,1.2175200000000002
4.544999999999925,1.21285
4.549999999999925,1.21842
4.554999999999925,1.21214
4.559999999999925,1.22076
4.564999999999925,1.2174200000000002
4.569999999999925,1.20383
4.574999999999925,1.2116799999999999
4.579999999999925,1.2181799999999998
4.5849999999999245,1.21445
4.589999999999924,1.2257
4.594999999999924,1.21496
4.599999999999924,1.2119799999999998
4.604999999999924,1.21389
4.609999999999924,1.21642
4.614999999999924,1.21391
4.619999999999924,1.20329
4.624999999999924,1.2106700000000001
4.6299999999999235,1.21779
4.634999999999923,1.21497
4.639999999999923,1.20638
4.644999999999923,1.21833
4.649999999999923,1.21655
4.654999999999923,1.2168299999999999
4.659999999999923,1.21494
4.664999999999923,1.21518
4.669999999999923,1.19805
4.6749999999999226,1.21551
4.6799999999999224,1.20769
4.684999999999922,1.20991
4.689999999999922,1.20533
4.694999999999922,1.2222600000000001
4.699999999999922,1.21472
4.704999999999922,1.2123
4.709999999999922,1.21529
4.714999999999922,1.20426
4.719999999999922,1.21967
4.7249999999999215,1.2095
4.729999999999921,1.21565
4.734999999999921,1.21492
4.739999999999921,1.2180600000000001
4.744999999999921,1.2052399999999999
4.749999999999921,1.21638
4.754999999999921,1.20051
4.759999999999921,1.21906
4.764999999999921,1.2113
4.7699999999999205,1.2145299999999999
4.77499999999992,1.22159
4.77999999999992,1.2183
4.78499999999992,1.2111299999999998
4.78999999999992,1.23364
4.79499999999992,1.21035
4.79999999999992,1.19376
4.80499999999992,1.21943
4.80999999999992,1.21072
4.81499999999992,1.22556
4.8199999999999195,1.20951
4.824999999999919,1.21631
4.829999999999919,1.21891
4.834999999999919,1.20531
4.839999999999919,1.20899
4.844999999999919,1.21507
4.849999999999919,1.21948
4.854999999999919,1.21697
4.859999999999919,1.21403
4.8649999999999185,1.20776
4.869999999999918,1.21621
4.874999999999918,1.2153200000000002
4.879999999999918,1.22099
4.884999999999918,1.21098
4.889999999999918,1.2160600000000001
4.894999999999918,1.20594
4.899999999999918,1.22051
4.904999999999918,1.2216799999999999
4.9099999999999175,1.21014
4.914999999999917,1.20923
4.919999999999917,1.20956
4.924999999999917,1.19141
4.929999999999917,1.21623
4.934999999999917,1.2041600000000001
4.939999999999917,1.21262
4.944999999999917,1.21228
4.949999999999917,1.21417
4.954999999999917,1.21107
4.9599999999999165,1.1892
4.964999999999916,1.21451
4.969999999999916,1.214
4.974999999999916,1.20862
4.979999999999916,1.20125
4.984999999999916,1.21246
4.989999999999916,1.21163
4.994999999999916,1.2077799999999999
4.999999999999916,1.21068
5.0049999999999155,1.19989
5.009999999999915,1.2089299999999998
5.014999999999915,1.2311299999999998
5.019999999999915,1.19872
5.024999999999915,1.21203
5.029999999999915,1.21994
5.034999999999915,1.21171
5.039999999999915,1.22714
5.044999999999915,1.22559
5.049999999999915,1.21418
5.0549999999999145,1.22404
5.059999999999914,1.22264
5.064999999999914,1.21897
5.069999999999914,1.21896
5.074999999999914,1.2276
5.079999999999914,1.21642
5.084999999999914,1.21169
5.089999999999914,1.21579
5.094999999999914,1.21156
5.0999999999999135,1.21065
5.104999999999913,1.21538
5.109999999999913,1.20281
5.114999999999913,1.22325
5.119999999999913,1.21635
5.124999999999913,1.20248
5.129999999999913,1.21632
5.134999999999913,1.20498
5.139999999999913,1.22983
5.1449999999999125,1.2225
5.149999999999912,1.22328
5.154999999999912,1.2131399999999999
5.159999999999912,1.20731
5.164999999999912,1.2173200000000002
5.169999999999912,1.2109
5.174999999999912,1.20725
5.179999999999912,1.2180600000000001
5.184999999999912,1.20757
5.189999999999912,1.21669
5.1949999999999115,1.2222899999999999
5.199999999999911,1.2186700000000001
5.204999999999911,1.21899
5.209999999999911,1.21851
5.214999999999911,1.21641
5.219999999999911,1.21127
5.224999999999911,1.2065700000000001
5.229999999999911,1.2141
5.234999999999911,1.2127
5.2399999999999105,1.2192399999999999
5.24499999999991,1.22383
5.24999999999991,1.2178
5.25499999999991,1.2123
5.25999999999991,1.22197
5.26499999999991,1.21726
5.26999999999991,1.22384
5.27499999999991,1.19702
5.27999999999991,1.2112
5.2849999999999095,1.21337
5.289999999999909,1.21422
5.294999999999909,1.22114
5.299999999999909,1.2186299999999999
5.304999999999909,1.20612
5.309999999999909,1.21685
5.314999999999909,1.21765
5.319999999999909,1.1935
5.324999999999909,1.20621
5.329999999999909,1.21393
5.3349999999999085,1.2116
5.339999999999908,1.2133399999999999
5.344999999999908,1.22376
5.349999999999908,1.2076200000000001
5.354999999999908,1.22059
5.359999999999908,1.21468
5.364999999999908,1.2292100000000001
5.369999999999908,1.21985
5.374999999999908,1.21081
5.3799999999999075,1.22676
5.384999999999907,1.2231
5.389999999999907,1.21414
5.394999999999907,1.2170299999999998
5.399999999999907,1.21364
5.404999999999907,1.2120799999999998
5.409999999999907,1.2092
5.414999999999907,1.22114
5.419999999999907,1.21036
5.424999999999907,1.21536
5.4299999999999065,1.21356
5.434999999999906,1.20038
5.439999999999906,1.20912
5.444999999999906,1.21088
5.449999999999906,1.21599
5.454999999999906,1.20185
5.459999999999906,1.18828
5.464999999999906,1.22027
5.469999999999906,1.20084
5.4749999999999055,1.21864
5.479999999999905,1.21465
5.484999999999905,1.2162899999999999
5.489999999999905,1.23238
5.494999999999905,1.21997
5.499999999999905,1.22114
5.504999999999905,1.205
5.509999999999905,1.21785
5.514999999999905,1.21485
5.5199999999999045,1.20603
5.524999999999904,1.222
5.529999999999904,1.21347
5.534999999999904,1.21164
5.539999999999904,1.20973
5.544999999999904,1.21181
5.549999999999904,1.21773
5.554999999999904,1.21861
5.559999999999904,1.21574
5.564999999999904,1.2211100000000001
5.5699999999999035,1.20584
5.574999999999903,1.2214200000000002
5.579999999999903,1.2214399999999999
5.584999999999903,1.20329
5.589999999999903,1.2127700000000001
5.594999999999903,1.2102600000000001
5.599999999999903,1.22532
5.604999999999903,1.21538
5.609999999999903,1.22658
5.6149999999999025,1.2281
5.619999999999902,1.22054
5.624999999999902,1.22245
5.629999999999902,1.2229
5.634999999999902,1.20193
5.639999999999902,1.2168
5.644999999999902,1.22399
5.649999999999902,1.2133399999999999
5.654999999999902,1.19676
5.6599999999999016,1.20957
5.6649999999999014,1.2181899999999999
5.669999999999901,1.22904
5.674999999999901,1.2142899999999999
5.679999999999901,1.23037
5.684999999999901,1.2143700000000002
5.689999999999901,1.20527
5.694999999999901,1.20771
5.699999999999901,1.21367
5.704999999999901,1.20961
5.7099999999999005,1.21315
5.7149999999999,1.22386
5.7199999999999,1.21643
5.7249999999999,1.21351
5.7299999999999,1.2280200000000001
5.7349999999999,1.19001
5.7399999999999,1.21294
5.7449999999999,1.20814
5.7499999999999,1.22835
5.7549999999998995,1.21496
5.759999999999899,1.2243
5.764999999999899,1.21886
5.769999999999899,1.20079
5.774999999999899,1.21854
5.779999999999899,1.21881
5.784999999999899,1.2124700000000002
5.789999999999899,1.22614
5.794999999999899,1.22859
5.799999999999899,1.22015
5.8049999999998985,1.21645
5.809999999999898,1.22156
5.814999999999898,1.2252399999999999
5.819999999999898,1.21007
5.824999999999898,1.21413
5.829999999999898,1.20907
5.834999999999898,1.22011
5.839999999999898,1.21357
5.844999999999898,1.1964
5.8499999999998975,1.21225
5.854999999999897,1.21662
5.859999999999897,1.21899
5.864999999999897,1.23254
5.869999999999897,1.2188
5.874999999999897,1.21349
5.879999999999897,1.2088299999999998
5.884999999999897,1.2002700000000002
5.889999999999897,1.22014
5.8949999999998965,1.21359
5.899999999999896,1.21325
5.904999999999896,1.21022
5.909999999999896,1.2064
5.914999999999896,1.21599
5.919999999999896,1.22042
5.924999999999896,1.19323
5.929999999999896,1.21402
5.934999999999896,1.2092399999999999
5.939999999999896,1.22678
5.9449999999998955,1.22183
5.949999999999895,1.20951
5.954999999999895,1.2163700000000002
5.959999999999895,1.2103700000000002
5.964999999999895,1.2191
5.969999999999895,1.1978600000000001
5.974999999999895,1.22266
5.979999999999895,1.21579
5.984999999999895,1.2218
5.9899999999998945,1.22653
5.994999999999894,1.21344
5.999999999999894,1.2143899999999999
6.004999999999894,1.1993200000000002
6.009999999999894,1.20897
6.014999999999894,1.22419
6.019999999999894,1.20691
6.024999999999894,1.2158799999999998
6.029999999999894,1.21875
6.034999999999894,1.21753
6.0399999999998935,1.212
6.044999999999893,1.21349
6.049999999999893,1.22061
6.054999999999893,1.21031
6.059999999999893,1.2027
6.064999999999893,1.21591
6.069999999999893,1.22833
6.074999999999893,1.21783
6.079999999999893,1.2108
6.0849999999998925,1.21791
6.089999999999892,1.2084
6.094999999999892,1.22017
6.099999999999892,1.2223600000000001
6.104999999999892,1.2235200000000002
6.109999999999892,1.21718
6.114999999999892,1.21254
6.119999999999892,1.22065
6.124999999999892,1.22079
6.1299999999998915,1.22443
6.134999999999891,1.2166700000000001
6.139999999999891,1.21736
6.144999999999891,1.21403
6.149999999999891,1.21224
6.154999999999891,1.21173
6.159999999999891,1.21154
6.164999999999891,1.21907
6.169999999999891,1.21381
6.174999999999891,1.19854
6.1799999999998905,1.21759
6.18499999999989,1.20917
6.18999999999989,1.2146
6.19499999999989,1.20706
6.19999999999989,1.2181799999999998
6.20499999999989,1.2289700000000001
6.20999999999989,1.22628
6.21499999999989,1.21212
6.21999999999989,1.21682
6.2249999999998895,1.20381
6.229999999999889,1.21733
6.234999999999889,1.22076
6.239999999999889,1.2200799999999998
6.244999999999889,1.21383
6.249999999999889,1.21377
6.254999999999889,1.20925
6.259999999999889,1.2213100000000001
6.264999999999889,1.2228299999999999
6.2699999999998886,1.21897
6.2749999999998884,1.2161
6.279999999999888,1.2186700000000001
6.284999999999888,1.2159799999999998
6.289999999999888,1.2151299999999998
6.294999999999888,1.2212100000000001
6.299999999999888,1.21337
6.304999999999888,1.2201
6.309999999999888,1.21995
6.314999999999888,1.21997
6.3199999999998875,1.20786
6.324999999999887,1.21279
6.329999999999887,1.22186
6.334999999999887,1.2069299999999998
6.339999999999887,1.21369
6.344999999999887,1.22475
6.349999999999887,1.2230299999999998
6.354999999999887,1.21436
6.359999999999887,1.22695
6.3649999999998865,1.19084
6.369999999999886,1.20937
6.374999999999886,1.22555
6.379999999999886,1.21449
6.384999999999886,1.21849
6.389999999999886,1.2228700000000001
6.394999999999886,1.23194
6.399999999999886,1.2272
6.404999999999886,1.21374
6.409999999999886,1.21556
6.4149999999998855,1.21282
6.419999999999885,1.2166700000000001
6.424999999999885,1.22814
6.429999999999885,1.2298
6.434999999999885,1.2137
6.439999999999885,1.22551
6.444999999999885,1.2156200000000001
6.449999999999885,1.21328
6.454999999999885,1.22271
6.4599999999998845,1.21469
6.464999999999884,1.2195
6.469999999999884,1.2192100000000001
6.474999999999884,1.20687
6.479999999999884,1.2060899999999999
6.484999999999884,1.22
6.489999999999884,1.20551
6.494999999999884,1.21183
6.499999999999884,1.216
6.5049999999998835,1.2253100000000001
6.509999999999883,1.2151399999999999
6.514999999999883,1.21326
6.519999999999883,1.21036
6.524999999999883,1.2064700000000002
6.529999999999883,1.22499
6.534999999999883,1.2142899999999999
6.539999999999883,1.21914
6.544999999999883,1.223
6.549999999999883,1.2168299999999999
6.5549999999998825,1.21793
6.559999999999882,1.2258200000000001
6.564999999999882,1.22128
6.569999999999882,1.2151399999999999
6.574999999999882,1.21274
6.579999999999882,1.21242
6.584999999999882,1.21726
6.589999999999882,1.21119
6.594999999999882,1.21955
6.5999999999998815,1.21929
6.604999999999881,1.2215
6.609999999999881,1.2161600000000001
6.614999999999881,1.21994
6.619999999999881,1.20025
6.624999999999881,1.22852
6.629999999999881,1.21548
6.634999999999881,1.21234
6.639999999999881,1.2305700000000002
6.644999999999881,1.22912
6.6499999999998805,1.20632
6.65499999999988,1.22072
6.65999999999988,1.21116
6.66499999999988,1.21845
6.66999999999988,1.2246700000000001
6.67499999999988,1.2162
6.67999999999988,1.21153
6.68499999999988,1.20841
6.68999999999988,1.21466
6.6949999999998795,1.22116
6.699999999999879,1.22231
6.704999999999879,1.2224899999999999
6.709999999999879,1.22455
6.714999999999879,1.23366
6.719999999999879,1.2177
6.724999999999879,1.2222
6.729999999999879,1.21527
6.734999999999879,1.205
6.7399999999998785,1.21435
6.744999999999878,1.22196
6.749999999999878,1.22256
6.754999999999878,1.22044
6.759999999999878,1.22235
6.764999999999878,1.2208
6.769999999999878,1.21682
6.774999999999878,1.22315
6.779999999999878,1.2085299999999999
6.784999999999878,1.22508
6.7899999999998775,1.22187
6.794999999999877,1.20573
6.799999999999877,1.20689
6.804999999999877,1.21476
6.809999999999877,1.21855
6.814999999999877,1.20704
6.819999999999877,1.2241600000000001
6.824999999999877,1.21596
6.829999999999877,1.22348
6.8349999999998765,1.22217
6.839999999999876,1.20828
6.844999999999876,1.2228299999999999
6.849999999999876,1.2071100000000001
6.854999999999876,1.2108700000000001
6.859999999999876,1.21607
6.864999999999876,1.2281600000000001
6.869999999999876,1.21907
6.874999999999876,1.20659
6.8799999999998755,1.2176200000000001
6.884999999999875,1.2147700000000001
6.889999999999875,1.21383
6.894999999999875,1.21864
6.899999999999875,1.2246
6.904999999999875,1.2136200000000001
6.909999999999875,1.2122700000000002
6.914999999999875,1.2094799999999999
6.919999999999875,1.21681
6.924999999999875,1.22684
6.9299999999998745,1.2152399999999999
6.934999999999874,1.21563
6.939999999999874,1.2213100000000001
6.944999999999874,1.21243
6.949999999999874,1.2246700000000001
6.954999999999874,1.22098
6.959999999999874,1.20999
6.964999999999874,1.24471
6.969999999999874,1.2224700000000002
6.9749999999998735,1.21643
6.979999999999873,1.2248
6.984999999999873,1.23232
6.989999999999873,1.2220799999999998
6.994999999999873,1.2146700000000001
6.999999999999873,1.2086
7.004999999999873,1.2212100000000001
7.009999999999873,1.22758
7.014999999999873,1.22177
7.019999999999873,1.2084700000000002
7.0249999999998725,1.2081899999999999
7.029999999999872,1.21126
7.034999999999872,1.20717
7.039999999999872,1.22684
7.044999999999872,1.20603
7.049999999999872,1.20981
7.054999999999872,1.2257799999999999
7.059999999999872,1.21259
7.064999999999872,1.23244
7.0699999999998715,1.2192100000000001
7.074999999999871,1.19868
7.079999999999871,1.22225
7.084999999999871,1.22395
7.089999999999871,1.20835
7.094999999999871,1.22969
7.099999999999871,1.21821
7.104999999999871,1.2098200000000001
7.109999999999871,1.22764
7.1149999999998705,1.22458
7.11999999999987,1.2127
7.12499999999987,1.21984
7.12999999999987,1.2166700000000001
7.13499999999987,1.2282
7.13999999999987,1.21276
7.14499999999987,1.22117
7.14999999999987,1.22469
7.15499999999987,1.21743
7.15999999999987,1.2288
7.1649999999998695,1.23094
7.169999999999869,1.22448
7.174999999999869,1.21231
7.179999999999869,1.2353100000000001
7.184999999999869,1.21181
7.189999999999869,1.209
7.194999999999869,1.22175
7.199999999999869,1.20486
7.204999999999869,1.2084700000000002
7.2099999999998685,1.22438
7.214999999999868,1.21609
7.219999999999868,1.2171
7.224999999999868,1.2259200000000001
7.229999999999868,1.22317
7.234999999999868,1.22617
7.239999999999868,1.2376
7.244999999999868,1.22901
7.249999999999868,1.23926
7.2549999999998676,1.22
7.2599999999998674,1.2288
7.264999999999867,1.22885
7.269999999999867,1.22254
7.274999999999867,1.2252100000000001
7.279999999999867,1.2214399999999999
7.284999999999867,1.22809
7.289999999999867,1.21973
7.294999999999867,1.20775
7.299999999999867,1.2225700000000002
7.3049999999998665,1.22175
7.309999999999866,1.2072200000000002
7.314999999999866,1.22167
7.319999999999866,1.2138
7.324999999999866,1.21951
7.329999999999866,1.2250299999999998
7.334999999999866,1.2187299999999999
7.339999999999866,1.20507
7.344999999999866,1.2103
7.3499999999998655,1.22671
7.354999999999865,1.22003
7.359999999999865,1.21679
7.364999999999865,1.22414
7.369999999999865,1.2191299999999998
7.374999999999865,1.2203700000000002
7.379999999999865,1.22317
7.384999999999865,1.2273
7.389999999999865,1.21736
7.394999999999865,1.2328299999999999
7.3999999999998645,1.24163
7.404999999999864,1.22261
7.409999999999864,1.21675
7.414999999999864,1.21627
7.419999999999864,1.22118
7.424999999999864,1.21849
7.429999999999864,1.23069
7.434999999999864,1.2084
7.439999999999864,1.2044700000000002
7.4449999999998635,1.22957
7.449999999999863,1.2135200000000002
7.454999999999863,1.21865
7.459999999999863,1.21262
7.464999999999863,1.20435
7.469999999999863,1.2207
7.474999999999863,1.22448
7.479999999999863,1.22355
7.484999999999863,1.2212
7.4899999999998625,1.22315
7.494999999999862,1.21652
7.499999999999862,1.2151
7.504999999999862,1.20937
7.509999999999862,1.2179
7.514999999999862,1.21898
7.519999999999862,1.21413
7.524999999999862,1.2219200000000001
7.529999999999862,1.22298
7.534999999999862,1.2339200000000001
7.5399999999998615,1.22453
7.544999999999861,1.22166
7.549999999999861,1.22738
7.554999999999861,1.20002
7.559999999999861,1.2240799999999998
7.564999999999861,1.21888
7.569999999999861,1.21707
7.574999999999861,1.22428
7.579999999999861,1.21193
7.5849999999998605,1.22414
7.58999999999986,1.2171
7.59499999999986,1.21715
7.59999999999986,1.21717
7.60499999999986,1.2155200000000002
7.60999999999986,1.21646
7.61499999999986,1.21557
7.61999999999986,1.22844
7.62499999999986,1.22421
7.62999999999986,1.22114
7.6349999999998595,1.2164
7.639999999999859,1.21617
7.644999999999859,1.22035
7.649999999999859,1.22658
7.654999999999859,1.2290299999999998
7.659999999999859,1.23065
7.664999999999859,1.23727
7.669999999999859,1.21965
7.674999999999859,1.2083700000000002
7.6799999999998585,1.21694
7.684999999999858,1.22607
7.689999999999858,1.22738
7.694999999999858,1.2253
7.699999999999858,1.23234
7.704999999999858,1.2163
7.709999999999858,1.22695
7.714999999999858,1.23385
7.719999999999858,1.22235
7.7249999999998575,1.22045
7.729999999999857,1.2315399999999999
7.734999999999857,1.2284
7.739999999999857,1.2223600000000001
7.744999999999857,1.22338
7.749999999999857,1.21412
7.754999999999857,1.22358
7.759999999999857,1.2166700000000001
7.764999999999857,1.22666
7.769999999999857,1.2227299999999999
7.7749999999998565,1.20222
7.779999999999856,1.22823
7.784999999999856,1.21617
7.789999999999856,1.22684
7.794999999999856,1.2224899999999999
7.799999999999856,1.22046
7.804999999999856,1.2297
7.809999999999856,1.22525
7.814999999999856,1.22013
7.8199999999998555,1.2220799999999998
7.824999999999855,1.21651
7.829999999999855,1.22658
7.834999999999855,1.21948
7.839999999999855,1.2187
7.844999999999855,1.2239799999999998
7.849999999999855,1.21795
7.854999999999855,1.23405
7.859999999999855,1.2321
7.8649999999998546,1.21862
7.8699999999998544,1.2248299999999999
7.874999999999854,1.22518
7.879999999999854,1.2388
7.884999999999854,1.2161899999999999
7.889999999999854,1.22565
7.894999999999854,1.20533
7.899999999999854,1.2212100000000001
7.904999999999854,1.23631
7.909999999999854,1.22869
7.9149999999998535,1.22425
7.919999999999853,1.2244700000000002
7.924999999999853,1.21695
7.929999999999853,1.23784
7.934999999999853,1.2183899999999999
7.939999999999853,1.21898
7.944999999999853,1.23044
7.949999999999853,1.2131399999999999
7.954999999999853,1.23258
7.9599999999998525,1.22425
7.964999999999852,1.21985
7.969999999999852,1.2096200000000001
7.974999999999852,1.22705
7.979999999999852,1.21761
7.984999999999852,1.2301
7.989999999999852,1.22967
7.994999999999852,1.23559
7.999999999999852,1.22197
8.004999999999852,1.22564
8.009999999999852,1.22624
8.014999999999853,1.22462
8.019999999999854,1.2226299999999999
8.024999999999855,1.2258
8.029999999999855,1.23015
8.034999999999856,1.23319
8.039999999999857,1.234
8.044999999999858,1.21638
8.049999999999859,1.2202600000000001
8.05499999999986,1.22466
8.05999999999986,1.21166
8.064999999999861,1.21789
8.069999999999862,1.22609
8.074999999999863,1.2244
8.079999999999863,1.2248
8.084999999999864,1.2034200000000002
8.089999999999865,1.21754
8.094999999999866,1.21869
8.099999999999866,1.23107
8.104999999999867,1.21668
8.109999999999868,1.2234200000000002
8.114999999999869,1.21249
8.11999999999987,1.22059
8.12499999999987,1.22438
8.129999999999871,1.22625
8.134999999999872,1.22776
8.139999999999873,1.22676
8.144999999999873,1.2301799999999998
8.149999999999874,1.22499
8.154999999999875,1.21909
8.159999999999876,1.2295200000000002
8.164999999999877,1.21965
8.169999999999877,1.21916
8.174999999999878,1.22738
8.179999999999879,1.2180799999999998
8.18499999999988,1.22126
8.18999999999988,1.22874
8.194999999999881,1.2166
8.199999999999882,1.2335399999999999
8.204999999999883,1.22902
8.209999999999884,1.21845
8.214999999999884,1.23412
8.219999999999885,1.22419
8.224999999999886,1.2115799999999999
8.229999999999887,1.22033
8.234999999999888,1.2188299999999999
8.239999999999888,1.21971
8.244999999999889,1.22717
8.24999999999989,1.21452
8.25499999999989,1.20801
8.259999999999891,1.21155
8.264999999999892,1.21507
8.269999999999893,1.2503799999999998
8.274999999999894,1.22464
8.279999999999895,1.20405
8.284999999999895,1.2288
8.289999999999896,1.20403
8.294999999999897,1.22669
8.299999999999898,1.21323
8.304999999999898,1.21265
8.3099999999999,1.21974
8.3149999999999,1.2285700000000002
8.3199999999999,1.2212100000000001
8.324999999999902,1.21488
8.329999999999902,1.20965
8.334999999999903,1.20276
8.339999999999904,1.22165
8.344999999999905,1.21185
8.349999999999905,1.22658
8.354999999999906,1.2249
8.359999999999907,1.23694
8.364999999999908,1.2077799999999999
8.369999999999909,1.2152399999999999
8.37499999999991,1.19721
8.37999999999991,1.21456
8.384999999999911,1.2234200000000002
8.389999999999912,1.22143
8.394999999999913,1.20327
8.399999999999913,1.17801
8.404999999999914,1.1078
8.409999999999915,1.17072
8.414999999999916,1.17743
8.419999999999916,1.19222
8.424999999999917,1.2076
8.429999999999918,1.20539
8.434999999999919,1.2342899999999999
8.43999999999992,1.24403
8.44499999999992,1.24165
8.449999999999921,1.22901
8.454999999999922,1.23942
8.459999999999923,1.24076
8.464999999999923,1.24774
8.469999999999924,1.25329
8.474999999999925,1.23098
8.479999999999926,1.25274
8.484999999999927,1.2403
8.489999999999927,1.2440799999999999
8.494999999999928,1.24207
8.499999999999929,1.2335
8.50499999999993,1.2379799999999999
8.50999999999993,1.2227700000000001
8.514999999999931,1.22292
8.519999999999932,1.20886
8.524999999999933,1.22919
8.529999999999934,1.2172399999999999
8.534999999999934,1.2296
8.539999999999935,1.22525
8.544999999999936,1.22631
8.549999999999937,1.23089
8.554999999999938,1.2167299999999999
8.559999999999938,1.21212
8.564999999999939,1.22583
8.56999999999994,1.22602
8.57499999999994,1.22097
8.579999999999941,1.2292299999999998
8.584999999999942,1.2214399999999999
8.589999999999943,1.21317
8.594999999999944,1.2131399999999999
8.599999999999945,1.21316
8.604999999999945,1.23832
8.609999999999946,1.21851
8.614999999999947,1.22528
8.619999999999948,1.22635
8.624999999999948,1.21659
8.62999999999995,1.22202
8.63499999999995,1.23545
8.63999999999995,1.21356
8.644999999999952,1.20852
8.649999999999952,1.21771
8.654999999999953,1.2110299999999998
8.659999999999954,1.22035
8.664999999999955,1.23225
8.669999999999956,1.22244
8.674999999999956,1.21891
8.679999999999957,1.21056
8.684999999999958,1.20349
8.689999999999959,1.23396
8.69499999999996,1.23088
8.69999999999996,1.24252
8.704999999999961,1.22275
8.709999999999962,1.21539
8.714999999999963,1.22088
8.719999999999963,1.22585
8.724999999999964,1.2235
8.729999999999965,1.22486
8.734999999999966,1.21507
8.739999999999966,1.2284899999999999
8.744999999999967,1.226
8.749999999999968,1.22696
8.754999999999969,1.22034
8.75999999999997,1.21145
8.76499999999997,1.23469
8.769999999999971,1.21634
8.774999999999972,1.22846
8.779999999999973,1.22314
8.784999999999973,1.22126
8.789999999999974,1.22596
8.794999999999975,1.22806
8.799999999999976,1.24452
8.804999999999977,1.23574
8.809999999999977,1.2187
8.814999999999978,1.21789
8.819999999999979,1.20869
8.82499999999998,1.21613
8.82999999999998,1.23157
8.834999999999981,1.2103700000000002
8.839999999999982,1.2118
8.844999999999983,1.21251
8.849999999999984,1.21749
8.854999999999984,1.21923
8.859999999999985,1.22445
8.864999999999986,1.21571
8.869999999999987,1.23394
8.874999999999988,1.2282600000000001
8.879999999999988,1.23692
8.88499999999999,1.2149299999999998
8.88999999999999,1.2208
8.89499999999999,1.21948
8.899999999999991,1.2171
8.904999999999992,1.2241
8.909999999999993,1.21628
8.914999999999994,1.2085
8.919999999999995,1.22526
8.924999999999995,1.23025
8.929999999999996,1.2099799999999998
8.934999999999997,1.21702
8.939999999999998,1.2055200000000001
8.944999999999999,1.21225
8.95,1.22676
8.955,1.23692
8.96,1.21137
8.965000000000002,1.2208299999999999
8.970000000000002,1.22055
8.975000000000003,1.20986
8.980000000000004,1.21681
8.985000000000005,1.21315
8.990000000000006,1.20604
8.995000000000006,1.21723
9.000000000000007,1.2243600000000001
9.005000000000008,1.22764
9.010000000000009,1.22832
9.01500000000001,1.23486
9.02000000000001,1.22793
9.025000000000011,1.21633
9.030000000000012,1.2215
9.035000000000013,1.22774
9.040000000000013,1.22403
9.045000000000014,1.22154
9.050000000000015,1.21632
9.055000000000016,1.20894
9.060000000000016,1.21202
9.065000000000017,1.22271
9.070000000000018,1.2194
9.075000000000019,1.22403
9.08000000000002,1.23512
9.08500000000002,1.21769
9.090000000000021,1.21297
9.095000000000022,1.2218
9.100000000000023,1.23335
9.105000000000024,1.22112
9.110000000000024,1.20113
9.115000000000025,1.22475
9.120000000000026,1.21153
9.125000000000027,1.22727
9.130000000000027,1.21834
9.135000000000028,1.22281
9.140000000000029,1.21296
9.14500000000003,1.2203899999999999
9.15000000000003,1.23491
9.155000000000031,1.23074
9.160000000000032,1.2178200000000001
9.165000000000033,1.22875
9.170000000000034,1.2239799999999998
9.175000000000034,1.22061
9.180000000000035,1.21297
9.185000000000036,1.22454
9.190000000000037,1.24432
9.195000000000038,1.20676
9.200000000000038,1.2433299999999998
9.20500000000004,1.22425
9.21000000000004,1.21285
9.21500000000004,1.2297200000000001
9.220000000000041,1.22337
9.225000000000042,1.22694
9.230000000000043,1.2181
9.235000000000044,1.22601
9.240000000000045,1.23561
9.245000000000045,1.22045
9.250000000000046,1.21299
9.255000000000047,1.2305700000000002
9.260000000000048,1.2259799999999998
9.265000000000049,1.2400799999999998
9.27000000000005,1.21081
9.27500000000005,1.21347
9.28000000000005,1.23118
9.285000000000052,1.2193399999999999
9.290000000000052,1.2468299999999999
9.295000000000053,1.2181899999999999
9.300000000000054,1.23529
9.305000000000055,1.2314100000000001
9.310000000000056,1.22053
9.315000000000056,1.23286
9.320000000000057,1.21589
9.325000000000058,1.22585
9.330000000000059,1.23809
9.33500000000006,1.2253
9.34000000000006,1.21271
9.345000000000061,1.22514
9.350000000000062,1.19652
9.355000000000063,1.2288299999999999
9.360000000000063,1.23526
9.365000000000064,1.24522
9.370000000000065,1.24581
9.375000000000066,1.22112
9.380000000000067,1.21024
9.385000000000067,1.21886
9.390000000000068,1.23369
9.395000000000069,1.21862
9.40000000000007,1.22502
9.40500000000007,1.24771
9.410000000000071,1.20563
9.415000000000072,1.2220600000000001
9.420000000000073,1.2261
9.425000000000074,1.2286700000000002
9.430000000000074,1.22685
9.435000000000075,1.21537
9.440000000000076,1.23899
9.445000000000077,1.2257
9.450000000000077,1.23054
9.455000000000078,1.22695
9.460000000000079,1.2099799999999998
9.46500000000008,1.22722
9.47000000000008,1.23311
9.475000000000081,1.21236
9.480000000000082,1.23114
9.485000000000083,1.22997
9.490000000000084,1.23498
9.495000000000084,1.2348700000000001
9.500000000000085,1.23148
9.505000000000086,1.2194200000000002
9.510000000000087,1.21607
9.515000000000088,1.23417
9.520000000000088,1.2248700000000001
9.52500000000009,1.21876
9.53000000000009,1.22431
9.53500000000009,1.22517
9.540000000000092,1.2082600000000001
9.545000000000092,1.22294
9.550000000000093,1.21051
9.555000000000094,1.23491
9.560000000000095,1.22869
9.565000000000095,1.22959
9.570000000000096,1.2327700000000001
9.575000000000097,1.22032
9.580000000000098,1.22461
9.585000000000099,1.20973
9.5900000000001,1.23835
9.5950000000001,1.22161
9.600000000000101,1.21991
9.605000000000102,1.2175799999999999
9.610000000000102,1.20801
9.615000000000103,1.23106
9.620000000000104,1.2370299999999999
9.625000000000105,1.2140600000000001
9.630000000000106,1.2197200000000001
9.635000000000106,1.2397200000000002
9.640000000000107,1.2393100000000001
9.645000000000108,1.2302899999999999
9.650000000000109,1.224
9.65500000000011,1.24201
9.66000000000011,1.21138
9.665000000000111,1.23319
9.670000000000112,1.2291
9.675000000000113,1.21518
9.680000000000113,1.2071
9.685000000000114,1.21394
9.690000000000115,1.2169299999999998
9.695000000000116,1.2198
9.700000000000117,1.23124
9.705000000000117,1.2235
9.710000000000118,1.2272399999999999
9.715000000000119,1.2273100000000001
9.72000000000012,1.22404
9.72500000000012,1.23068
9.730000000000121,1.2413399999999999
9.735000000000122,1.21682
9.740000000000123,1.23407
9.745000000000124,1.2272299999999998
9.750000000000124,1.226
9.755000000000125,1.22325
9.760000000000126,1.22977
9.765000000000127,1.2269
9.770000000000127,1.21623
9.775000000000128,1.21586
9.780000000000129,1.23968
9.78500000000013,1.2189299999999998
9.79000000000013,1.23669
9.795000000000131,1.21274
9.800000000000132,1.22411
9.805000000000133,1.2410700000000001
9.810000000000134,1.21156
9.815000000000135,1.23242
9.820000000000135,1.23784
9.825000000000136,1.21498
9.830000000000137,1.21479
9.835000000000138,1.22092
9.840000000000138,1.23046
9.84500000000014,1.21288
9.85000000000014,1.2297
9.85500000000014,1.22957
9.860000000000142,1.2325
9.865000000000142,1.21341
9.870000000000143,1.23406
9.875000000000144,1.2373100000000001
9.880000000000145,1.2359
9.885000000000145,1.21759
9.890000000000146,1.23246
9.895000000000147,1.22367
9.900000000000148,1.2265700000000002
9.905000000000149,1.2342
9.91000000000015,1.21389
9.91500000000015,1.22671
9.920000000000151,1.24248
9.925000000000152,1.23111
9.930000000000152,1.21777
9.935000000000153,1.2137799999999999
9.940000000000154,1.2199200000000001
9.945000000000155,1.22302
9.950000000000156,1.22628
9.955000000000156,1.23143
9.960000000000157,1.21621
9.965000000000158,1.2320200000000001
9.970000000000159,1.22265
9.97500000000016,1.23783
