pt1_X,pt1_Y,pt1_Z,pt2_X,pt2_Y,pt2_Z,pt3_X,pt3_Y,pt3_Z,pt4_X,pt4_Y,pt4_Z,pt5_X,pt5_Y,pt5_Z,pt6_X,pt6_Y,pt6_Z,pt7_X,pt7_Y,pt7_Z
25.715609,3.479495,16.828071,26.288919,3.395360,17.256752,26.340667,3.613279,16.195441,26.458196,1.528964,14.655875,27.607872,1.415407,13.427677,NaN,NaN,NaN,25.498297,0.497976,12.598012
25.719816,3.447818,16.844126,26.244699,3.409970,17.206712,26.322820,3.615531,16.212339,26.467397,1.489938,14.751610,27.631409,1.414651,13.412476,NaN,NaN,NaN,25.507724,0.608247,12.480794
25.719816,3.447818,16.844126,26.243449,3.401445,17.207601,26.323483,3.617135,16.210999,26.467397,1.489938,14.751610,27.631409,1.414651,13.412476,NaN,NaN,NaN,25.507069,0.608702,12.478957
25.719816,3.447818,16.844126,26.243032,3.398604,17.207897,26.322782,3.616052,16.212768,26.467397,1.489938,14.751610,27.631409,1.414651,13.412476,NaN,NaN,NaN,25.507026,0.609217,12.479390
25.719816,3.447818,16.844126,26.243032,3.398604,17.207897,26.322782,3.616052,16.212768,26.467397,1.489938,14.751610,27.631409,1.414651,13.412476,NaN,NaN,NaN,25.507026,0.609217,12.479390
25.719816,3.447818,16.844126,26.240718,3.395029,17.213755,26.322782,3.616052,16.212768,26.467397,1.489938,14.751610,27.631409,1.414651,13.412476,NaN,NaN,NaN,25.507069,0.608702,12.478957
25.719816,3.447818,16.844126,26.240718,3.395029,17.213755,26.322782,3.616052,16.212768,26.467397,1.489938,14.751610,27.631409,1.414651,13.412476,NaN,NaN,NaN,25.507026,0.609217,12.479390
25.719816,3.447818,16.844126,26.241135,3.397871,17.213459,26.322782,3.616052,16.212768,26.467397,1.489938,14.751610,27.631368,1.415167,13.412904,NaN,NaN,NaN,25.507026,0.609217,12.479390
25.719816,3.447818,16.844126,26.241135,3.397871,17.213459,26.322782,3.616052,16.212768,26.467267,1.489068,14.751696,27.631409,1.414651,13.412476,NaN,NaN,NaN,25.507026,0.609217,12.479390
25.719854,3.447295,16.843695,26.241135,3.397871,17.213459,26.322782,3.616052,16.212768,26.467397,1.489938,14.751610,27.631409,1.414651,13.412476,NaN,NaN,NaN,25.507026,0.609217,12.479390
25.719816,3.447818,16.844126,26.241135,3.397871,17.213459,26.323487,3.615103,16.214201,26.467267,1.489068,14.751696,27.632119,1.413693,13.413879,NaN,NaN,NaN,25.507069,0.608702,12.478957
25.719816,3.447818,16.844126,26.241842,3.396916,17.214906,26.322782,3.616052,16.212768,26.466739,1.488319,14.752929,27.631409,1.414651,13.412476,NaN,NaN,NaN,25.507026,0.609217,12.479390
25.719816,3.447818,16.844126,26.246595,3.410702,17.201151,26.322077,3.617001,16.211334,26.467397,1.489938,14.751610,27.631409,1.414651,13.412476,NaN,NaN,NaN,25.507026,0.609217,12.479390
25.720519,3.446863,16.845570,26.247340,3.409225,17.202165,26.323487,3.615103,16.214201,26.466698,1.488837,14.753362,27.631409,1.414651,13.412476,NaN,NaN,NaN,25.507026,0.609217,12.479390
25.719854,3.447295,16.843695,26.246633,3.410179,17.200719,26.322077,3.617001,16.211334,26.467267,1.489068,14.751696,27.632119,1.413693,13.413879,NaN,NaN,NaN,25.507724,0.608247,12.480794
25.720519,3.446863,16.845570,26.246886,3.406906,17.202894,26.322782,3.616052,16.212768,26.467226,1.489586,14.752129,27.632119,1.413693,13.413879,NaN,NaN,NaN,25.507724,0.608247,12.480794
25.720519,3.446863,16.845570,26.251096,3.411214,17.191474,26.323487,3.615103,16.214201,26.468103,1.488972,14.753034,27.632119,1.413693,13.413879,NaN,NaN,NaN,25.507026,0.609217,12.479390
25.721604,3.454159,16.844829,26.251096,3.411214,17.191474,26.322782,3.616052,16.212768,26.468103,1.488972,14.753034,27.632119,1.413693,13.413879,NaN,NaN,NaN,25.507026,0.609217,12.479390
25.719694,3.456869,16.851594,26.232335,3.385889,17.236166,26.323483,3.617135,16.210999,26.467405,1.487872,14.754786,27.632830,1.412734,13.415283,NaN,NaN,NaN,25.507026,0.609217,12.479390
25.719694,3.456869,16.851594,26.233004,3.385457,17.238046,26.378184,3.565476,16.345917,26.466568,1.487967,14.753448,27.631991,1.412824,13.413963,NaN,NaN,NaN,25.507724,0.608247,12.480794
25.719694,3.456869,16.851594,26.233042,3.384933,17.237613,26.372813,3.570681,16.338188,26.466609,1.487449,14.753016,27.632119,1.413693,13.413879,NaN,NaN,NaN,25.507026,0.609217,12.479390
25.719029,3.457301,16.849719,26.232335,3.385889,17.236166,26.361013,3.585541,16.314528,26.466609,1.487449,14.753016,27.631991,1.412824,13.413963,NaN,NaN,NaN,25.507724,0.608247,12.480794
25.719067,3.456778,16.849287,26.232373,3.385365,17.235734,26.360888,3.587270,16.315944,26.467316,1.486483,14.754440,27.632015,1.410764,13.417107,NaN,NaN,NaN,25.507724,0.608247,12.480794
25.718364,3.457733,16.847843,26.231665,3.386321,17.234287,26.367765,3.579568,16.331607,26.466479,1.486579,14.753102,27.631991,1.412824,13.413963,NaN,NaN,NaN,25.507632,0.606867,12.480442
25.718364,3.457733,16.847843,26.231665,3.386321,17.234287,26.365178,3.583582,16.328359,26.466528,1.483995,14.755846,27.632057,1.410248,13.416679,NaN,NaN,NaN,25.507632,0.606867,12.480442
25.718364,3.457733,16.847843,26.231665,3.386321,17.234287,26.363095,3.583266,16.320779,26.465821,1.484960,14.754422,27.631346,1.411207,13.415275,NaN,NaN,NaN,25.507767,0.607733,12.480361
25.718364,3.457733,16.847843,26.231665,3.386321,17.234287,26.360185,3.583597,16.316385,26.465691,1.484090,14.754508,27.631346,1.411207,13.415275,NaN,NaN,NaN,25.507632,0.606867,12.480442
25.718364,3.457733,16.847843,26.231249,3.383479,17.234584,26.359807,3.586195,16.319302,26.465691,1.484090,14.754508,27.631305,1.411722,13.415703,NaN,NaN,NaN,25.507632,0.606867,12.480442
25.718364,3.457733,16.847843,26.231249,3.383479,17.234584,26.359932,3.584466,16.317886,26.465691,1.484090,14.754508,27.631218,1.410338,13.415359,NaN,NaN,NaN,25.507632,0.606867,12.480442
25.717699,3.458164,16.845967,26.230580,3.383911,17.232704,26.321699,3.612387,16.214795,26.465691,1.484090,14.754508,27.631177,1.410853,13.415787,NaN,NaN,NaN,25.507632,0.606867,12.480442
25.717661,3.458687,16.846399,26.230125,3.381592,17.233433,26.320998,3.611304,16.216564,26.464992,1.482990,14.756260,27.630466,1.411812,13.414384,NaN,NaN,NaN,25.507632,0.606867,12.480442
25.717699,3.458164,16.845967,26.230163,3.381069,17.233001,26.321699,3.612387,16.214795,26.465691,1.484090,14.754508,27.631177,1.410853,13.415787,NaN,NaN,NaN,25.506978,0.607322,12.478605
25.717699,3.458164,16.845967,26.230163,3.381069,17.233001,26.320998,3.611304,16.216564,26.465821,1.484960,14.754422,27.631305,1.411722,13.415703,NaN,NaN,NaN,25.507632,0.606867,12.480442
25.717699,3.458164,16.845967,26.233957,3.382537,17.221875,26.321699,3.612387,16.214795,26.464951,1.483508,14.756693,27.630619,1.410620,13.417443,NaN,NaN,NaN,25.506935,0.607836,12.479037
25.717699,3.458164,16.845967,26.233957,3.382537,17.221875,26.321661,3.612908,16.215224,26.466528,1.483995,14.755846,27.631177,1.410853,13.415787,NaN,NaN,NaN,25.506935,0.607836,12.479037
25.717661,3.458687,16.846399,26.241924,3.388840,17.199756,26.321826,3.613248,16.214709,26.465780,1.485478,14.754854,27.631177,1.410853,13.415787,NaN,NaN,NaN,25.506935,0.607836,12.479037
25.718364,3.457733,16.847843,26.236233,3.386636,17.216448,26.321826,3.613248,16.214709,26.466487,1.484513,14.756279,27.631305,1.411722,13.415703,NaN,NaN,NaN,25.507767,0.607733,12.480361
25.718364,3.457733,16.847843,26.234626,3.382105,17.223754,26.321826,3.613248,16.214709,26.465780,1.485478,14.754854,27.631305,1.411722,13.415703,NaN,NaN,NaN,25.507069,0.608702,12.478957
25.720779,3.459194,16.841139,26.233919,3.383060,17.222306,26.321826,3.613248,16.214709,26.465739,1.485997,14.755287,27.631263,1.412238,13.416131,NaN,NaN,NaN,25.507767,0.607733,12.480361
25.720817,3.458671,16.840707,26.234626,3.382105,17.223754,26.321826,3.613248,16.214709,26.466487,1.484513,14.756279,27.631974,1.411279,13.417535,NaN,NaN,NaN,25.507767,0.607733,12.480361
25.723813,3.463257,16.833200,26.234626,3.382105,17.223754,26.321826,3.613248,16.214709,26.466576,1.485901,14.756625,27.631974,1.411279,13.417535,NaN,NaN,NaN,25.507767,0.607733,12.480361
25.723775,3.463780,16.833632,26.234588,3.382628,17.224185,26.322528,3.614330,16.212941,26.467316,1.486483,14.754440,27.632015,1.410764,13.417107,NaN,NaN,NaN,25.507589,0.607381,12.480874
25.724355,3.466906,16.832829,26.234626,3.382105,17.223754,26.321826,3.613248,16.214709,26.467275,1.487002,14.754873,27.631974,1.411279,13.417535,NaN,NaN,NaN,25.507724,0.608247,12.480794
25.725058,3.465951,16.834273,26.239254,3.389256,17.212036,26.322528,3.614330,16.212941,26.467275,1.487002,14.754873,27.631974,1.411279,13.417535,NaN,NaN,NaN,25.507724,0.608247,12.480794
25.725058,3.465951,16.834273,26.239254,3.389256,17.212036,26.322528,3.614330,16.212941,26.466576,1.485901,14.756625,27.632015,1.410764,13.417107,NaN,NaN,NaN,25.507724,0.608247,12.480794
25.725020,3.466474,16.834704,26.239254,3.389256,17.212036,26.322528,3.614330,16.212941,26.467981,1.486036,14.756297,27.631287,1.410177,13.419275,NaN,NaN,NaN,25.507724,0.608247,12.480794
25.725020,3.466474,16.834704,26.244588,3.395451,17.201766,26.323233,3.613381,16.214374,26.467316,1.486483,14.754440,27.631974,1.411279,13.417535,NaN,NaN,NaN,25.507767,0.607733,12.480361
25.725058,3.465951,16.834273,26.244588,3.395451,17.201766,26.321861,3.614758,16.211079,26.467981,1.486036,14.756297,27.631974,1.411279,13.417535,NaN,NaN,NaN,25.508426,0.609344,12.479081
25.725058,3.465951,16.834273,26.245421,3.401133,17.201175,26.322528,3.614330,16.212941,26.467981,1.486036,14.756297,27.632725,1.409805,13.418511,NaN,NaN,NaN,25.508470,0.608830,12.478648
25.720978,3.454068,16.842523,26.236167,3.386832,17.224609,26.321826,3.613248,16.214709,26.468022,1.485518,14.755864,27.632684,1.410321,13.418939,NaN,NaN,NaN,25.508470,0.608830,12.478648
25.720978,3.454068,16.842523,26.235498,3.387264,17.222730,26.321826,3.613248,16.214709,26.468022,1.485518,14.755864,27.631974,1.411279,13.417535,NaN,NaN,NaN,25.508470,0.608830,12.478648
25.720313,3.454499,16.840647,26.240087,3.394938,17.211445,26.321826,3.613248,16.214709,26.468022,1.485518,14.755864,27.631201,1.408793,13.418931,NaN,NaN,NaN,25.508470,0.608830,12.478648
25.720313,3.454499,16.840647,26.240125,3.394415,17.211013,26.321699,3.612387,16.214795,26.467892,1.484648,14.755951,27.631159,1.409308,13.419359,NaN,NaN,NaN,25.507632,0.606867,12.480442
25.720313,3.454499,16.840647,26.240125,3.394415,17.211013,26.321826,3.613248,16.214709,26.467981,1.486036,14.756297,27.631974,1.411279,13.417535,NaN,NaN,NaN,25.508470,0.608830,12.478648
25.720313,3.454499,16.840647,26.240125,3.394415,17.211013,26.321160,3.613675,16.212847,26.467892,1.484648,14.755951,27.632039,1.408703,13.420251,NaN,NaN,NaN,25.508470,0.608830,12.478648
25.720275,3.455022,16.841079,26.239380,3.395893,17.209998,26.321788,3.613769,16.215138,26.467851,1.485166,14.756384,27.631869,1.408350,13.420763,NaN,NaN,NaN,25.508470,0.608830,12.478648
25.719572,3.455977,16.839634,26.239380,3.395893,17.209998,26.320995,3.613336,16.213362,26.467144,1.486132,14.754959,27.631974,1.411279,13.417535,NaN,NaN,NaN,25.508335,0.607963,12.478729
25.719572,3.455977,16.839634,26.239380,3.395893,17.209998,26.321699,3.612387,16.214795,26.467981,1.486036,14.756297,27.631287,1.410177,13.419275,NaN,NaN,NaN,25.508470,0.608830,12.478648
25.718869,3.456931,16.838190,26.238673,3.396848,17.208551,26.320382,3.613635,16.215473,26.467932,1.488621,14.753553,27.631932,1.411795,13.417963,NaN,NaN,NaN,25.508335,0.607963,12.478729
25.718128,3.458409,16.837177,26.247599,3.415465,17.183810,26.320420,3.613114,16.215044,26.467940,1.486554,14.756730,27.631915,1.410250,13.421534,NaN,NaN,NaN,25.508426,0.609344,12.479081
25.717387,3.459886,16.836164,26.246854,3.416943,17.182795,26.319681,3.612553,16.217241,26.468029,1.487943,14.757076,27.632001,1.411634,13.421878,NaN,NaN,NaN,25.508426,0.609344,12.479081
25.711578,3.464091,16.847607,26.245440,3.418852,17.179902,26.317573,3.611337,16.219344,26.467370,1.490814,14.756430,27.632047,1.413533,13.422650,NaN,NaN,NaN,25.508518,0.610725,12.479433
25.709432,3.467477,16.843706,26.235596,3.412995,17.192549,26.315465,3.610120,16.221447,26.466013,1.492586,14.757536,27.630072,1.417632,13.422698,NaN,NaN,NaN,25.508518,0.610725,12.479433
25.706506,3.472864,16.839223,26.218771,3.396938,17.223203,26.313446,3.610286,16.223893,26.464656,1.494357,14.758642,27.629366,1.421006,13.422494,NaN,NaN,NaN,25.508609,0.612106,12.479786
25.703618,3.477727,16.834310,26.217348,3.399698,17.213011,26.311469,3.607899,16.229111,26.461893,1.495993,14.760075,27.628101,1.424146,13.423946,NaN,NaN,NaN,25.508701,0.613487,12.480138
25.699287,3.485021,16.826940,26.209972,3.404379,17.210034,26.290818,3.646572,16.218815,26.460536,1.497765,14.761181,27.626213,1.429628,13.424338,NaN,NaN,NaN,25.507960,0.614970,12.479166
25.689186,3.495998,16.830577,26.199635,3.413274,17.217590,26.275599,3.667950,16.208818,26.457196,1.501236,14.761103,27.623570,1.434170,13.422555,NaN,NaN,NaN,25.508003,0.614456,12.478734
25.659516,3.465489,16.883478,26.193085,3.424484,17.206726,26.261698,3.678525,16.206477,26.455099,1.502425,14.764394,27.622434,1.438178,13.423923,NaN,NaN,NaN,25.506555,0.612433,12.478257
25.642825,3.477706,16.888256,26.165009,3.459596,17.159191,26.257166,3.673530,16.218598,26.452426,1.505450,14.766173,27.620436,1.444336,13.420828,NaN,NaN,NaN,25.506463,0.611053,12.477905
25.616057,3.515019,16.834225,26.152693,3.469652,17.165869,26.263500,3.664528,16.284259,26.396389,1.577001,14.577670,27.579269,1.464483,13.302414,25.442900,0.479544,12.560777,25.506329,0.610186,12.477986
25.602652,3.525601,16.848809,26.134051,3.469937,17.185125,26.242339,3.632335,16.351586,26.402726,1.596877,14.564866,27.557686,1.521215,13.295222,25.445342,0.488332,12.557650,25.505674,0.610641,12.476149
25.600709,3.548347,16.837302,26.122805,3.482796,17.198581,26.228028,3.640545,16.346318,26.402887,1.614911,14.573446,27.576101,1.494573,13.328993,25.453030,0.464746,12.592984,25.504231,0.611028,12.476890
25.593721,3.561334,16.839145,26.098663,3.471060,17.240520,26.199809,3.679938,16.319183,26.389447,1.623250,14.566610,27.582408,1.507812,13.370323,25.451121,0.475859,12.586301,25.502831,0.610900,12.477199
25.576024,3.583651,16.855645,26.083977,3.479781,17.238878,26.192826,3.695357,16.335955,26.389545,1.610636,14.596492,27.573648,1.515864,13.348206,25.452021,0.468583,12.596987,25.501484,0.614733,12.475175
25.556076,3.589976,16.861229,26.081918,3.518454,17.197176,26.183897,3.719087,16.349049,26.392438,1.640772,14.601567,27.567272,1.525735,13.337245,25.437052,0.476674,12.596356,25.500084,0.614606,12.475484
25.499133,3.606162,16.845329,26.040723,3.557927,17.156903,26.154468,3.771103,16.330567,26.365630,1.645191,14.636364,27.554465,1.548216,13.317939,25.437771,0.455168,12.618394,25.498775,0.615859,12.476145
25.462877,3.589914,16.901015,26.014536,3.595554,17.197231,26.132630,3.789653,16.326882,26.352708,1.660234,14.612447,27.548390,1.594863,13.321798,25.430687,0.443821,12.636503,25.497423,0.617627,12.477238
25.453825,3.623736,16.893126,25.979777,3.587823,17.245259,26.102087,3.810497,16.339745,26.343459,1.691850,14.623184,27.543326,1.602845,13.323983,25.428406,0.459336,12.633542,25.496114,0.618880,12.477899
25.435919,3.673674,16.903208,25.950751,3.614745,17.281382,26.071003,3.806255,16.397703,26.309884,1.748726,14.581359,27.531351,1.626963,13.321589,25.433741,0.466887,12.636377,25.493319,0.621035,12.479733
25.390804,3.700625,16.930727,25.906112,3.667498,17.225354,26.033287,3.862801,16.368507,26.305324,1.757024,14.599860,27.511536,1.654781,13.292186,25.434448,0.478239,12.639443,25.491356,0.623087,12.482892
25.358873,3.744267,16.877511,25.875370,3.683336,17.253108,26.004573,3.913456,16.362485,26.273728,1.754015,14.647119,27.500048,1.675354,13.286036,25.421954,0.491402,12.615672,25.488695,0.626108,12.484646
25.340020,3.777884,16.880832,25.855283,3.714141,17.251365,25.977261,3.963822,16.363017,26.254380,1.791546,14.638888,27.482179,1.715229,13.293670,25.417449,0.492213,12.593959,25.486688,0.628674,12.488237
25.308442,3.816737,16.874072,25.812970,3.756319,17.278450,25.933383,4.007456,16.361137,26.249678,1.809261,14.662242,27.446241,1.688135,13.362116,25.397842,0.481320,12.617796,25.483287,0.633179,12.489019
25.240533,3.864304,16.904444,25.757387,3.805587,17.279573,25.878560,4.037545,16.388659,26.229488,1.855423,14.659696,27.420330,1.723736,13.425002,25.403629,0.491625,12.622227,25.481507,0.637992,12.492882
25.181967,3.936942,16.881274,25.728701,3.855109,17.295826,25.858036,4.055956,16.394316,26.211282,1.903668,14.652905,27.350386,1.738128,13.551527,25.404706,0.515002,12.612080,25.478332,0.644744,12.493936
25.142374,3.970396,16.913905,25.666969,3.905500,17.270940,25.807051,4.130682,16.360508,26.188669,1.943714,14.638301,27.358492,1.832751,13.462205,25.398731,0.523319,12.600031,25.473848,0.652749,12.495651
25.115859,4.023850,16.920328,25.624947,3.950394,17.313586,25.759854,4.183693,16.372553,26.165658,1.978118,14.640203,27.328217,1.862776,13.506777,25.389535,0.535366,12.618567,25.470153,0.661509,12.503456
25.069740,4.071494,16.955765,25.557428,4.016956,17.310343,25.693256,4.231800,16.377702,26.126441,1.984717,14.715634,27.291572,1.876545,13.523912,25.390261,0.536641,12.616375,25.465507,0.676735,12.513669
24.991196,4.114561,16.974519,25.518043,4.064265,17.322204,25.659785,4.298733,16.410061,26.083431,2.072010,14.682843,27.254499,1.945367,13.533978,25.382517,0.551241,12.630525,25.457886,0.688911,12.519122
24.950717,4.252856,16.888901,25.471521,4.128917,17.361902,25.593820,4.380862,16.399676,26.049562,2.117041,14.671975,27.217026,1.994370,13.554004,25.382145,0.555641,12.634250,25.450351,0.700404,12.528045
24.883358,4.261321,16.968323,25.407015,4.215634,17.344113,25.526979,4.442516,16.427074,26.016615,2.178235,14.665716,27.185459,2.026191,13.549658,25.380746,0.557526,12.656728,25.423361,0.677506,12.583018
24.809120,4.337174,16.946750,25.326261,4.279691,17.340100,25.446414,4.555088,16.371049,25.957809,2.294960,14.645897,27.151624,2.077945,13.560479,25.362861,0.596979,12.643918,25.402320,0.707398,12.557948
24.774935,4.407713,16.937677,25.269698,4.324459,17.373100,25.390648,4.575229,16.448823,25.883540,2.340646,14.677857,27.100676,2.131124,13.590465,25.361461,0.631696,12.647421,25.394403,0.725243,12.563308
24.654783,4.450144,17.015973,25.215679,4.463491,17.286365,25.330834,4.664538,16.439588,25.834157,2.420064,14.663043,27.024128,2.215588,13.609706,25.338854,0.635073,12.670463,25.387290,0.746218,12.571306
24.581997,4.573998,16.981674,25.116281,4.524097,17.329004,25.226175,4.758904,16.451395,25.786982,2.423942,14.724270,27.011962,2.298262,13.530499,25.330431,0.652836,12.704905,25.380847,0.773967,12.584791
24.486591,4.628393,16.994975,25.064487,4.615976,17.337508,25.161146,4.849613,16.431677,25.719697,2.512250,14.701410,26.926720,2.328838,13.608532,25.310376,0.723113,12.732533,25.374164,0.804726,12.591527
24.446679,4.750103,16.994316,24.959817,4.672132,17.375397,25.093174,4.917559,16.463564,25.665281,2.599773,14.688274,26.856021,2.412202,13.630364,25.310535,0.698166,12.754921,25.365193,0.831502,12.599578
24.349960,4.820416,16.979181,24.883960,4.813365,17.335791,25.012664,5.012135,16.495736,25.591945,2.636776,14.745359,26.818504,2.436376,13.658370,25.291227,0.733159,12.779341,25.351101,0.847896,12.623588
24.254045,4.904875,16.977885,24.776446,4.874299,17.358903,24.914827,5.051004,16.526061,25.480610,2.738200,14.729252,26.708186,2.583777,13.625638,25.268493,0.749527,12.807604,25.335258,0.865874,12.650151
24.154639,5.007725,16.986447,24.691041,4.994596,17.350784,24.795218,5.188734,16.484849,25.412917,2.825783,14.739797,26.669966,2.607370,13.654022,25.234120,0.759114,12.852285,25.304932,0.863854,12.709332
24.046818,5.033177,17.098476,24.616737,5.087650,17.366400,24.701280,5.279780,16.476274,25.324307,2.959328,14.703356,26.565444,2.735345,13.644801,25.208706,0.817279,12.836975,25.291798,0.905023,12.725269
23.968750,5.169424,17.044422,24.485993,5.139994,17.420736,24.618924,5.404001,16.487066,25.220326,3.027160,14.731801,26.504396,2.809323,13.685963,25.180940,0.792674,12.897684,25.263184,0.969174,12.707656
23.863822,5.286666,17.052437,24.386379,5.246203,17.412470,24.498019,5.516869,16.504201,25.123251,3.085042,14.770968,26.413391,2.879167,13.780043,25.151522,0.895359,12.881351,25.244117,1.009396,12.743437
23.749929,5.382957,17.064647,24.277802,5.356748,17.413724,24.367004,5.626091,16.535422,25.041989,3.191034,14.764645,26.337793,2.910297,13.811056,25.123967,0.964205,12.895977,25.217768,1.046523,12.792038
23.630331,5.484783,17.091230,24.180135,5.486239,17.388407,24.259569,5.733810,16.553914,24.914959,3.289865,14.779159,26.207795,3.052474,13.838833,25.097488,1.061963,12.887590,25.179456,1.085850,12.859151
23.543840,5.637276,17.021444,24.057063,5.600677,17.412079,24.182560,5.815628,16.580892,24.810731,3.362710,14.830693,26.147712,3.127275,13.806291,25.066704,1.049807,12.980371,25.143687,1.154118,12.888057
23.398280,5.714927,17.089346,23.940292,5.695625,17.397613,24.049618,5.943798,16.574834,24.683238,3.499117,14.812538,26.027319,3.229930,13.837921,24.979194,1.147899,13.028925,25.098043,1.250960,12.890809
23.280937,5.839235,17.081300,23.824826,5.830861,17.391199,23.911275,6.057440,16.576525,24.565299,3.630881,14.813099,25.887692,3.419270,13.886887,24.952997,1.244066,13.016767,25.040940,1.298893,12.981748
23.189022,6.023068,17.039185,23.671909,5.887521,17.471284,23.781285,6.205810,16.530346,24.431864,3.732415,14.838481,25.787895,3.526504,13.925058,24.882740,1.323027,13.087058,24.976862,1.440063,12.979605
23.036587,6.079775,17.113241,23.561060,6.048877,17.456995,23.644956,6.310603,16.565529,24.288496,3.885227,14.828820,25.653864,3.633926,13.913503,24.806708,1.391116,13.182163,24.909094,1.510323,13.082793
22.895962,6.199866,17.137711,23.432762,6.172771,17.446743,23.521929,6.416064,16.548178,24.148700,3.965680,14.826202,25.525858,3.829100,13.887592,24.700647,1.547748,13.179264,24.815694,1.601001,13.120673
22.738125,6.350316,17.090456,23.289994,6.333076,17.378047,23.359166,6.568216,16.552823,24.037651,4.122008,14.827662,25.398505,3.979843,13.948197,24.637240,1.632652,13.279161,24.732099,1.737003,13.098830
22.588622,6.429308,17.123247,23.122183,6.397719,17.481226,23.209476,6.671117,16.572960,23.892350,4.248410,14.851737,25.275897,4.077267,14.004274,24.545929,1.786733,13.276905,24.626642,1.848414,13.143086
22.445042,6.548810,17.156524,22.973058,6.504869,17.529829,23.061996,6.725476,16.633167,23.728756,4.368580,14.849195,25.148445,4.246192,14.005824,24.459245,1.935905,13.378506,24.500849,1.974900,13.189628
22.284476,6.649355,17.164373,22.825201,6.637718,17.501401,22.925265,6.884862,16.634432,23.549269,4.555044,14.821941,24.944394,4.453422,14.003754,24.325863,2.060191,13.388643,24.395170,2.159015,13.199419
22.134242,6.831902,17.104759,22.653349,6.746168,17.473034,22.759201,7.026731,16.631218,23.392628,4.689595,14.830108,24.799840,4.609099,13.996199,24.204626,2.226924,13.399575,NaN,NaN,NaN
21.985530,6.965480,17.044854,22.491037,6.906837,17.434415,22.574342,7.144632,16.616581,23.206855,4.934714,14.784248,24.617465,4.742798,14.001009,24.066090,2.419202,13.459652,NaN,NaN,NaN
21.794930,7.052110,17.135060,22.325757,7.022293,17.466244,22.414917,7.303653,16.593371,23.034452,5.057803,14.770623,24.439023,4.931084,14.023685,23.910056,2.589592,13.566245,NaN,NaN,NaN
21.635104,7.179370,17.166593,22.158617,7.133815,17.509674,22.221517,7.375871,16.634376,22.847058,5.150431,14.844563,24.274856,5.113550,14.032430,23.747542,2.703353,13.558450,NaN,NaN,NaN
21.427104,7.286925,17.175797,21.966615,7.284813,17.488466,22.070322,7.511352,16.687946,22.691636,5.339908,14.775377,24.069806,5.246770,14.068980,23.558770,2.934680,13.537744,NaN,NaN,NaN
21.235160,7.443010,17.153431,21.778637,7.422240,17.447591,21.910387,7.661979,16.652777,22.520708,5.483069,14.796392,23.877794,5.436890,14.050720,23.420617,3.047462,13.640061,NaN,NaN,NaN
21.063747,7.564348,17.190385,21.590090,7.526892,17.527635,21.685071,7.823234,16.626369,22.309379,5.638635,14.836708,23.708833,5.604554,14.091183,23.225456,3.249998,13.613111,22.406525,5.593020,14.954983
20.870050,7.724586,17.191919,21.387869,7.652459,17.551728,21.502124,7.907136,16.660315,22.115234,5.801646,14.789767,23.499151,5.764040,14.078129,22.967456,3.406766,13.711107,NaN,NaN,NaN
20.681888,7.867150,17.163156,21.195325,7.817433,17.531924,21.274293,8.065574,16.641367,21.931405,5.964020,14.844450,23.267472,5.940574,14.072312,22.749397,3.672742,13.655885,NaN,NaN,NaN
20.453300,7.973844,17.215887,20.986519,7.942621,17.543107,21.048934,8.191107,16.693380,21.776894,6.128619,14.781032,23.066454,6.119643,14.053716,22.524680,3.897799,13.551871,NaN,NaN,NaN
20.249893,8.132221,17.191177,20.786575,8.098206,17.510642,20.872094,8.360093,16.647697,21.474100,6.251782,14.830124,22.850698,6.278561,14.076190,22.280310,4.080871,13.561540,22.440681,3.759847,14.414866
20.044896,8.270543,17.181609,20.572283,8.235863,17.530596,20.650526,8.489387,16.678064,21.292301,6.410609,14.833430,22.626433,6.511230,13.962654,22.014882,4.253087,13.648854,NaN,NaN,NaN
19.765248,8.348243,17.267385,20.344919,8.370749,17.491354,20.436943,8.575422,16.759885,21.096422,6.544893,14.821911,22.412908,6.647445,14.028258,21.813767,4.347990,13.768821,NaN,NaN,NaN
19.570061,8.524533,17.204747,20.124176,8.518331,17.496685,20.235162,8.738832,16.713689,20.827445,6.734040,14.883055,22.142117,6.834449,14.033372,21.563337,4.468668,13.843354,NaN,NaN,NaN
19.365282,8.684118,17.159348,19.905605,8.652361,17.490931,20.032368,8.857960,16.732218,20.597952,6.834294,14.905736,21.915959,6.890685,14.194300,21.247480,4.640301,13.854828,NaN,NaN,NaN
19.113483,8.769353,17.216157,19.695383,8.754782,17.552400,19.826747,8.953606,16.734761,20.425783,7.082833,14.753497,21.726330,7.125296,13.980196,20.956051,4.820105,13.916305,NaN,NaN,NaN
18.936101,8.915155,17.220483,19.454116,8.876573,17.586390,19.579330,9.120060,16.770558,20.183718,7.180776,14.812070,21.484177,7.228184,14.056629,20.573661,5.055161,13.841851,NaN,NaN,NaN
18.684053,9.038616,17.273384,19.219513,8.996120,17.593446,19.339989,9.261380,16.791399,20.014922,7.292949,14.862297,21.252749,7.359808,14.106620,20.334256,5.144053,13.886832,NaN,NaN,NaN
18.461745,9.154817,17.238134,19.002278,9.147700,17.557055,19.142742,9.384376,16.816974,19.751704,7.514593,14.756200,21.008926,7.574248,13.910283,20.013004,5.375557,13.897351,NaN,NaN,NaN
18.225340,9.276628,17.255880,18.784739,9.287201,17.533512,18.885500,9.458912,16.891428,19.514721,7.575907,14.874262,20.794787,7.689843,13.941701,19.758371,5.485701,13.841664,NaN,NaN,NaN
18.004895,9.419993,17.225182,18.532874,9.389672,17.573619,18.667786,9.591213,16.855932,19.266971,7.715553,14.878250,20.545931,7.839413,13.925258,19.369587,5.594155,13.956467,NaN,NaN,NaN
17.758363,9.524457,17.243103,18.292762,9.504363,17.574485,18.410614,9.765290,16.775364,19.019262,7.830577,14.895883,20.262715,7.912291,13.967468,19.061675,5.745550,13.915692,NaN,NaN,NaN
17.536179,9.660181,17.202016,18.050410,9.618751,17.583749,18.185817,9.863295,16.810205,18.796644,8.008415,14.827644,20.000180,7.998351,13.960690,18.711523,5.975558,13.878399,NaN,NaN,NaN
17.281564,9.739017,17.218482,17.831410,9.743857,17.524530,17.952102,9.951431,16.854114,18.537164,8.102775,14.826731,19.761248,8.110477,13.942807,18.420444,6.128413,13.817142,NaN,NaN,NaN
17.045178,9.864997,17.219592,17.581868,9.819521,17.545847,17.731124,10.097022,16.763919,18.306601,8.245061,14.814911,19.504075,8.265986,13.854013,18.040713,6.335292,13.772168,NaN,NaN,NaN
16.805562,9.967025,17.219890,17.335126,9.932312,17.566203,17.491094,10.175969,16.791022,18.079462,8.327101,14.872449,19.272963,8.415747,13.740150,17.693634,6.477440,13.759970,NaN,NaN,NaN
16.564921,10.056300,17.208869,17.101238,10.041133,17.552582,17.225227,10.311549,16.744182,17.801125,8.462961,14.845284,18.977402,8.443051,13.833680,17.368696,6.632514,13.728011,NaN,NaN,NaN
16.357653,10.065115,17.318648,16.865204,10.117077,17.522379,16.958224,10.342809,16.849238,17.546083,8.542477,14.856092,18.677887,8.498828,13.854829,17.031204,6.785233,13.691974,NaN,NaN,NaN
16.091429,10.188749,17.283984,16.605857,10.182396,17.570846,16.772243,10.444152,16.816750,17.353740,8.625462,14.839754,18.488135,8.596538,13.733973,16.688710,6.915885,13.698937,NaN,NaN,NaN
15.886732,10.201419,17.363676,16.393726,10.320895,17.519965,16.520210,10.521225,16.864693,17.082783,8.747226,14.838493,18.153769,8.765614,13.622438,16.377523,7.047551,13.644837,NaN,NaN,NaN
15.654870,10.325585,17.292603,16.149074,10.389786,17.518779,16.258493,10.591561,16.880538,16.844331,8.869710,14.745142,17.914007,8.712999,13.718476,16.078739,7.131889,13.674916,NaN,NaN,NaN
15.405661,10.395984,17.308488,15.927393,10.481235,17.503377,16.062649,10.704279,16.838067,16.608175,8.876012,14.811657,17.626725,8.765676,13.687401,15.759058,7.273293,13.699345,NaN,NaN,NaN
15.171235,10.464213,17.235761,15.702658,10.545806,17.550638,15.824791,10.791845,16.794042,16.336629,8.958978,14.817763,17.336862,8.810218,13.643500,15.405506,7.332370,13.799302,NaN,NaN,NaN
14.950960,10.548858,17.268710,15.463199,10.614002,17.551947,15.580928,10.855149,16.778693,16.139017,9.047751,14.788362,17.081110,8.883767,13.521999,15.087569,7.492241,13.747481,NaN,NaN,NaN
14.757841,10.560844,17.340194,15.223858,10.693792,17.561935,15.341447,10.953963,16.743986,15.874837,9.126853,14.748788,16.826595,8.895153,13.542352,14.807874,7.571889,13.767326,NaN,NaN,NaN
14.479023,10.681319,17.263563,15.014484,10.783427,17.491132,15.066785,11.053562,16.700172,15.658296,9.184248,14.702923,16.568048,8.959832,13.437369,14.498745,7.715191,13.680669,NaN,NaN,NaN
14.258553,10.697448,17.310191,14.775834,10.839410,17.486959,14.849682,11.084898,16.757228,15.403536,9.256115,14.662804,16.219984,8.925560,13.470427,14.176714,7.739369,13.752350,NaN,NaN,NaN
14.015069,10.735259,17.325629,14.547925,10.904537,17.504663,14.631568,11.135903,16.734263,15.191830,9.343561,14.543803,15.972114,9.013925,13.390337,13.927365,7.804664,13.771955,NaN,NaN,NaN
13.815884,10.812091,17.302580,14.322817,10.932894,17.553448,14.414043,11.211226,16.708035,14.909033,9.314576,14.649227,15.692290,9.016231,13.287374,13.594457,7.823194,13.797541,NaN,NaN,NaN
13.593077,10.969375,17.180000,14.115179,11.020429,17.505744,14.171699,11.215857,16.789099,14.714810,9.343242,14.619039,15.379524,8.987994,13.279051,13.325436,7.926538,13.729709,NaN,NaN,NaN
13.357686,10.978319,17.248262,13.882290,11.055143,17.485237,13.949557,11.287318,16.774150,14.450897,9.334016,14.563409,15.115621,9.043333,13.196984,13.043839,7.921968,13.762798,NaN,NaN,NaN
13.163278,11.013149,17.283187,13.650004,11.106750,17.483952,13.738015,11.300789,16.816394,14.196696,9.327229,14.614407,14.870354,8.982225,13.223423,12.752163,8.009097,13.735369,NaN,NaN,NaN
12.951362,11.037325,17.264791,13.437202,11.153423,17.483603,13.565108,11.385752,16.748407,13.939296,9.397051,14.519268,14.564352,8.992178,13.165201,12.430027,8.094293,13.709679,NaN,NaN,NaN
12.735853,11.091859,17.251448,13.225125,11.201770,17.492432,13.356513,11.441146,16.677258,13.702233,9.432711,14.454897,14.244788,9.037650,13.070737,12.191675,8.062253,13.795912,NaN,NaN,NaN
12.499720,11.110046,17.271836,12.998857,11.249990,17.484790,13.105496,11.466811,16.716579,13.488999,9.403794,14.458385,13.994414,9.010116,13.081700,11.833064,8.060986,13.805032,NaN,NaN,NaN
12.273203,11.153379,17.239343,12.753435,11.320115,17.458386,12.860792,11.493220,16.715971,13.243359,9.450712,14.408325,13.687641,9.002889,13.011203,11.552219,8.037275,13.870542,NaN,NaN,NaN
12.077952,11.176852,17.240606,12.556361,11.281234,17.532865,12.654914,11.535196,16.682343,13.028032,9.461882,14.363690,13.417527,8.935821,13.014985,11.281639,8.004813,13.943910,NaN,NaN,NaN
11.819174,11.221374,17.181037,12.368333,11.336482,17.524042,12.429078,11.602111,16.567995,12.764308,9.445791,14.375684,13.139629,8.923092,13.049894,11.015373,8.005067,13.909129,NaN,NaN,NaN
11.608767,11.197628,17.224151,12.166761,11.327288,17.558263,12.213386,11.622049,16.579981,12.528900,9.431014,14.369207,12.892623,8.897260,12.990981,10.779961,8.005248,13.927704,NaN,NaN,NaN
11.362407,11.271793,17.159507,11.938426,11.351004,17.528971,12.013153,11.655023,16.600887,12.278011,9.419421,14.391570,12.617734,8.857458,13.002451,10.429480,8.007075,13.948167,NaN,NaN,NaN
11.193147,11.282701,17.185624,11.722306,11.397556,17.481617,11.717312,11.614414,16.646032,12.006458,9.422283,14.340389,12.339423,8.854974,12.921806,10.196608,8.030443,13.938446,NaN,NaN,NaN
10.958372,11.293913,17.171766,11.482326,11.431976,17.464281,11.523744,11.622102,16.622081,11.761382,9.350645,14.386938,12.031049,8.734480,13.043721,9.910598,7.960670,14.021533,NaN,NaN,NaN
10.720394,11.319103,17.119754,11.263241,11.414917,17.512812,11.303306,11.549300,16.753853,11.506711,9.353766,14.336680,11.803301,8.733203,12.961611,9.654114,7.941384,14.057368,NaN,NaN,NaN
10.491510,11.355614,17.076109,11.056634,11.417398,17.505385,11.064980,11.619891,16.697176,11.260284,9.267821,14.449597,11.455051,8.688554,12.960200,9.393549,7.900678,14.083865,NaN,NaN,NaN
10.282360,11.367575,17.067481,10.829240,11.398825,17.525527,10.864656,11.616417,16.693421,10.986735,9.311141,14.367309,11.198315,8.692873,12.907310,9.123284,7.836430,14.079277,NaN,NaN,NaN
10.069350,11.393538,17.051579,10.600037,11.387863,17.546091,10.623170,11.623370,16.655768,10.735247,9.231526,14.450888,10.945830,8.580871,12.995686,8.811850,7.737562,14.198287,NaN,NaN,NaN
9.851937,11.393695,17.019110,10.383704,11.439326,17.480510,10.378110,11.629390,16.641018,10.542166,9.218644,14.447525,10.677392,8.518150,13.004509,8.575076,7.727261,14.192056,NaN,NaN,NaN
9.600405,11.351731,17.078562,10.170531,11.429783,17.427277,10.162396,11.633625,16.614423,10.289359,9.219028,14.357954,10.408819,8.512431,12.959329,8.294010,7.680396,14.159361,NaN,NaN,NaN
9.373421,11.237687,17.233351,9.908228,11.410890,17.452004,9.974063,11.629947,16.567603,10.053077,9.174052,14.406421,10.121750,8.505867,12.911289,8.071105,7.615254,14.244180,NaN,NaN,NaN
9.197969,11.208563,17.221519,9.708279,11.390522,17.485819,9.708087,11.630569,16.508892,9.806586,9.124400,14.502531,9.810504,8.435517,12.940048,7.779376,7.619587,14.151730,NaN,NaN,NaN
8.988433,11.235028,17.192051,9.500392,11.350429,17.539091,9.515282,11.641071,16.473863,9.566871,9.181992,14.358868,9.534036,8.409875,12.933456,7.538618,7.573328,14.161166,NaN,NaN,NaN
8.744899,11.246037,17.186646,9.235092,11.388318,17.422255,9.288103,11.584274,16.552794,9.331886,9.074893,14.424615,9.280939,8.263042,13.063822,7.244460,7.466091,14.261927,NaN,NaN,NaN
8.516023,11.171868,17.211589,9.055853,11.293558,17.574718,9.085187,11.569541,16.538915,9.095002,9.002245,14.399232,9.062112,8.252274,13.015821,6.931072,7.382777,14.268014,NaN,NaN,NaN
8.272976,11.191324,17.117499,8.817661,11.285425,17.469873,8.846462,11.535355,16.530506,8.859427,8.945857,14.482247,8.728685,8.160482,13.035230,6.709530,7.327988,14.306992,NaN,NaN,NaN
8.088523,11.056942,17.223966,8.616475,11.251381,17.476504,8.636200,11.441843,16.624344,8.617927,8.891830,14.501826,8.459210,8.054222,13.095785,6.495425,7.348464,14.178409,NaN,NaN,NaN
7.871960,11.027057,17.233056,8.392203,11.164097,17.555448,8.400112,11.418682,16.598071,8.360189,8.859500,14.470554,8.226684,8.039946,13.043064,6.181342,7.228936,14.259830,NaN,NaN,NaN
7.661007,10.993806,17.252006,8.178752,11.179102,17.533730,8.162920,11.394189,16.593853,8.095802,8.773247,14.490507,7.961550,7.958398,13.057305,5.886615,7.180154,14.200876,NaN,NaN,NaN
7.422812,10.917643,17.303354,7.947693,11.113552,17.562174,7.939113,11.331063,16.586220,7.831594,8.745644,14.424578,7.682971,7.858773,13.108096,5.612903,7.050039,14.290409,NaN,NaN,NaN
7.193436,10.875977,17.255313,7.739557,11.092659,17.495221,7.704432,11.313836,16.522113,7.586306,8.671491,14.492225,7.419506,7.822164,13.121089,5.346920,7.026311,14.200127,NaN,NaN,NaN
6.931041,10.907991,17.138674,7.508182,11.012389,17.542393,7.467908,11.276886,16.479931,7.400926,8.583235,14.575223,7.150641,7.711948,13.084539,5.083415,6.987921,14.174423,NaN,NaN,NaN
6.749290,10.845458,17.148620,7.290685,10.981017,17.502485,7.239514,11.238951,16.465208,7.132600,8.537735,14.500797,6.874759,7.625198,13.107040,4.780708,6.839025,14.255278,NaN,NaN,NaN
6.509185,10.804176,17.111845,7.044418,10.899379,17.519051,7.041568,11.160810,16.484265,6.859674,8.397887,14.585650,6.621791,7.504606,13.191225,4.496186,6.766408,14.226653,NaN,NaN,NaN
6.303446,10.729810,17.120967,6.831004,10.869839,17.485351,6.843877,11.077631,16.523309,6.620006,8.378374,14.457975,6.372127,7.379216,13.258300,4.253152,6.663812,14.269236,NaN,NaN,NaN
6.068321,10.653610,17.149988,6.624350,10.779222,17.511411,6.599384,11.001152,16.515742,6.394072,8.361760,14.440596,6.059212,7.316691,13.190328,4.026931,6.568767,14.298136,NaN,NaN,NaN
5.791780,10.566705,17.145247,6.378892,10.708406,17.501622,6.401833,10.963173,16.470026,6.152518,8.258523,14.465433,5.819114,7.218938,13.277755,3.703607,6.397218,14.351216,NaN,NaN,NaN
5.588869,10.507336,17.100439,6.155221,10.646995,17.486617,6.178543,10.892263,16.459610,5.879669,8.086718,14.514844,5.556757,7.142017,13.265320,3.425289,6.292801,14.353834,NaN,NaN,NaN
5.412557,10.440938,17.082008,5.952545,10.576356,17.450808,5.922384,10.812303,16.491990,5.621928,7.946997,14.657707,5.310689,7.016780,13.312085,3.116808,6.199024,14.343878,NaN,NaN,NaN
5.216927,10.413476,17.013735,5.726275,10.490274,17.437856,5.725727,10.705895,16.503857,5.351931,7.948311,14.540352,5.020492,6.932275,13.307605,2.901785,6.114317,14.380761,NaN,NaN,NaN
4.952809,10.290097,17.040930,5.465560,10.394073,17.439705,5.486365,10.586358,16.605322,5.169055,7.829595,14.583010,4.757566,6.867446,13.220993,2.632347,6.012826,14.371988,NaN,NaN,NaN
4.705086,10.168566,17.082542,5.227737,10.305613,17.443217,5.270853,10.533879,16.511329,4.922319,7.745870,14.551195,4.467610,6.711364,13.342074,2.371018,5.893381,14.389256,NaN,NaN,NaN
4.492428,10.029842,17.158239,5.038634,10.208424,17.452307,5.032919,10.415986,16.545074,4.692460,7.644785,14.530949,4.207909,6.632520,13.303385,2.114862,5.807350,14.387573,NaN,NaN,NaN
4.269845,9.953244,17.171405,4.835106,10.120500,17.466403,4.790818,10.320647,16.502571,4.432216,7.590680,14.506548,3.955101,6.502525,13.368921,1.838428,5.630005,14.440178,NaN,NaN,NaN
4.068876,9.899185,17.129895,4.586205,10.039305,17.421892,4.582042,10.250738,16.477142,4.183098,7.449824,14.546775,3.695537,6.374615,13.440977,1.502392,5.435194,14.503919,NaN,NaN,NaN
3.799720,9.748136,17.171451,4.340142,9.929265,17.451115,4.368738,10.121188,16.538397,3.942942,7.357066,14.577204,3.415803,6.285707,13.378824,1.286060,5.315066,14.520160,NaN,NaN,NaN
3.635223,9.710136,17.068295,4.135155,9.813759,17.422764,4.122966,10.037723,16.484291,3.690624,7.231028,14.579191,3.180348,6.169491,13.458381,1.042575,5.248181,14.493071,NaN,NaN,NaN
3.380169,9.591826,17.082798,3.892372,9.737125,17.352706,3.911473,9.925372,16.453233,3.493929,7.127854,14.575635,2.892248,5.980200,13.538142,0.803522,5.152659,14.480781,NaN,NaN,NaN
3.187269,9.546641,17.007419,3.688248,9.629315,17.383177,3.675223,9.802880,16.452184,3.220644,7.006071,14.591020,2.642838,5.921874,13.466031,0.556683,5.018730,14.450279,NaN,NaN,NaN
2.941317,9.312672,17.124577,3.477021,9.480238,17.439873,3.438763,9.706860,16.463759,2.933848,6.846499,14.585816,2.417733,5.773573,13.475075,0.337381,4.895130,14.453103,NaN,NaN,NaN
2.709331,9.165380,17.139787,3.267471,9.289981,17.536622,3.233334,9.576760,16.490211,2.710976,6.711056,14.662217,2.145826,5.634408,13.512453,0.043406,4.664681,14.561484,NaN,NaN,NaN
2.465773,9.037623,17.155654,3.009502,9.222063,17.480058,3.012037,9.459653,16.463543,2.503339,6.573712,14.716731,1.899494,5.505276,13.555514,-0.195842,4.569416,14.479687,NaN,NaN,NaN
2.262435,8.929135,17.158419,2.794833,9.091170,17.397283,2.804143,9.339198,16.501696,2.270063,6.455018,14.675722,1.642748,5.384268,13.573144,-0.467736,4.384772,14.493082,NaN,NaN,NaN
2.019264,8.795766,17.178906,2.578587,8.939952,17.472803,2.569315,9.147635,16.562046,1.988828,6.281056,14.734314,1.425794,5.190317,13.579908,-0.632420,4.295129,14.446221,NaN,NaN,NaN
1.788953,8.671297,17.147698,2.337853,8.807862,17.472054,2.339472,9.041342,16.509913,1.759495,6.135212,14.742233,1.236230,5.100274,13.495144,-0.915373,4.069049,14.472340,NaN,NaN,NaN
1.557546,8.562203,17.089670,2.130224,8.656536,17.493599,2.100679,8.902596,16.507889,1.526535,6.019871,14.684868,1.008080,4.913954,13.623762,-1.140134,3.913269,14.453295,NaN,NaN,NaN
1.364024,8.454285,17.051533,1.906890,8.536493,17.444072,1.886572,8.740839,16.530287,1.305050,5.875490,14.720128,0.748744,4.715082,13.656434,-1.335906,3.724073,14.540415,NaN,NaN,NaN
1.148841,8.284954,17.108793,1.681472,8.388764,17.484922,1.632170,8.550657,16.563821,1.032836,5.721819,14.705076,0.496857,4.532130,13.721411,-1.569947,3.633111,14.392120,NaN,NaN,NaN
0.919678,8.105356,17.118350,1.464221,8.231248,17.456547,1.423124,8.397657,16.621026,0.831597,5.585734,14.691973,0.280322,4.470673,13.604962,-1.825519,3.431757,14.403711,NaN,NaN,NaN
0.727029,7.922388,17.138429,1.206958,8.058751,17.503427,1.210027,8.240645,16.584668,0.587513,5.424169,14.677058,0.045663,4.301342,13.578380,-2.039718,3.256296,14.382691,NaN,NaN,NaN
0.466634,7.815912,17.082008,1.000001,7.906976,17.504340,0.987157,8.143822,16.501887,0.390235,5.217998,14.796712,-0.179641,4.088254,13.681963,-2.258959,2.996802,14.498546,NaN,NaN,NaN
0.221112,7.662741,17.067146,0.761429,7.743657,17.487052,0.737555,7.953586,16.546987,0.170318,5.106812,14.706339,-0.362819,3.926657,13.694448,-2.452777,2.886789,14.372440,NaN,NaN,NaN
0.003873,7.519892,17.085578,0.558176,7.608518,17.445565,0.524572,7.841962,16.490950,-0.041640,4.935493,14.726687,-0.616741,3.691081,13.702365,-2.685219,2.638955,14.423078,NaN,NaN,NaN
-0.208385,7.333386,17.082253,0.303576,7.391862,17.490327,0.300180,7.644186,16.528926,-0.236848,4.793364,14.692909,-0.826835,3.537958,13.680414,-2.904562,2.412987,14.453895,NaN,NaN,NaN
-0.413150,7.116501,17.182378,0.099229,7.220794,17.517341,0.089926,7.486588,16.480765,-0.473327,4.603579,14.685719,-1.059267,3.344904,13.705353,-3.110640,2.192681,14.467402,NaN,NaN,NaN
-0.653609,6.891004,17.207320,-0.118596,7.047647,17.522155,-0.155279,7.260801,16.563140,-0.699347,4.441727,14.651576,-1.277203,3.113505,13.775782,-3.311117,2.013250,14.430595,NaN,NaN,NaN
-0.852326,6.756584,17.183435,-0.338616,6.896869,17.472254,-0.376628,7.086144,16.559280,-0.947760,4.232352,14.704490,-1.526436,2.975562,13.688075,-3.498762,1.818448,14.413624,NaN,NaN,NaN
-1.082319,6.553098,17.212167,-0.576961,6.722683,17.461006,-0.604836,6.855782,16.642913,-1.181431,3.993093,14.778641,-1.720666,2.710034,13.848040,-3.774178,1.533113,14.481116,NaN,NaN,NaN
-1.286259,6.393040,17.186432,-0.787529,6.535462,17.472148,-0.824045,6.706534,16.560064,-1.377027,3.823800,14.787445,-1.919861,2.560675,13.738518,-3.948377,1.323487,14.435496,NaN,NaN,NaN
-1.539145,6.135792,17.249793,-1.023770,6.326059,17.470522,-1.035078,6.526632,16.557091,-1.620972,3.629211,14.729876,-2.135032,2.406222,13.723312,-4.153873,1.077573,14.473726,NaN,NaN,NaN
-1.731325,6.007464,17.182106,-1.205673,6.235054,17.372240,-1.243954,6.361595,16.484945,-1.832197,3.457479,14.695497,-2.302629,2.233282,13.720578,-4.352843,0.924682,14.458013,NaN,NaN,NaN
-1.972449,5.853942,17.140564,-1.461306,6.030428,17.392833,-1.464084,6.149887,16.577258,-2.020433,3.319209,14.748685,-2.506922,2.055659,13.711288,-4.506180,0.846706,14.463955,NaN,NaN,NaN
-2.172554,5.703558,17.123125,-1.640475,5.886920,17.377555,-1.673946,6.032837,16.448183,-2.251311,3.142215,14.740135,-2.698855,1.953074,13.625889,-4.710615,0.696302,14.568617,NaN,NaN,NaN
-2.388139,5.544224,17.136265,-1.862254,5.746488,17.343151,-1.897099,5.850674,16.530796,-2.440267,2.980932,14.758185,-2.840150,1.885477,13.561810,-4.830244,0.606635,14.581519,NaN,NaN,NaN
-2.602083,5.369794,17.167336,-2.072215,5.575948,17.414538,-2.126249,5.728818,16.487821,-2.650788,2.821761,14.775009,-3.043344,1.750371,13.571952,-4.990702,0.466602,14.611410,NaN,NaN,NaN
-2.810283,5.214617,17.147926,-2.271389,5.433986,17.442136,-2.315940,5.589277,16.479262,-2.808343,2.712267,14.792227,-3.198964,1.659703,13.527273,-5.120023,0.341406,14.588310,NaN,NaN,NaN
-3.018340,5.110318,17.143785,-2.454545,5.314524,17.468034,-2.520635,5.437664,16.486575,-2.987923,2.557685,14.753563,-3.287723,1.535006,13.544707,-5.193922,0.278681,14.550716,NaN,NaN,NaN
-3.194465,5.013993,17.127766,-2.654415,5.192212,17.448314,-2.691754,5.349960,16.520115,-3.135900,2.546347,14.652703,-3.412109,1.509644,13.448345,-5.241540,0.231160,14.456602,NaN,NaN,NaN
-3.355800,4.942794,17.121215,-2.846728,5.051482,17.479508,-2.904481,5.238891,16.513567,-3.277015,2.484405,14.630263,-3.500701,1.442990,13.376769,-5.294299,0.187848,14.419552,NaN,NaN,NaN
-3.550360,4.795183,17.178314,-3.018718,4.989076,17.463116,-3.032538,5.154111,16.592267,-3.469350,2.375394,14.634726,-3.517131,1.403444,13.348151,-5.305279,0.121230,14.477185,NaN,NaN,NaN
-3.728511,4.754763,17.152870,-3.168364,4.897164,17.482087,-3.235179,5.050559,16.587799,-3.587925,2.348963,14.631165,-3.628329,1.311260,13.391737,-5.338735,0.051230,14.450379,NaN,NaN,NaN
-3.900597,4.664573,17.188985,-3.331847,4.808716,17.476179,-3.414883,4.958549,16.626068,-3.709536,2.368219,14.567736,-3.674646,1.375828,13.270633,-5.341012,0.016662,14.415409,NaN,NaN,NaN
-4.037472,4.593498,17.140041,-3.475373,4.721364,17.516506,-3.562939,4.858812,16.598542,-3.817485,2.351816,14.508115,-3.724782,1.378671,13.226296,-5.386116,0.022387,14.304235,NaN,NaN,NaN
-4.220664,4.533864,17.143240,-3.656192,4.676781,17.482831,-3.683908,4.825188,16.622520,-3.901193,2.320566,14.448211,-3.796735,1.392710,13.195679,-5.403093,0.026456,14.252314,NaN,NaN,NaN
-4.326754,4.524853,17.085823,-3.781060,4.598552,17.497967,-3.838609,4.791365,16.576199,-4.046134,2.194543,14.563391,-3.868134,1.371875,13.154456,-5.406960,-0.001718,14.255360,NaN,NaN,NaN
-4.472489,4.439500,17.124547,-3.898014,4.531176,17.531962,-3.996061,4.692483,16.645785,-4.105251,2.194450,14.528793,-3.910723,1.368876,13.163368,-5.423666,0.013632,14.249331,NaN,NaN,NaN
-4.602108,4.374182,17.161278,-4.057163,4.487437,17.497098,-4.109515,4.664349,16.622136,-4.160262,2.169660,14.536895,-3.960624,1.412503,13.141743,-5.443128,0.002402,14.269118,NaN,NaN,NaN
-4.754720,4.320697,17.186759,-4.175163,4.464292,17.496903,-4.223352,4.604446,16.671118,-4.258504,2.154298,14.544910,-4.031040,1.399332,13.162251,-5.455903,0.021810,14.205383,NaN,NaN,NaN
-4.827100,4.312149,17.156373,-4.270880,4.428340,17.546351,-4.359572,4.551555,16.694234,-4.336339,2.131891,14.566414,-4.065775,1.404311,13.186213,-5.455387,-0.040453,14.251142,NaN,NaN,NaN
-4.943936,4.251376,17.211397,-4.428905,4.381914,17.529965,-4.467896,4.525661,16.671038,-4.402691,2.121453,14.568584,-4.114721,1.419703,13.190289,-5.471482,-0.009621,14.222019,NaN,NaN,NaN
-5.055570,4.202050,17.248331,-4.524862,4.360537,17.518193,-4.603004,4.525786,16.665676,-4.468392,2.175088,14.487722,-4.148597,1.429417,13.204771,-5.487489,-0.014923,14.203865,NaN,NaN,NaN
-5.178184,4.198265,17.231323,-4.625801,4.347820,17.550948,-4.696408,4.504969,16.689444,-4.531617,2.213884,14.419341,-4.158494,1.434539,13.196401,-5.485342,-0.044057,14.255684,NaN,NaN,NaN
-5.268101,4.231397,17.160856,-4.721585,4.345574,17.578196,-4.793412,4.473528,16.715136,-4.600380,2.272617,14.336263,-4.172470,1.453859,13.182064,-5.487913,0.000559,14.192252,NaN,NaN,NaN
-5.386925,4.194606,17.205319,-4.829580,4.306901,17.585613,-4.885774,4.457749,16.771105,-4.691659,2.224323,14.373432,-4.255053,1.438781,13.244829,-5.524081,-0.039607,14.233196,NaN,NaN,NaN
-5.462256,4.239263,17.138207,-4.909292,4.340796,17.502512,-4.969547,4.458695,16.739859,-4.741482,2.218811,14.366398,-4.270161,1.477690,13.210067,-5.529362,-0.049326,14.227892,NaN,NaN,NaN
-5.525114,4.267611,17.091391,-5.010195,4.313249,17.553259,-5.066018,4.460175,16.726074,-4.807685,2.246928,14.324667,-4.289730,1.493589,13.217603,-5.520173,-0.025121,14.210500,NaN,NaN,NaN
-5.618415,4.271111,17.069631,-5.078621,4.317739,17.536416,-5.168409,4.458493,16.755797,-4.838622,2.242045,14.364895,-4.346707,1.480971,13.281936,-5.548108,-0.042348,14.223465,NaN,NaN,NaN
-5.755483,4.221757,17.162434,-5.157693,4.293682,17.593978,-5.270509,4.414166,16.783971,-4.878274,2.269894,14.341506,-4.369429,1.494167,13.319462,-5.562747,-0.055696,14.248670,NaN,NaN,NaN
-5.842286,4.206667,17.175424,-5.280171,4.292507,17.613367,-5.347174,4.434545,16.739095,-4.936740,2.273647,14.346402,-4.405707,1.545502,13.258915,-5.550394,-0.032983,14.232953,NaN,NaN,NaN
-5.924701,4.178204,17.229312,-5.350401,4.305426,17.576018,-5.435585,4.448585,16.709381,-4.986093,2.245864,14.428561,-4.424847,1.571045,13.271213,-5.552886,-0.023676,14.223139,NaN,NaN,NaN
-5.999396,4.187600,17.183885,-5.423584,4.301386,17.591155,-5.523675,4.456245,16.729574,-5.063708,2.261252,14.433350,-4.437485,1.595759,13.279660,-5.558202,-0.019706,14.237495,NaN,NaN,NaN
-6.071166,4.190214,17.185156,-5.474231,4.337746,17.564532,-5.583061,4.472348,16.701765,-5.123717,2.254492,14.474739,-4.479054,1.572168,13.348823,-5.559002,-0.011195,14.244905,NaN,NaN,NaN
-6.143917,4.214665,17.130276,-5.545594,4.312044,17.602818,-5.659992,4.464815,16.764855,-5.115547,2.317648,14.413216,-4.501917,1.606976,13.351998,-5.557090,-0.003319,14.244587,NaN,NaN,NaN
-6.210019,4.245713,17.093112,-5.598397,4.355084,17.543841,-5.688873,4.477291,16.714298,-5.142907,2.336755,14.395337,-4.503074,1.623657,13.376013,-5.560145,-0.006512,14.249648,NaN,NaN,NaN
-6.270359,4.227595,17.141549,-5.666322,4.334341,17.565439,-5.784047,4.527218,16.647935,-5.147853,2.322635,14.437106,-4.491731,1.659219,13.392020,-5.566330,-0.003026,14.245002,NaN,NaN,NaN
-6.317582,4.265305,17.101810,-5.729241,4.343634,17.577882,-5.829144,4.476544,16.681362,-5.178350,2.365838,14.401322,-4.509564,1.630213,13.463143,-5.568214,0.003718,14.243111,NaN,NaN,NaN
-6.366116,4.270207,17.122251,-5.779881,4.360393,17.566404,-5.884851,4.472850,16.732943,-5.263799,2.229813,14.596957,-4.518976,1.671522,13.506672,-5.562753,-0.010564,14.264117,NaN,NaN,NaN
-6.425235,4.307036,17.092319,-5.838677,4.342451,17.594833,-5.938505,4.493039,16.707675,-5.342308,2.209688,14.661372,-4.510546,1.688632,13.498053,-5.557945,0.002207,14.260218,NaN,NaN,NaN
-6.477507,4.314200,17.110625,-5.856077,4.385493,17.537493,-5.974648,4.506247,16.711804,-5.376276,2.239664,14.639340,-4.507526,1.725358,13.499988,-5.555351,-0.002350,14.282598,NaN,NaN,NaN
-6.519295,4.298444,17.156101,-5.923046,4.374676,17.560105,-6.044805,4.507004,16.685184,-5.402955,2.234144,14.695414,-4.521948,1.732169,13.525303,-5.563131,-0.000708,14.281125,NaN,NaN,NaN
-6.545925,4.279245,17.216677,-5.952055,4.389569,17.567939,-6.055419,4.547616,16.653649,-5.419096,2.231488,14.690572,-4.549256,1.757451,13.578929,-5.554132,-0.016908,14.292628,NaN,NaN,NaN
-6.588962,4.285446,17.202347,-5.983053,4.418379,17.532281,-6.122033,4.557738,16.646254,-5.442450,2.216280,14.720784,-4.584153,1.757568,13.589664,-5.552670,-0.015557,14.290735,NaN,NaN,NaN
-6.635230,4.320767,17.186251,-6.001196,4.401256,17.552200,-6.148246,4.587493,16.636308,-5.500378,2.306826,14.592884,-4.606037,1.741526,13.643830,-5.551396,-0.010307,14.290525,NaN,NaN,NaN
-6.647935,4.353980,17.154039,-6.037800,4.439990,17.548512,-6.198273,4.545192,16.673894,-5.534778,2.325799,14.591250,-4.648512,1.727144,13.687370,-5.558116,-0.014136,14.292730,NaN,NaN,NaN
-6.662972,4.398585,17.122856,-6.060816,4.439333,17.559522,-6.212804,4.581017,16.648743,-5.568997,2.349643,14.565231,-4.677475,1.742766,13.698906,-5.572241,0.009519,14.286073,NaN,NaN,NaN
-6.718841,4.389904,17.168778,-6.074639,4.456599,17.561087,-6.227225,4.602675,16.641645,-5.608941,2.395422,14.526759,-4.699481,1.771852,13.661331,-5.583771,-0.014463,14.300009,NaN,NaN,NaN
-6.739778,4.395289,17.218782,-6.103941,4.470394,17.553349,-6.223556,4.587611,16.643621,-5.642245,2.411191,14.560301,-4.724533,1.769810,13.693903,-5.576177,-0.050514,14.365062,NaN,NaN,NaN
-6.747677,4.413095,17.250575,-6.111953,4.481726,17.550646,-6.275847,4.590390,16.727992,-5.684439,2.397393,14.622103,-4.727091,1.814938,13.696804,-5.594798,-0.081357,14.421267,NaN,NaN,NaN
-6.752472,4.420004,17.265671,-6.122408,4.457031,17.600527,-6.276692,4.575984,16.761371,-5.715381,2.438362,14.585807,-4.742768,1.819667,13.711840,-5.587058,-0.067930,14.399914,NaN,NaN,NaN
-6.742569,4.421776,17.298593,-6.123250,4.463278,17.591946,-6.285947,4.585649,16.762747,-5.771456,2.429498,14.604966,-4.754758,1.819206,13.722645,-5.596637,-0.091740,14.428542,NaN,NaN,NaN
-6.746341,4.450100,17.289009,-6.119882,4.463876,17.612602,-6.280518,4.626631,16.760570,-5.802404,2.422038,14.644778,-4.765318,1.827088,13.731146,-5.597725,-0.084063,14.425055,NaN,NaN,NaN
-6.759196,4.443210,17.325315,-6.134060,4.516115,17.605714,-6.278114,4.629377,16.757176,-5.832889,2.408418,14.653086,-4.763115,1.845259,13.716998,-5.592898,-0.070044,14.392097,NaN,NaN,NaN
-6.773768,4.465171,17.341638,-6.136297,4.521224,17.614332,-6.285884,4.645107,16.756488,-5.854569,2.390763,14.692740,-4.777739,1.847363,13.734631,-5.578986,-0.056676,14.346557,NaN,NaN,NaN
-6.756777,4.457750,17.369341,-6.142284,4.520938,17.627525,-6.267941,4.702602,16.729153,-5.872514,2.386110,14.716244,-4.806356,1.839703,13.787280,-5.580130,-0.051991,14.351302,NaN,NaN,NaN
-6.728097,4.495634,17.349025,-6.153899,4.523755,17.641870,-6.253334,4.750995,16.672051,-5.892663,2.371005,14.792066,-4.811673,1.838719,13.795691,-5.571142,-0.086267,14.393877,NaN,NaN,NaN
-6.731950,4.499812,17.377448,-6.134988,4.550232,17.628020,-6.284073,4.733369,16.698369,-5.872573,2.426891,14.764761,-4.812921,1.843515,13.794964,-5.565976,-0.051589,14.361577,NaN,NaN,NaN
-6.755733,4.496512,17.417286,-6.134648,4.551656,17.627964,-6.281668,4.696881,16.743955,-5.893724,2.450986,14.776155,-4.814624,1.848814,13.792233,-5.567598,-0.051235,14.364948,NaN,NaN,NaN
-6.729288,4.502655,17.458895,-6.124993,4.550045,17.659343,-6.273313,4.697240,16.745234,-5.919197,2.451658,14.783043,-4.820055,1.900045,13.877059,-5.554716,-0.048691,14.367586,NaN,NaN,NaN
-6.717528,4.498279,17.499271,-6.123975,4.554316,17.659172,-6.259043,4.717212,16.756811,-5.912393,2.483059,14.759341,-4.819803,1.897220,13.874627,-5.565264,-0.058845,14.376258,NaN,NaN,NaN
-6.720644,4.500727,17.466540,-6.106942,4.554678,17.661359,-6.232478,4.740657,16.743063,-5.910807,2.467057,14.824244,-4.821915,1.897005,13.861766,-5.570667,-0.072495,14.401080,NaN,NaN,NaN
-6.704582,4.470232,17.527836,-6.096276,4.550524,17.703187,-6.212828,4.760658,16.756753,-5.923583,2.415938,14.913776,-4.828525,1.908258,13.857081,-5.585317,-0.085854,14.426321,NaN,NaN,NaN
-6.692964,4.508348,17.487993,-6.072602,4.578188,17.691574,-6.196298,4.772251,16.765300,-5.927455,2.418363,14.910074,-4.828651,1.909669,13.858298,-5.583505,-0.082718,14.413420,NaN,NaN,NaN
-6.668515,4.530080,17.514641,-6.051455,4.606930,17.659675,-6.185131,4.789421,16.754908,-5.900197,2.409346,14.921280,-4.820299,1.887723,13.877412,-5.588128,-0.082570,14.413627,NaN,NaN,NaN
-6.641353,4.577623,17.480526,-6.021571,4.585910,17.742846,-6.143639,4.804153,16.774709,-5.911736,2.443901,14.889893,-4.825531,1.898591,13.861422,-5.584997,-0.089260,14.423352,NaN,NaN,NaN
-6.627975,4.570648,17.509739,-5.991070,4.579544,17.751061,-6.108706,4.796764,16.830908,-5.905725,2.465676,14.876387,-4.833082,1.905927,13.856884,-5.579415,-0.090183,14.420067,NaN,NaN,NaN
-6.582558,4.595136,17.496338,-5.988184,4.589223,17.749881,-6.086371,4.801670,16.828968,-5.893552,2.478963,14.895315,-4.827726,1.893649,13.871655,-5.589215,-0.074895,14.410141,NaN,NaN,NaN
-6.566747,4.602615,17.546836,-5.949511,4.616657,17.732540,-6.084276,4.809758,16.815126,-5.891677,2.458936,14.930577,-4.826544,1.892343,13.876872,-5.581751,-0.051633,14.354669,NaN,NaN,NaN
-6.549666,4.618725,17.557533,-5.938980,4.623567,17.753667,-6.085368,4.807332,16.829728,-5.882483,2.456961,14.948158,-4.823126,1.889837,13.893739,-5.557534,-0.072909,14.380129,NaN,NaN,NaN
-6.522670,4.651310,17.554811,-5.902357,4.632581,17.756866,-6.051329,4.860880,16.789133,-5.843857,2.423477,15.036374,-4.822196,1.891354,13.901391,-5.582435,-0.029752,14.337778,NaN,NaN,NaN
-6.516702,4.657533,17.586383,-5.862174,4.662051,17.750538,-6.037328,4.886464,16.764322,-5.858722,2.453984,14.995687,-4.818777,1.888851,13.918257,-5.581117,-0.039569,14.360388,NaN,NaN,NaN
-6.467517,4.668218,17.537887,-5.833627,4.634989,17.806638,-5.998262,4.937061,16.679898,-5.880389,2.470809,14.977488,-4.817090,1.881896,13.918605,-5.587087,-0.034796,14.346026,NaN,NaN,NaN
-6.452577,4.694154,17.551441,-5.817875,4.648298,17.804284,-5.968183,4.903243,16.757753,-5.864381,2.487540,14.991508,-4.810969,1.892564,13.936237,-5.578451,-0.032527,14.337679,NaN,NaN,NaN
-6.449312,4.689495,17.564729,-5.784053,4.690391,17.764092,-5.942618,4.884040,16.827263,-5.869573,2.511437,14.990707,-4.826557,1.903814,13.900548,-5.584721,-0.046650,14.343466,NaN,NaN,NaN
-6.419165,4.713702,17.565247,-5.763104,4.676224,17.817802,-5.911133,4.869398,16.859673,-5.855238,2.512085,15.024021,-4.815541,1.887828,13.943851,-5.586446,-0.041606,14.340091,NaN,NaN,NaN
-6.393393,4.743886,17.554676,-5.730487,4.689702,17.806353,-5.884548,4.853717,16.915555,-5.832681,2.498237,15.068114,-4.811190,1.886844,13.968373,-5.567162,-0.041269,14.337671,NaN,NaN,NaN
-6.361724,4.782109,17.527684,-5.713733,4.694401,17.812073,-5.852388,4.862486,16.933251,-5.812564,2.499505,15.073660,-4.804395,1.870427,13.985946,-5.560583,-0.048606,14.359967,NaN,NaN,NaN
-6.333657,4.796762,17.541403,-5.670340,4.756628,17.732953,-5.826208,4.933798,16.834257,-5.802323,2.486440,15.107976,-4.778808,1.925974,13.948886,-5.555249,-0.056006,14.374437,NaN,NaN,NaN
-6.286575,4.823241,17.560262,-5.773367,5.055092,17.279005,-5.836393,4.879635,16.894964,-5.776080,2.502849,15.136089,-4.766102,1.871234,13.875912,NaN,NaN,NaN,NaN,NaN,NaN
-6.358072,4.888188,17.189564,-5.752096,5.065132,17.282146,-5.827715,4.840557,16.648629,-5.744264,2.543288,15.101964,-4.763182,1.866050,13.886070,NaN,NaN,NaN,NaN,NaN,NaN
-6.335860,4.900646,17.181777,-5.705021,5.099245,17.247269,-5.770427,4.886091,16.594167,-5.707418,2.567244,15.035439,-4.755595,1.864522,13.887678,NaN,NaN,NaN,NaN,NaN,NaN
-6.317816,4.910026,17.190954,-5.685156,5.054523,17.322142,-5.748049,4.921334,16.609511,-5.703960,2.588120,15.026916,-4.748105,1.864075,13.890228,NaN,NaN,NaN,NaN,NaN,NaN
-6.280573,4.934201,17.178875,-5.672384,5.055054,17.347361,-5.685124,4.912306,16.618034,-5.696213,2.578732,15.015658,-4.744276,1.857884,13.904400,NaN,NaN,NaN,NaN,NaN,NaN
-6.235630,4.929619,17.229827,-5.639960,5.097104,17.325731,-5.677831,4.926089,16.649427,-5.681333,2.573270,15.044033,-4.723736,1.835187,13.953611,NaN,NaN,NaN,NaN,NaN,NaN
-6.208910,4.953078,17.210916,-5.621378,5.105181,17.324340,-5.670885,4.915071,16.657588,-5.677248,2.588561,15.017076,-4.718091,1.840616,13.995004,NaN,NaN,NaN,NaN,NaN,NaN
-6.182446,4.970353,17.187333,-5.598138,5.125583,17.315484,-5.613070,4.964947,16.588497,-5.652826,2.585842,14.995771,-4.715622,1.835934,14.003161,NaN,NaN,NaN,NaN,NaN,NaN
-6.172248,4.980498,17.191623,-5.585499,5.121722,17.321029,-5.620604,4.947066,16.624298,-5.606627,2.590317,14.971833,-4.714063,1.832259,14.007303,NaN,NaN,NaN,NaN,NaN,NaN
-6.155914,5.003492,17.192496,-5.572116,5.118982,17.319482,-5.612492,4.958479,16.637393,-5.603193,2.599392,14.956037,-4.681346,1.867811,13.969263,NaN,NaN,NaN,NaN,NaN,NaN
-6.152008,4.995840,17.205529,-5.524778,5.135744,17.332515,-5.571550,4.938791,16.672050,-5.573853,2.561351,15.036921,-4.645454,1.899190,13.925478,NaN,NaN,NaN,NaN,NaN,NaN
-6.131142,5.014753,17.198320,-5.530983,5.127003,17.360851,-5.557191,4.944008,16.659490,-5.574734,2.583000,15.012548,-4.652590,1.891014,13.943148,NaN,NaN,NaN,NaN,NaN,NaN
-6.084379,5.013939,17.233839,-5.507464,5.148934,17.336347,-5.554792,4.939990,16.668232,-5.488446,2.387610,15.215764,-4.650623,1.887381,13.949763,NaN,NaN,NaN,NaN,NaN,NaN
-6.046094,5.059627,17.179930,-5.494054,5.169202,17.326697,-5.544490,4.951180,16.657823,-5.481257,2.385642,15.217888,-4.648559,1.882665,13.955438,NaN,NaN,NaN,NaN,NaN,NaN
-6.049392,5.052871,17.190404,-5.493837,5.171638,17.334078,-5.533424,4.967050,16.648193,-5.465536,2.364403,15.248524,-4.647600,1.881119,13.958980,NaN,NaN,NaN,NaN,NaN,NaN
-6.049436,5.053419,17.190874,-5.493423,5.171717,17.336576,-5.532117,4.970165,16.650064,-5.460131,2.364909,15.249525,-4.646592,1.879031,13.962053,NaN,NaN,NaN,NaN,NaN,NaN
-6.060863,5.048942,17.216631,-5.488382,5.179943,17.336286,-5.528383,4.985688,16.652859,-5.456751,2.367643,15.249908,-4.630436,1.894047,13.943649,NaN,NaN,NaN,NaN,NaN,NaN
-6.051330,5.058576,17.201265,-5.488494,5.176793,17.335394,-5.516067,5.009214,16.640875,-5.453965,2.369542,15.247827,-4.621548,1.912922,13.936443,NaN,NaN,NaN,NaN,NaN,NaN
-6.053501,5.062023,17.207735,-5.488704,5.179546,17.337715,-5.512426,5.016144,16.633570,-5.449895,2.372022,15.249730,-4.616576,1.917697,13.931304,NaN,NaN,NaN,NaN,NaN,NaN
-6.051394,5.065783,17.202386,-5.459264,5.227157,17.293889,-5.517324,5.014529,16.640568,-5.449322,2.375355,15.247065,-4.618004,1.909335,13.933638,NaN,NaN,NaN,NaN,NaN,NaN
-6.052513,5.069473,17.200657,-5.460202,5.231630,17.292114,-5.528650,5.001937,16.653011,-5.447513,2.376846,15.247004,-4.622505,1.898580,13.944489,NaN,NaN,NaN,NaN,NaN,NaN
-6.046104,5.078217,17.188564,-5.461552,5.235093,17.290867,-5.529322,5.005141,16.653325,-5.445894,2.377545,15.246976,-4.623951,1.895694,13.943116,NaN,NaN,NaN,NaN,NaN,NaN
-6.048475,5.081835,17.189844,-5.465265,5.237712,17.291191,-5.503670,5.043198,16.607288,-5.446703,2.380426,15.243834,-4.624455,1.896738,13.941580,NaN,NaN,NaN,NaN,NaN,NaN
-6.049100,5.084502,17.189683,-5.466844,5.241875,17.287416,-5.504397,5.050940,16.603386,-5.446560,2.381762,15.244272,-4.624017,1.901710,13.939881,NaN,NaN,NaN,NaN,NaN,NaN
-6.051878,5.088049,17.188453,-5.468776,5.247461,17.285527,-5.505566,5.055164,16.602140,-5.448037,2.382399,15.244737,-4.625074,1.904338,13.937279,NaN,NaN,NaN,NaN,NaN,NaN
-6.077761,5.082429,17.229510,-5.471027,5.261548,17.296620,-5.516764,5.053908,16.610515,-5.449608,2.381155,15.244294,-4.625529,1.904840,13.935273,NaN,NaN,NaN,NaN,NaN,NaN
-6.081416,5.088946,17.231272,-5.474138,5.263919,17.291950,-5.564915,5.028828,16.689593,-5.453013,2.382929,15.243199,-4.627041,1.907970,13.930666,NaN,NaN,NaN,NaN,NaN,NaN
-6.081131,5.101272,17.218410,-5.478208,5.273186,17.280335,-5.560439,5.046629,16.663741,-5.455823,2.382570,15.242716,-4.628000,1.909516,13.927125,NaN,NaN,NaN,NaN,NaN,NaN
-6.083523,5.115842,17.223565,-5.518276,5.243351,17.327630,-5.563151,5.064967,16.672189,-5.458966,2.383052,15.243681,-4.629105,1.912684,13.924993,NaN,NaN,NaN,NaN,NaN,NaN
-6.094045,5.117757,17.225572,-5.528998,5.256707,17.326018,-5.567215,5.074224,16.660641,-5.463752,2.384374,15.242109,-4.638207,1.908144,13.936047,NaN,NaN,NaN,NaN,NaN,NaN
-6.098084,5.127040,17.213952,-5.560357,5.282561,17.296020,-5.571731,5.083955,16.647065,-5.465561,2.382884,15.242170,-4.639816,1.912355,13.932380,NaN,NaN,NaN,NaN,NaN,NaN
-6.139530,5.142824,17.153185,-5.565155,5.293761,17.286658,-5.611760,5.116336,16.622829,-5.470965,2.382378,15.241170,-4.640775,1.913901,13.928838,NaN,NaN,NaN,NaN,NaN,NaN
-6.141480,5.153025,17.147090,-5.570692,5.299446,17.279530,-5.622546,5.091801,16.616322,-5.475989,2.383454,15.240102,-4.647406,1.913877,13.930779,NaN,NaN,NaN,NaN,NaN,NaN
-6.164345,5.137551,17.176483,-5.574175,5.306589,17.268557,-5.625481,5.097378,16.606493,-5.481654,2.384239,15.237043,-4.648430,1.921439,13.924002,NaN,NaN,NaN,NaN,NaN,NaN
-6.179346,5.135231,17.192006,-5.592936,5.294628,17.281464,-5.648601,5.076696,16.624633,-5.496089,2.406055,15.210393,-4.649876,1.918553,13.922630,NaN,NaN,NaN,NaN,NaN,NaN
-6.189484,5.131112,17.196334,-5.609668,5.278281,17.287939,-5.696011,5.019303,16.680704,-5.498658,2.406902,15.206842,-4.661854,1.902766,13.934643,NaN,NaN,NaN,NaN,NaN,NaN
-6.242725,5.077687,17.260291,-5.650487,5.255606,17.330527,-5.688150,5.042327,16.643641,-5.504491,2.404400,15.208940,-4.678076,1.893771,13.949806,NaN,NaN,NaN,NaN,NaN,NaN
-6.244838,5.091198,17.249507,-5.665825,5.251388,17.333461,-5.695044,5.048792,16.639708,-5.509395,2.402851,15.209491,-4.696920,1.881880,13.975493,NaN,NaN,NaN,NaN,NaN,NaN
-6.266586,5.082642,17.263856,-5.670754,5.261052,17.317307,-5.726462,5.029263,16.666674,-5.514302,2.400341,15.212606,-4.698479,1.885553,13.971353,NaN,NaN,NaN,NaN,NaN,NaN
-6.284739,5.071513,17.266500,-5.698074,5.275509,17.266704,-5.732326,5.040429,16.647002,-5.520492,2.400221,15.213588,-4.695469,1.893963,13.959599,NaN,NaN,NaN,NaN,NaN,NaN
-6.312191,5.111067,17.186700,-5.714564,5.265706,17.269363,-5.747488,5.080624,16.573218,-5.526373,2.395295,15.214306,-4.697938,1.898640,13.951446,NaN,NaN,NaN,NaN,NaN,NaN
-6.317326,5.100731,17.158564,-5.730159,5.256563,17.273521,-5.768370,5.065560,16.592110,-5.535420,2.395361,15.215274,-4.707398,1.886831,13.953875,NaN,NaN,NaN,NaN,NaN,NaN
-6.327049,5.085654,17.160246,-5.733635,5.263712,17.262542,-5.830852,5.002906,16.674681,-5.542896,2.393699,15.214836,-4.715037,1.888897,13.952740,NaN,NaN,NaN,NaN,NaN,NaN
-6.358216,5.053696,17.189916,-5.744362,5.261397,17.259342,-5.800013,5.043102,16.605655,-5.552422,2.389343,15.217525,-4.717050,1.893072,13.946594,NaN,NaN,NaN,NaN,NaN,NaN
-6.367958,5.057424,17.190837,-5.748291,5.269016,17.246331,-5.820228,5.037795,16.621584,-5.562495,2.386578,15.219130,-4.720070,1.899334,13.937376,NaN,NaN,NaN,NaN,NaN,NaN
-6.372300,5.065550,17.175761,-5.753170,5.278126,17.229723,-5.862240,4.997427,16.664365,-5.571831,2.383013,15.221786,-4.723090,1.905596,13.928159,NaN,NaN,NaN,NaN,NaN,NaN
-6.417667,5.032530,17.219397,-5.780184,5.258762,17.247239,-5.862824,5.010823,16.640664,-5.608362,2.355550,15.268641,-4.722827,1.923139,13.920460,NaN,NaN,NaN,NaN,NaN,NaN
-6.443396,5.072964,17.142594,-5.801079,5.290522,17.184366,-5.872190,5.016729,16.613177,-5.615645,2.355643,15.265600,-4.739959,1.915157,13.931599,NaN,NaN,NaN,NaN,NaN,NaN
-6.470164,5.042961,17.170067,-5.839229,5.257903,17.207874,-5.890713,5.041758,16.537157,-5.623236,2.357573,15.260971,-4.764590,1.922290,13.919223,NaN,NaN,NaN,NaN,NaN,NaN
-6.476587,5.045669,17.166424,-5.854729,5.246067,17.213653,-5.932146,5.008971,16.591548,-5.630826,2.359503,15.256341,-4.771172,1.921730,13.920687,NaN,NaN,NaN,NaN,NaN,NaN
-6.492285,5.029436,17.176890,-5.860212,5.251211,17.206052,-5.927047,5.024652,16.566346,-5.637036,2.361885,15.252190,-4.782876,1.918021,13.928694,NaN,NaN,NaN,NaN,NaN,NaN
-6.537846,4.987448,17.238693,-5.906708,5.205356,17.262165,-5.933393,5.029560,16.563490,-5.654278,2.385862,15.219903,-4.784839,1.921654,13.922079,NaN,NaN,NaN,NaN,NaN,NaN
-6.540994,4.989683,17.230957,-5.917835,5.201370,17.259016,-5.974475,4.987718,16.609810,-5.661399,2.381824,15.220575,-4.803898,1.900884,13.937717,NaN,NaN,NaN,NaN,NaN,NaN
