year,fore-aft,lateral-force,norma-force
1,-0.1288,-0.17673,0.03072
2,-0.11918,-0.20332,0.03912
3,-0.1391,-0.186,0.02674
4,-0.13072,-0.22526,0.03021
5,-0.1249,-0.19962,0.02571
6,-0.11707,-0.17866,0.02558
7,-0.12018,-0.22632,0.03765
8,-0.14655,-0.17838,0.02365
9,-0.10746,-0.183,0.03334
10,-0.12754,-0.17637,0.02327
11,-0.12059,-0.20702,0.03634
12,-0.14075,-0.20908,0.04051
13,-0.11496,-0.21582,0.01788
14,-0.15531,-0.16981,0.02225
15,-0.11634,-0.18931,0.01982
16,-0.11165,-0.20118,0.0323
17,-0.12107,-0.20259,0.02099
18,-0.12861,-0.14159,0.03154
19,-0.1385,-0.17928,0.04188
20,-0.11827,-0.20378,0.02561
21,-0.13863,-0.18993,0.01871
22,-0.13126,-0.19279,0.0331
23,-0.11413,-0.19688,0.02508
24,-0.13198,-0.18389,0.04487
25,-0.12216,-0.19233,0.03707
26,-0.10526,-0.18958,0.03283
27,-0.11265,-0.1801,0.03754
28,-0.09019,-0.19704,0.03972
29,-0.12034,-0.17393,0.02706
30,-0.12393,-0.19011,0.02543
31,-0.13098,-0.17795,0.02848
32,-0.11623,-0.18735,0.03821
33,-0.12673,-0.19722,0.02292
34,-0.08159,-0.1853,0.02504
35,-0.11081,-0.16037,0.0158
36,-0.12251,-0.1806,0.03168
37,-0.11514,-0.21067,0.03959
38,-0.08436,-0.18072,0.03358
39,-0.08174,-0.2036,0.02554
40,-0.12593,-0.17303,0.0272
41,-0.12448,-0.21577,0.03779
42,-0.15838,-0.18852,0.03008
43,-0.13959,-0.20488,0.0281
44,-0.12971,-0.19322,0.02608
45,-0.14819,-0.18327,0.03769
46,-0.1092,-0.1987,0.02143
47,-0.1302,-0.20424,0.04541
48,-0.12023,-0.18428,0.03346
49,-0.14746,-0.23602,0.03259
50,-0.11541,-0.17955,0.03218
51,-0.1165,-0.20346,0.04377
52,-0.12693,-0.21081,0.03491
53,-0.11304,-0.20253,0.03571
54,-0.10332,-0.21604,0.03505
55,-0.1022,-0.17578,0.02064
56,-0.13278,-0.17741,0.01798
57,-0.1133,-0.16418,0.04315
58,-0.09109,-0.19481,0.03268
59,-0.12184,-0.21489,0.03646
60,-0.11429,-0.17595,0.04493
61,-0.10129,-0.17209,0.05401
62,-0.12958,-0.19569,0.02375
63,-0.13241,-0.20531,0.03636
64,-0.14169,-0.19095,0.04939
65,-0.13861,-0.18231,0.02793
66,-0.1061,-0.19325,0.02527
67,-0.10795,-0.21696,0.02843
68,-0.10672,-0.18835,0.02336
69,-0.1223,-0.18655,0.02483
70,-0.13519,-0.20554,0.05323
71,-0.12139,-0.19257,0.01751
72,-0.14611,-0.17686,0.03321
73,-0.12936,-0.19926,0.02848
74,-0.10221,-0.19867,0.03324
75,-0.13274,-0.18574,0.0251
76,-0.129,-0.18933,0.03583
77,-0.14721,-0.20178,0.01772
78,-0.13091,-0.18487,0.02345
79,-0.12565,-0.21378,0.02507
80,-0.14559,-0.17293,0.04947
81,-0.15003,-0.17875,0.02778
82,-0.14346,-0.19607,0.02485
83,-0.14989,-0.1953,0.03468
84,-0.1336,-0.20045,0.04398
85,-0.13961,-0.18898,0.02385
86,-0.13809,-0.19787,0.03273
87,-0.12035,-0.16624,0.01863
88,-0.13407,-0.21485,0.03751
89,-0.13154,-0.1795,0.03582
90,-0.13639,-0.17944,0.02251
91,-0.11856,-0.18613,0.03243
92,-0.13374,-0.16204,0.0489
93,-0.13939,-0.18268,0.02538
94,-0.12302,-0.20805,0.05867
95,-0.13662,-0.17719,0.0398
96,-0.12421,-0.21684,0.03558
97,-0.12207,-0.1948,0.02681
98,-0.13011,-0.19611,0.03035
99,-0.15627,-0.18657,0.03257
100,-0.1422,-0.16667,0.03765
101,-0.11502,-0.1963,0.02931
102,-0.12908,-0.18617,0.02655
103,-0.12807,-0.19187,0.03511
104,-0.10379,-0.17463,0.031
105,-0.14523,-0.19715,0.04763
106,-0.12772,-0.18819,0.03863
107,-0.13061,-0.17834,0.03796
108,-0.11133,-0.18275,0.03653
109,-0.12654,-0.19629,0.04007
110,-0.14622,-0.15708,0.02705
111,-0.15195,-0.19241,0.03461
112,-0.13835,-0.20413,0.0426
113,-0.1479,-0.1845,0.03833
114,-0.14954,-0.21694,0.02802
115,-0.10953,-0.20328,0.04707
116,-0.10297,-0.20007,0.04542
117,-0.12402,-0.18151,0.03599
118,-0.11622,-0.18674,0.01967
119,-0.11846,-0.16942,0.03954
120,-0.13154,-0.16588,0.03172
121,-0.1215,-0.18375,0.04553
122,-0.12931,-0.20617,0.03453
123,-0.12218,-0.19136,0.03343
124,-0.11324,-0.18336,0.03671
125,-0.12959,-0.17612,0.02216
126,-0.14199,-0.20017,0.05172
127,-0.13934,-0.17404,0.02795
128,-0.1293,-0.21449,0.03555
129,-0.14462,-0.19607,0.02977
130,-0.14737,-0.16891,0.03452
131,-0.14457,-0.1931,0.02221
132,-0.14083,-0.19261,0.02164
133,-0.15469,-0.18728,0.0269
134,-0.11878,-0.16045,0.04475
135,-0.10196,-0.19146,0.026
136,-0.1156,-0.18666,0.0382
137,-0.12648,-0.19466,0.04263
138,-0.10636,-0.18308,0.02157
139,-0.14604,-0.18368,0.02841
140,-0.12862,-0.20387,0.04146
141,-0.15996,-0.18856,0.01976
142,-0.12733,-0.2155,0.02796
143,-0.15313,-0.19223,0.02094
144,-0.13927,-0.16974,0.03279
145,-0.13153,-0.20989,0.02613
146,-0.12981,-0.18391,0.02876
147,-0.12332,-0.17915,0.04096
148,-0.12689,-0.19102,0.02961
149,-0.14773,-0.19628,0.03159
150,-0.15764,-0.19702,0.03998
151,-0.13453,-0.20687,0.03862
152,-0.13232,-0.22843,0.04701
153,-0.13201,-0.18239,0.03844
154,-0.11866,-0.21436,0.05596
155,-0.13223,-0.19972,0.05422
156,-0.14612,-0.19123,0.05228
157,-0.14074,-0.16831,0.05118
158,-0.14829,-0.18645,0.04876
159,-0.14089,-0.2009,0.05181
160,-0.14397,-0.19268,0.04575
161,-0.14115,-0.20945,0.06556
162,-0.16101,-0.17749,0.05838
163,-0.14571,-0.19994,0.06561
164,-0.11389,-0.20312,0.06407
165,-0.14002,-0.19854,0.04785
166,-0.14536,-0.1944,0.05101
167,-0.12904,-0.21173,0.07015
168,-0.15048,-0.21456,0.07793
169,-0.10979,-0.22523,0.07137
170,-0.13138,-0.20107,0.08882
171,-0.14534,-0.22017,0.08115
172,-0.13832,-0.24103,0.07158
173,-0.13643,-0.23312,0.10252
174,-0.14205,-0.24514,0.08874
175,-0.1458,-0.24576,0.08788
176,-0.13415,-0.20363,0.08971
177,-0.1635,-0.24425,0.08359
178,-0.12041,-0.2368,0.07456
179,-0.13619,-0.22708,0.08604
180,-0.12034,-0.24845,0.07086
181,-0.14927,-0.2486,0.07262
182,-0.16572,-0.25574,0.05457
183,-0.12402,-0.27685,0.0595
184,-0.12849,-0.24908,0.03224
185,-0.17563,-0.22206,0.03612
186,-0.12503,-0.25649,0.01123
187,-0.1582,-0.24217,-0.01519
188,-0.14295,-0.20912,-0.02164
189,-0.13317,-0.21016,-0.01742
190,-0.1353,-0.19891,-0.02062
191,-0.1244,-0.18435,-0.03954
192,-0.10545,-0.17707,-0.03985
193,-0.11136,-0.17041,-0.04555
194,-0.11152,-0.18808,-0.0487
195,-0.13967,-0.15934,-0.07159
196,-0.1029,-0.17918,-0.06984
197,-0.14127,-0.17015,-0.08314
198,-0.13652,-0.16703,-0.06141
199,-0.12765,-0.14313,-0.08548
200,-0.12314,-0.14591,-0.08866
201,-0.10773,-0.14997,-0.08319
202,-0.14453,-0.13146,-0.08935
203,-0.10031,-0.13948,-0.10014
204,-0.13654,-0.13563,-0.10851
205,-0.14438,-0.13521,-0.10171
206,-0.11496,-0.18047,-0.08941
207,-0.13471,-0.1402,-0.10612
208,-0.12003,-0.1404,-0.10421
209,-0.13501,-0.13695,-0.09581
210,-0.12161,-0.14796,-0.09647
211,-0.13006,-0.14656,-0.08836
212,-0.10211,-0.13227,-0.10595
213,-0.13167,-0.11055,-0.10796
214,-0.13201,-0.14514,-0.11672
215,-0.12319,-0.14336,-0.11162
216,-0.12076,-0.15039,-0.09525
217,-0.1177,-0.15982,-0.11198
218,-0.12742,-0.16254,-0.10111
219,-0.12094,-0.11636,-0.09093
220,-0.1289,-0.11717,-0.10736
221,-0.14408,-0.14176,-0.10313
222,-0.12595,-0.12425,-0.11212
223,-0.12819,-0.11146,-0.10189
224,-0.1448,-0.128,-0.11247
225,-0.13084,-0.14143,-0.11984
226,-0.13637,-0.13766,-0.10675
227,-0.10632,-0.1027,-0.10619
228,-0.12883,-0.12805,-0.10739
229,-0.12693,-0.16048,-0.11042
230,-0.12595,-0.14891,-0.10304
231,-0.09568,-0.14173,-0.10614
232,-0.12381,-0.12853,-0.10406
233,-0.14943,-0.14118,-0.1015
234,-0.1103,-0.11273,-0.10532
235,-0.10977,-0.1128,-0.10705
236,-0.10623,-0.10799,-0.10737
237,-0.12392,-0.10375,-0.09203
238,-0.09389,-0.15168,-0.09806
239,-0.12846,-0.13075,-0.1159
240,-0.11432,-0.13307,-0.12206
241,-0.13435,-0.09798,-0.10488
242,-0.13748,-0.12363,-0.09891
243,-0.13223,-0.13413,-0.11458
244,-0.11582,-0.10823,-0.10818
245,-0.10942,-0.12373,-0.09863
246,-0.10741,-0.14218,-0.10694
247,-0.13653,-0.1402,-0.11145
248,-0.10546,-0.12567,-0.10721
249,-0.09711,-0.14579,-0.09544
250,-0.08968,-0.12078,-0.09449
251,-0.11932,-0.13102,-0.11997
252,-0.10125,-0.14831,-0.09323
253,-0.11243,-0.11883,-0.11209
254,-0.10582,-0.13378,-0.09248
255,-0.11535,-0.13101,-0.10266
256,-0.13863,-0.08044,-0.10192
257,-0.1116,-0.10134,-0.10816
258,-0.09273,-0.1277,-0.11272
259,-0.07925,-0.13808,-0.10893
260,-0.10516,-0.13208,-0.12143
261,-0.10726,-0.12461,-0.08026
262,-0.10697,-0.11926,-0.11281
263,-0.15472,-0.11901,-0.10942
264,-0.12367,-0.11511,-0.11073
265,-0.11613,-0.11789,-0.10972
266,-0.1073,-0.15189,-0.09277
267,-0.1285,-0.10304,-0.1074
268,-0.0963,-0.13151,-0.11219
269,-0.09659,-0.08727,-0.10903
270,-0.11306,-0.11136,-0.10317
271,-0.07644,-0.10945,-0.1126
272,-0.10173,-0.11432,-0.12074
273,-0.09707,-0.12522,-0.10435
274,-0.12008,-0.10128,-0.11364
275,-0.13255,-0.09929,-0.10563
276,-0.0904,-0.11248,-0.10441
277,-0.13194,-0.10354,-0.10958
278,-0.11319,-0.14743,-0.09401
279,-0.11646,-0.10081,-0.10126
280,-0.0701,-0.12066,-0.09693
281,-0.09744,-0.12545,-0.11097
282,-0.08021,-0.13172,-0.11357
283,-0.10227,-0.15406,-0.10469
284,-0.12868,-0.12943,-0.10706
285,-0.12104,-0.12551,-0.11825
286,-0.11839,-0.12803,-0.10892
287,-0.10535,-0.13147,-0.10998
288,-0.12637,-0.09262,-0.10801
289,-0.10953,-0.09497,-0.11487
290,-0.09875,-0.13557,-0.10595
291,-0.11317,-0.11708,-0.10418
292,-0.11545,-0.11502,-0.1061
293,-0.12852,-0.12674,-0.11081
294,-0.09465,-0.09216,-0.0965
295,-0.12324,-0.11283,-0.10344
296,-0.12532,-0.1135,-0.11768
297,-0.09503,-0.11225,-0.1073
298,-0.10993,-0.11381,-0.1042
299,-0.13635,-0.13062,-0.09747
300,-0.12427,-0.11029,-0.11184
301,-0.11147,-0.12675,-0.10745
302,-0.12914,-0.10027,-0.10859
303,-0.12026,-0.12,-0.09839
304,-0.09801,-0.11293,-0.10515
305,-0.10501,-0.12337,-0.11226
306,-0.10623,-0.11742,-0.10931
307,-0.08936,-0.13659,-0.10644
308,-0.08052,-0.1315,-0.11705
309,-0.12258,-0.09642,-0.09468
310,-0.14524,-0.11594,-0.09657
311,-0.09848,-0.12039,-0.11234
312,-0.11428,-0.09521,-0.09635
313,-0.13323,-0.1242,-0.10845
314,-0.10512,-0.10209,-0.10303
315,-0.10012,-0.13455,-0.10818
316,-0.09225,-0.10696,-0.1158
317,-0.09785,-0.15429,-0.10759
318,-0.12186,-0.12751,-0.11519
319,-0.12201,-0.09993,-0.11831
320,-0.10094,-0.10237,-0.11141
321,-0.09544,-0.13782,-0.11135
322,-0.10213,-0.10783,-0.10188
323,-0.10572,-0.08574,-0.10033
324,-0.07868,-0.10445,-0.10541
325,-0.11309,-0.08664,-0.10414
326,-0.09547,-0.12326,-0.10097
327,-0.15123,-0.1282,-0.10049
328,-0.07433,-0.13547,-0.10344
329,-0.09824,-0.12342,-0.0966
330,-0.09535,-0.09243,-0.10824
331,-0.11937,-0.08309,-0.11831
332,-0.11785,-0.12667,-0.10575
333,-0.13061,-0.13772,-0.10594
334,-0.11017,-0.09122,-0.09884
335,-0.07354,-0.10129,-0.09579
336,-0.09892,-0.13607,-0.1133
337,-0.11098,-0.12216,-0.09808
338,-0.13177,-0.12043,-0.09644
339,-0.11385,-0.11027,-0.10505
340,-0.13473,-0.08807,-0.10758
341,-0.11597,-0.12902,-0.10351
342,-0.10566,-0.10788,-0.09979
343,-0.11977,-0.09065,-0.10978
344,-0.08713,-0.08368,-0.11471
345,-0.11786,-0.10095,-0.09526
346,-0.13386,-0.10422,-0.10616
347,-0.10221,-0.12309,-0.1007
348,-0.11376,-0.0937,-0.10543
349,-0.1239,-0.10131,-0.10282
350,-0.10779,-0.1064,-0.09853
351,-0.1214,-0.12658,-0.09216
352,-0.10788,-0.11525,-0.09524
353,-0.12033,-0.09517,-0.10098
354,-0.11523,-0.09436,-0.10097
355,-0.14709,-0.11934,-0.11119
356,-0.09645,-0.11124,-0.093
357,-0.11303,-0.10402,-0.09818
358,-0.09579,-0.13946,-0.11395
359,-0.12438,-0.14508,-0.10826
360,-0.08816,-0.11671,-0.10815
361,-0.11914,-0.12314,-0.11124
362,-0.09987,-0.11112,-0.08839
363,-0.10237,-0.11919,-0.10299
364,-0.13819,-0.09059,-0.10326
365,-0.12719,-0.0971,-0.10683
366,-0.11254,-0.11275,-0.09887
367,-0.09005,-0.11718,-0.10201
368,-0.0962,-0.12056,-0.09415
369,-0.11113,-0.12617,-0.10201
370,-0.12349,-0.12712,-0.09697
371,-0.09506,-0.13895,-0.10298
372,-0.14152,-0.11435,-0.11278
373,-0.11099,-0.10387,-0.09988
374,-0.09633,-0.10371,-0.11367
375,-0.10255,-0.09235,-0.11861
376,-0.1085,-0.13525,-0.0985
377,-0.1242,-0.11283,-0.09601
378,-0.13103,-0.11058,-0.10994
379,-0.13519,-0.11552,-0.09492
380,-0.09894,-0.12472,-0.10641
381,-0.11155,-0.13165,-0.10918
382,-0.11098,-0.12397,-0.10411
383,-0.11871,-0.1131,-0.09796
384,-0.10542,-0.12482,-0.11021
385,-0.10287,-0.10053,-0.09993
386,-0.12197,-0.10659,-0.0985
387,-0.10389,-0.11847,-0.10829
388,-0.11256,-0.10151,-0.09936
389,-0.13002,-0.11017,-0.0859
390,-0.11738,-0.10989,-0.09969
391,-0.12142,-0.10185,-0.10834
392,-0.11434,-0.12858,-0.1061
393,-0.11252,-0.1045,-0.11055
394,-0.10045,-0.12674,-0.09748
395,-0.10999,-0.11327,-0.11093
396,-0.0836,-0.10146,-0.10577
397,-0.09577,-0.10588,-0.11111
398,-0.12112,-0.1226,-0.09858
399,-0.10861,-0.1349,-0.11397
400,-0.10263,-0.10023,-0.09323
401,-0.1065,-0.12587,-0.12262
402,-0.09926,-0.1162,-0.10611
403,-0.09842,-0.11361,-0.10264
404,-0.08997,-0.10779,-0.09668
405,-0.1131,-0.12737,-0.09781
406,-0.09618,-0.10803,-0.10341
407,-0.09618,-0.09801,-0.09008
408,-0.10583,-0.12894,-0.11397
409,-0.09461,-0.14409,-0.1155
410,-0.10703,-0.13452,-0.11388
411,-0.11766,-0.12166,-0.11352
412,-0.10993,-0.14448,-0.10468
413,-0.1154,-0.10742,-0.10412
414,-0.1217,-0.11511,-0.11347
415,-0.12452,-0.11032,-0.1016
416,-0.10321,-0.12954,-0.09682
417,-0.12521,-0.11873,-0.09957
418,-0.13059,-0.122,-0.09792
419,-0.14561,-0.11673,-0.1071
420,-0.11822,-0.11981,-0.09125
421,-0.13244,-0.11668,-0.09092
422,-0.08537,-0.15419,-0.10278
423,-0.13322,-0.13996,-0.09507
424,-0.13466,-0.14016,-0.10311
425,-0.12415,-0.13377,-0.09588
426,-0.12849,-0.14433,-0.10342
427,-0.12648,-0.18419,-0.10903
428,-0.14766,-0.14979,-0.09233
429,-0.15057,-0.17006,-0.09478
430,-0.11098,-0.15455,-0.10002
431,-0.12273,-0.14929,-0.10468
432,-0.13642,-0.14755,-0.09713
433,-0.16243,-0.18055,-0.1125
434,-0.12449,-0.15708,-0.10004
435,-0.13048,-0.19414,-0.1162
436,-0.14078,-0.15641,-0.08829
437,-0.15293,-0.15317,-0.10753
438,-0.15782,-0.16441,-0.11125
439,-0.14037,-0.18293,-0.11891
440,-0.11887,-0.17737,-0.10304
441,-0.13043,-0.1872,-0.10445
442,-0.1729,-0.14507,-0.09926
443,-0.14846,-0.16217,-0.11779
444,-0.15672,-0.17092,-0.09736
445,-0.12907,-0.14309,-0.12961
446,-0.14316,-0.18896,-0.11017
447,-0.1375,-0.17633,-0.12958
448,-0.14207,-0.16709,-0.10763
449,-0.14326,-0.15963,-0.11296
450,-0.12911,-0.18596,-0.11392
451,-0.15477,-0.16292,-0.10137
452,-0.12036,-0.16078,-0.1082
453,-0.164,-0.12938,-0.10693
454,-0.12657,-0.15136,-0.11661
455,-0.11901,-0.17739,-0.11228
456,-0.14028,-0.16606,-0.11227
457,-0.1348,-0.15441,-0.11856
458,-0.16023,-0.16641,-0.10059
459,-0.15778,-0.14635,-0.1175
460,-0.12524,-0.13891,-0.11115
461,-0.13614,-0.16083,-0.10369
462,-0.10228,-0.15692,-0.11841
463,-0.12888,-0.15647,-0.10275
464,-0.10921,-0.14884,-0.11171
465,-0.1327,-0.14189,-0.1141
466,-0.14218,-0.12793,-0.11589
467,-0.12031,-0.15725,-0.09952
468,-0.1413,-0.14006,-0.10752
469,-0.1052,-0.14763,-0.10898
470,-0.15161,-0.11212,-0.10872
471,-0.1413,-0.15006,-0.11302
472,-0.09029,-0.17,-0.09768
473,-0.1142,-0.12438,-0.10982
474,-0.13482,-0.131,-0.09854
475,-0.11464,-0.13378,-0.10771
476,-0.15883,-0.16007,-0.11571
477,-0.14293,-0.11561,-0.10436
478,-0.13484,-0.13702,-0.11076
479,-0.12307,-0.15102,-0.10876
480,-0.09432,-0.144,-0.1305
481,-0.11699,-0.16387,-0.097
482,-0.14713,-0.14079,-0.10967
483,-0.16151,-0.11589,-0.12208
484,-0.12341,-0.1315,-0.10016
485,-0.16459,-0.13153,-0.11915
486,-0.1285,-0.18861,-0.11265
487,-0.13161,-0.15205,-0.10903
488,-0.13447,-0.12822,-0.10808
489,-0.11388,-0.13446,-0.10826
490,-0.1387,-0.12022,-0.11862
491,-0.13904,-0.11866,-0.10821
492,-0.13166,-0.13218,-0.1068
493,-0.12371,-0.14406,-0.09957
494,-0.12895,-0.11987,-0.11056
495,-0.09804,-0.12278,-0.11454
496,-0.10935,-0.12484,-0.12027
497,-0.14176,-0.15756,-0.08057
498,-0.11847,-0.14359,-0.1135
499,-0.11356,-0.14768,-0.1056
500,-0.11075,-0.13829,-0.11117
501,-0.14087,-0.14474,-0.11311
502,-0.14337,-0.15628,-0.09978
503,-0.12159,-0.1415,-0.09985
504,-0.15007,-0.15301,-0.09858
505,-0.08358,-0.12525,-0.09974
506,-0.13713,-0.12293,-0.10272
507,-0.15737,-0.13681,-0.10445
508,-0.12851,-0.09433,-0.10238
509,-0.13122,-0.12208,-0.10414
510,-0.1164,-0.12646,-0.10574
511,-0.12135,-0.14121,-0.10689
512,-0.12968,-0.15083,-0.10348
513,-0.13534,-0.13776,-0.11029
514,-0.13124,-0.10684,-0.10963
515,-0.14469,-0.12725,-0.09941
516,-0.12083,-0.1239,-0.11003
517,-0.11018,-0.13951,-0.11128
518,-0.13166,-0.13398,-0.10236
519,-0.11616,-0.14278,-0.1043
520,-0.12901,-0.13985,-0.10617
521,-0.13625,-0.12135,-0.10407
522,-0.12866,-0.14719,-0.09838
523,-0.13447,-0.1032,-0.10589
524,-0.1027,-0.10805,-0.09125
525,-0.11318,-0.10402,-0.10077
526,-0.1206,-0.12889,-0.10746
527,-0.09173,-0.14468,-0.09754
528,-0.0922,-0.13858,-0.10834
529,-0.09329,-0.14493,-0.11105
530,-0.09969,-0.14761,-0.09946
531,-0.10584,-0.12359,-0.1166
532,-0.11421,-0.10595,-0.1032
533,-0.13704,-0.13732,-0.10808
534,-0.08869,-0.15152,-0.09743
535,-0.09429,-0.13664,-0.11447
536,-0.1059,-0.10727,-0.09867
537,-0.11342,-0.12001,-0.10556
538,-0.11335,-0.13711,-0.10445
539,-0.13861,-0.11966,-0.0938
540,-0.114,-0.1394,-0.10289
541,-0.09852,-0.10385,-0.10295
542,-0.08943,-0.13536,-0.09274
543,-0.0945,-0.10704,-0.11042
544,-0.12275,-0.11583,-0.0953
545,-0.10616,-0.1236,-0.09818
546,-0.11311,-0.11121,-0.11049
547,-0.13413,-0.09994,-0.10274
548,-0.11735,-0.10584,-0.09171
549,-0.06473,-0.12756,-0.11609
550,-0.13342,-0.12903,-0.10179
551,-0.14047,-0.11427,-0.10545
552,-0.10593,-0.07825,-0.10989
553,-0.1211,-0.1104,-0.10967
554,-0.12348,-0.13306,-0.10495
555,-0.11568,-0.11472,-0.10066
556,-0.13453,-0.09014,-0.09707
557,-0.08237,-0.1101,-0.10324
558,-0.10341,-0.12981,-0.08849
559,-0.11622,-0.10664,-0.10076
560,-0.07996,-0.12607,-0.10301
561,-0.10024,-0.11525,-0.09509
562,-0.08925,-0.14,-0.10485
563,-0.13835,-0.12406,-0.10505
564,-0.10744,-0.14492,-0.09213
565,-0.11647,-0.1331,-0.1071
566,-0.10247,-0.11,-0.10411
567,-0.11628,-0.12664,-0.10839
568,-0.09694,-0.13409,-0.10489
569,-0.09948,-0.08544,-0.099
570,-0.09859,-0.12423,-0.0995
571,-0.09635,-0.11925,-0.0998
572,-0.11244,-0.11292,-0.10352
573,-0.14109,-0.11346,-0.10306
574,-0.1177,-0.14138,-0.10528
575,-0.11112,-0.13626,-0.1074
576,-0.0984,-0.10797,-0.09614
577,-0.12654,-0.13153,-0.10501
578,-0.13016,-0.11487,-0.11241
579,-0.11352,-0.09741,-0.08857
580,-0.09052,-0.11697,-0.10293
581,-0.12073,-0.1243,-0.11386
582,-0.08505,-0.11453,-0.10141
583,-0.10123,-0.11314,-0.10988
584,-0.09475,-0.11394,-0.10181
585,-0.10566,-0.12661,-0.09496
586,-0.0898,-0.12415,-0.10766
587,-0.09847,-0.09334,-0.11137
588,-0.12034,-0.14561,-0.11447
589,-0.10517,-0.11754,-0.09113
590,-0.10666,-0.122,-0.10625
591,-0.09279,-0.11726,-0.09904
592,-0.08911,-0.10912,-0.10893
593,-0.11409,-0.14554,-0.09206
594,-0.09237,-0.13095,-0.11612
595,-0.08605,-0.10759,-0.10448
596,-0.08833,-0.11077,-0.10014
597,-0.13527,-0.11679,-0.10707
598,-0.12562,-0.1346,-0.11176
599,-0.09841,-0.11218,-0.10136
600,-0.11377,-0.09478,-0.09401
601,-0.08721,-0.11483,-0.11844
602,-0.10191,-0.12211,-0.11274
603,-0.12162,-0.13041,-0.11392
604,-0.12402,-0.12316,-0.10689
605,-0.10799,-0.13376,-0.11165
606,-0.11004,-0.09892,-0.09626
607,-0.11478,-0.1038,-0.08914
608,-0.12188,-0.08773,-0.10746
609,-0.12317,-0.12269,-0.10081
610,-0.10475,-0.11529,-0.09374
611,-0.10689,-0.10215,-0.10744
612,-0.11185,-0.1168,-0.11715
613,-0.13052,-0.14167,-0.11725
614,-0.12062,-0.10753,-0.1016
615,-0.11047,-0.10727,-0.10663
616,-0.1321,-0.09102,-0.11059
617,-0.13452,-0.10095,-0.10883
618,-0.12792,-0.11761,-0.10069
619,-0.10951,-0.13992,-0.09788
620,-0.10825,-0.10084,-0.11437
621,-0.11964,-0.13158,-0.10908
622,-0.08663,-0.11517,-0.10984
623,-0.11333,-0.11534,-0.09653
624,-0.09253,-0.08904,-0.10203
625,-0.10794,-0.11922,-0.09399
626,-0.11993,-0.12218,-0.09506
627,-0.14708,-0.14322,-0.10424
628,-0.13634,-0.12236,-0.10307
629,-0.10452,-0.1212,-0.10583
630,-0.09229,-0.11491,-0.10553
631,-0.10321,-0.09574,-0.09401
632,-0.11162,-0.12569,-0.10172
633,-0.11821,-0.09668,-0.09282
634,-0.11984,-0.10832,-0.10336
635,-0.11353,-0.11306,-0.08962
636,-0.09045,-0.11731,-0.09555
637,-0.14056,-0.12121,-0.09949
638,-0.09782,-0.12108,-0.10213
639,-0.11497,-0.12222,-0.10394
640,-0.13737,-0.1377,-0.10216
641,-0.16687,-0.10764,-0.10714
642,-0.12958,-0.14996,-0.09327
643,-0.12398,-0.11692,-0.12067
644,-0.13359,-0.12354,-0.09086
645,-0.11142,-0.13397,-0.11063
646,-0.14691,-0.13722,-0.10799
647,-0.14513,-0.14705,-0.10342
648,-0.16234,-0.16399,-0.1114
649,-0.11133,-0.12268,-0.11603
650,-0.12181,-0.14107,-0.10583
651,-0.14279,-0.16226,-0.10805
652,-0.15149,-0.17078,-0.111
653,-0.15822,-0.1562,-0.11066
654,-0.14096,-0.13669,-0.11159
655,-0.13042,-0.15819,-0.11772
656,-0.16918,-0.15323,-0.11775
657,-0.14383,-0.15969,-0.10189
658,-0.16951,-0.14626,-0.10992
659,-0.14029,-0.14222,-0.12054
660,-0.14663,-0.18142,-0.11464
661,-0.16106,-0.14896,-0.12794
662,-0.13325,-0.1656,-0.1243
663,-0.1473,-0.14558,-0.11531
664,-0.15075,-0.1651,-0.11984
665,-0.16922,-0.14519,-0.12811
666,-0.11856,-0.15444,-0.13272
667,-0.1017,-0.1775,-0.12168
668,-0.12989,-0.15819,-0.11022
669,-0.09951,-0.16457,-0.10518
670,-0.13892,-0.14917,-0.10916
671,-0.12646,-0.1585,-0.11708
672,-0.11701,-0.15287,-0.12951
673,-0.13393,-0.13305,-0.1148
674,-0.13852,-0.14516,-0.13449
675,-0.13062,-0.13744,-0.11022
676,-0.14335,-0.15987,-0.12279
677,-0.08724,-0.17046,-0.09583
678,-0.11772,-0.14998,-0.12538
679,-0.13086,-0.13886,-0.11314
680,-0.12465,-0.11371,-0.11165
681,-0.1238,-0.15688,-0.12655
682,-0.10848,-0.13091,-0.12783
683,-0.13099,-0.12981,-0.10642
684,-0.13325,-0.1401,-0.10481
685,-0.12104,-0.15222,-0.10102
686,-0.1376,-0.12337,-0.10617
687,-0.11893,-0.14462,-0.09045
688,-0.11926,-0.11788,-0.11222
689,-0.13325,-0.1419,-0.11364
690,-0.12765,-0.13431,-0.10118
691,-0.13019,-0.14365,-0.09675
692,-0.13032,-0.13603,-0.10549
693,-0.11464,-0.16699,-0.11411
694,-0.12533,-0.14346,-0.10977
695,-0.12471,-0.12115,-0.10111
696,-0.13964,-0.11787,-0.11404
697,-0.12316,-0.15643,-0.1134
698,-0.07949,-0.11504,-0.10274
699,-0.11828,-0.12707,-0.09401
700,-0.15731,-0.14084,-0.10648
701,-0.11483,-0.14301,-0.11135
702,-0.13169,-0.13658,-0.10104
703,-0.12226,-0.14821,-0.10481
704,-0.1176,-0.12988,-0.10858
705,-0.11517,-0.14208,-0.10351
706,-0.11225,-0.13282,-0.10641
707,-0.14294,-0.14669,-0.10792
708,-0.12824,-0.12265,-0.11497
709,-0.14971,-0.14377,-0.10802
710,-0.12932,-0.14899,-0.10998
711,-0.13396,-0.14651,-0.11937
712,-0.10557,-0.15098,-0.10343
713,-0.12657,-0.15503,-0.11928
714,-0.15361,-0.15899,-0.10968
715,-0.11624,-0.15869,-0.11731
716,-0.12761,-0.15658,-0.11645
717,-0.1072,-0.15899,-0.09348
718,-0.10323,-0.14613,-0.10877
719,-0.12226,-0.14411,-0.11264
720,-0.12645,-0.11382,-0.10652
721,-0.13136,-0.16378,-0.10429
722,-0.13292,-0.17169,-0.1072
723,-0.12989,-0.13394,-0.11461
724,-0.12378,-0.1452,-0.11274
725,-0.15403,-0.14004,-0.10161
726,-0.11638,-0.17107,-0.13355
727,-0.11819,-0.14391,-0.10856
728,-0.13546,-0.14895,-0.10184
729,-0.12753,-0.15593,-0.11271
730,-0.11759,-0.10147,-0.10412
731,-0.13082,-0.12155,-0.11885
732,-0.1143,-0.13777,-0.09535
733,-0.11578,-0.14064,-0.10479
734,-0.13698,-0.1587,-0.10574
735,-0.11795,-0.14706,-0.10555
736,-0.14458,-0.12612,-0.1182
737,-0.11634,-0.13633,-0.08994
738,-0.14424,-0.1372,-0.10292
739,-0.14043,-0.16031,-0.1032
740,-0.11807,-0.14037,-0.09837
741,-0.10761,-0.12978,-0.11605
742,-0.14581,-0.12571,-0.11447
743,-0.1332,-0.14194,-0.10211
744,-0.13257,-0.11772,-0.10663
745,-0.14139,-0.14281,-0.09381
746,-0.12842,-0.14918,-0.10876
747,-0.13864,-0.13981,-0.08199
748,-0.13405,-0.16063,-0.10663
749,-0.1223,-0.14432,-0.08724
750,-0.12949,-0.13993,-0.10503
751,-0.14317,-0.14369,-0.08289
752,-0.14303,-0.16016,-0.0799
753,-0.13494,-0.13074,-0.10141
754,-0.12141,-0.12179,-0.08817
755,-0.10276,-0.16597,-0.08096
756,-0.12383,-0.1877,-0.09812
757,-0.14603,-0.13502,-0.08437
758,-0.11229,-0.13735,-0.08692
759,-0.10844,-0.14674,-0.10123
760,-0.12044,-0.13324,-0.09181
761,-0.12458,-0.14215,-0.08964
762,-0.15415,-0.13044,-0.07971
763,-0.13378,-0.13575,-0.08658
764,-0.10444,-0.10475,-0.07595
765,-0.13272,-0.12338,-0.08689
766,-0.11566,-0.12076,-0.0823
767,-0.12788,-0.14152,-0.07782
768,-0.127,-0.1362,-0.09128
769,-0.12496,-0.15655,-0.0721
770,-0.14353,-0.11532,-0.09002
771,-0.13305,-0.14401,-0.07752
772,-0.1233,-0.13604,-0.05659
773,-0.11334,-0.12856,-0.07133
774,-0.09273,-0.1122,-0.0602
775,-0.1169,-0.1364,-0.05359
776,-0.10921,-0.14071,-0.06601
777,-0.12435,-0.12683,-0.05446
778,-0.12107,-0.15098,-0.06461
779,-0.1069,-0.13448,-0.06403
780,-0.1098,-0.15056,-0.07842
781,-0.09445,-0.09459,-0.07323
782,-0.09873,-0.13567,-0.05139
783,-0.10697,-0.12809,-0.0561
784,-0.11643,-0.12368,-0.05266
785,-0.1581,-0.13224,-0.06722
786,-0.13784,-0.12093,-0.07036
787,-0.0919,-0.13485,-0.06383
788,-0.15648,-0.14103,-0.07793
789,-0.10681,-0.15587,-0.06252
790,-0.12596,-0.12395,-0.06536
791,-0.13726,-0.14433,-0.0743
792,-0.12955,-0.13248,-0.08048
793,-0.12557,-0.09097,-0.07601
794,-0.1267,-0.1321,-0.07208
795,-0.09673,-0.11225,-0.07073
796,-0.11086,-0.08662,-0.09133
797,-0.13446,-0.13236,-0.07785
798,-0.09737,-0.15234,-0.07792
799,-0.12072,-0.11767,-0.09206
800,-0.1507,-0.12006,-0.0646
801,-0.12311,-0.13949,-0.07525
802,-0.1621,-0.13914,-0.08222
803,-0.1234,-0.13334,-0.06332
804,-0.11644,-0.11345,-0.08417
805,-0.08785,-0.12837,-0.0753
806,-0.12694,-0.14485,-0.07968
807,-0.13029,-0.15323,-0.0752
808,-0.12831,-0.12907,-0.06119
809,-0.13602,-0.13243,-0.08127
810,-0.12103,-0.1266,-0.07515
811,-0.14079,-0.14355,-0.07195
812,-0.1112,-0.11954,-0.0669
813,-0.13063,-0.12935,-0.08578
814,-0.10886,-0.1308,-0.07257
815,-0.12614,-0.12043,-0.07852
816,-0.10428,-0.13524,-0.07643
817,-0.11649,-0.13628,-0.07552
818,-0.10306,-0.11065,-0.07321
819,-0.10195,-0.1313,-0.08177
820,-0.13515,-0.1432,-0.07047
821,-0.12499,-0.10631,-0.08809
822,-0.11399,-0.11782,-0.0826
823,-0.13457,-0.12041,-0.08118
824,-0.10872,-0.1111,-0.07551
825,-0.1408,-0.1295,-0.08411
826,-0.10074,-0.12264,-0.08434
827,-0.1085,-0.1014,-0.07121
828,-0.12321,-0.11778,-0.07317
829,-0.12945,-0.11696,-0.06777
830,-0.11711,-0.13133,-0.0676
831,-0.10171,-0.10755,-0.06929
832,-0.10936,-0.12974,-0.07569
833,-0.11494,-0.14413,-0.07343
834,-0.1005,-0.13353,-0.08156
835,-0.11721,-0.11712,-0.07475
836,-0.11136,-0.11875,-0.07484
837,-0.10754,-0.10688,-0.07359
838,-0.1163,-0.13457,-0.05859
839,-0.11671,-0.15603,-0.07192
840,-0.1276,-0.11602,-0.0722
841,-0.13283,-0.09027,-0.07432
842,-0.10486,-0.16706,-0.07172
843,-0.13912,-0.12926,-0.07984
844,-0.11325,-0.12562,-0.07891
845,-0.11821,-0.12831,-0.0723
846,-0.09613,-0.12912,-0.05978
847,-0.09855,-0.13565,-0.06787
848,-0.11931,-0.1351,-0.08351
849,-0.11773,-0.12769,-0.06185
850,-0.12022,-0.12653,-0.05678
851,-0.10764,-0.12665,-0.07417
852,-0.13888,-0.13196,-0.08077
853,-0.11579,-0.12068,-0.05876
854,-0.11456,-0.12794,-0.07678
855,-0.1264,-0.14709,-0.0715
856,-0.09005,-0.15399,-0.07332
857,-0.10533,-0.10292,-0.06825
858,-0.11673,-0.15315,-0.08671
859,-0.10912,-0.12042,-0.05953
860,-0.08776,-0.13783,-0.07666
861,-0.12271,-0.11927,-0.07173
862,-0.10397,-0.12306,-0.06802
863,-0.13203,-0.1315,-0.07717
864,-0.12037,-0.1533,-0.07653
865,-0.12962,-0.11328,-0.06634
866,-0.10467,-0.12358,-0.08631
867,-0.10535,-0.1198,-0.07252
868,-0.11153,-0.12491,-0.08057
869,-0.08428,-0.12771,-0.06644
870,-0.09393,-0.11917,-0.07985
871,-0.10747,-0.12661,-0.0791
872,-0.12428,-0.13512,-0.08318
873,-0.11438,-0.12316,-0.07993
874,-0.13639,-0.13786,-0.07482
875,-0.11252,-0.13734,-0.08316
876,-0.11191,-0.11929,-0.07854
877,-0.12766,-0.14999,-0.07417
878,-0.13441,-0.13988,-0.07331
879,-0.12758,-0.13052,-0.07548
880,-0.12483,-0.11635,-0.06653
881,-0.12071,-0.10655,-0.07584
882,-0.1248,-0.11104,-0.06256
883,-0.11518,-0.10692,-0.07256
884,-0.14749,-0.13033,-0.0651
885,-0.09538,-0.11524,-0.07355
886,-0.1095,-0.1049,-0.08406
887,-0.11485,-0.11008,-0.06327
888,-0.10564,-0.13244,-0.0754
889,-0.12423,-0.15121,-0.06586
890,-0.12204,-0.12508,-0.09366
891,-0.11386,-0.1446,-0.07008
892,-0.12387,-0.11921,-0.07116
893,-0.08686,-0.12259,-0.07555
894,-0.1199,-0.09854,-0.07043
895,-0.09466,-0.13379,-0.06723
896,-0.11532,-0.11414,-0.06867
897,-0.12472,-0.11336,-0.07531
898,-0.12388,-0.11996,-0.06378
899,-0.12686,-0.16641,-0.08441
900,-0.12711,-0.13467,-0.08361
901,-0.11044,-0.12975,-0.09354
902,-0.10125,-0.13956,-0.06324
903,-0.12066,-0.11802,-0.05568
904,-0.12496,-0.08999,-0.07324
905,-0.101,-0.09935,-0.0797
906,-0.09884,-0.11631,-0.0749
907,-0.09199,-0.14048,-0.06707
908,-0.11721,-0.11719,-0.07077
909,-0.09436,-0.13845,-0.08199
910,-0.11473,-0.11433,-0.0751
911,-0.14941,-0.11169,-0.08725
912,-0.08184,-0.13786,-0.0594
913,-0.12109,-0.13852,-0.08033
914,-0.09785,-0.13841,-0.06937
915,-0.12993,-0.12721,-0.07155
916,-0.11139,-0.10403,-0.08149
917,-0.13404,-0.1275,-0.07588
918,-0.09461,-0.09624,-0.07198
919,-0.14968,-0.11546,-0.08293
920,-0.13834,-0.09694,-0.06989
921,-0.11489,-0.10278,-0.09066
922,-0.08837,-0.0983,-0.08185
923,-0.11915,-0.11258,-0.06493
924,-0.10448,-0.10745,-0.09282
925,-0.10455,-0.12515,-0.07884
926,-0.13047,-0.13602,-0.08182
927,-0.12133,-0.09374,-0.07053
928,-0.09737,-0.15139,-0.0944
929,-0.09743,-0.10393,-0.07145
930,-0.11359,-0.1442,-0.0725
931,-0.11167,-0.12934,-0.08041
932,-0.10566,-0.12588,-0.072
933,-0.1079,-0.11949,-0.07748
934,-0.10828,-0.09887,-0.06969
935,-0.09423,-0.10958,-0.05824
936,-0.12857,-0.09309,-0.07637
937,-0.11818,-0.11593,-0.0761
938,-0.09883,-0.12132,-0.07759
939,-0.11426,-0.11993,-0.07066
940,-0.12718,-0.10377,-0.07838
941,-0.12596,-0.13384,-0.08589
942,-0.10784,-0.11091,-0.0671
943,-0.09703,-0.11448,-0.0738
944,-0.12289,-0.13647,-0.06607
945,-0.12107,-0.11291,-0.07715
946,-0.11515,-0.11485,-0.07396
947,-0.10374,-0.12327,-0.07552
948,-0.10899,-0.11633,-0.06577
949,-0.11141,-0.16137,-0.07475
950,-0.13465,-0.11977,-0.0668
951,-0.10896,-0.09607,-0.07763
952,-0.12347,-0.1462,-0.08301
953,-0.12613,-0.1146,-0.08429
954,-0.11779,-0.09992,-0.07689
955,-0.14684,-0.10447,-0.0672
956,-0.10116,-0.11319,-0.06709
957,-0.10322,-0.10266,-0.06092
958,-0.11696,-0.12645,-0.08643
959,-0.08697,-0.13239,-0.06898
960,-0.12657,-0.11081,-0.08067
961,-0.1076,-0.11704,-0.07624
962,-0.10696,-0.1238,-0.08385
963,-0.124,-0.14073,-0.06848
964,-0.07544,-0.14034,-0.07373
965,-0.10189,-0.12747,-0.07483
966,-0.11633,-0.0968,-0.06809
967,-0.12014,-0.11692,-0.05893
968,-0.12003,-0.11428,-0.07434
969,-0.13414,-0.11415,-0.06271
970,-0.1302,-0.15635,-0.0895
971,-0.10484,-0.15878,-0.07261
972,-0.10519,-0.0934,-0.06278
973,-0.11784,-0.1511,-0.07811
974,-0.1144,-0.11921,-0.07129
975,-0.11435,-0.15159,-0.07122
976,-0.1527,-0.13642,-0.06129
977,-0.14221,-0.11299,-0.06996
978,-0.12004,-0.1368,-0.06973
979,-0.13074,-0.13787,-0.06961
980,-0.12824,-0.12879,-0.07819
981,-0.14089,-0.11308,-0.07992
982,-0.14049,-0.12472,-0.0741
983,-0.12937,-0.13439,-0.08123
984,-0.13961,-0.14657,-0.07017
985,-0.12438,-0.12951,-0.0863
986,-0.14597,-0.12257,-0.05967
987,-0.10499,-0.12041,-0.08146
988,-0.12242,-0.13852,-0.07285
989,-0.11928,-0.11761,-0.06802
990,-0.10528,-0.11807,-0.06587
991,-0.10887,-0.11401,-0.06773
992,-0.11587,-0.15556,-0.07098
993,-0.12903,-0.13657,-0.07392
994,-0.09132,-0.15661,-0.07917
995,-0.10538,-0.14584,-0.08615
996,-0.12513,-0.11421,-0.07188
997,-0.12977,-0.12711,-0.07598
998,-0.12432,-0.116,-0.09177
999,-0.11487,-0.10082,-0.07337
1000,-0.11814,-0.12126,-0.0668
1001,-0.10447,-0.15431,-0.08148
1002,-0.10621,-0.15333,-0.07196
1003,-0.13097,-0.12696,-0.07044
1004,-0.13396,-0.1374,-0.06874
1005,-0.11281,-0.12812,-0.0797
1006,-0.1022,-0.13801,-0.07061
1007,-0.12359,-0.1238,-0.08417
1008,-0.08063,-0.14076,-0.07203
1009,-0.11033,-0.15211,-0.06562
1010,-0.09377,-0.12808,-0.07824
1011,-0.10144,-0.12248,-0.07774
1012,-0.13134,-0.11738,-0.06416
1013,-0.13217,-0.12439,-0.05877
1014,-0.13744,-0.12552,-0.07253
1015,-0.11028,-0.12878,-0.07094
1016,-0.12672,-0.14705,-0.06588
1017,-0.13966,-0.13966,-0.06269
1018,-0.11786,-0.14533,-0.07785
1019,-0.13649,-0.1448,-0.07574
1020,-0.12318,-0.12469,-0.07119
1021,-0.13236,-0.1601,-0.06938
1022,-0.0719,-0.12421,-0.07544
1023,-0.13051,-0.12859,-0.09112
1024,-0.10474,-0.11198,-0.07569
1025,-0.13348,-0.10645,-0.08268
1026,-0.13199,-0.15615,-0.07829
1027,-0.10022,-0.14026,-0.08076
1028,-0.12091,-0.12277,-0.06663
1029,-0.13202,-0.13353,-0.05641
1030,-0.10071,-0.12654,-0.06631
1031,-0.12842,-0.12158,-0.0695
1032,-0.13209,-0.14217,-0.07197
1033,-0.08862,-0.13033,-0.07466
1034,-0.12234,-0.11149,-0.0691
1035,-0.12317,-0.14055,-0.05951
1036,-0.12346,-0.1314,-0.08641
1037,-0.14264,-0.11668,-0.07255
1038,-0.10732,-0.13682,-0.08448
1039,-0.11004,-0.17768,-0.07343
1040,-0.10783,-0.11604,-0.05631
1041,-0.09553,-0.1353,-0.06964
1042,-0.08253,-0.10883,-0.06598
1043,-0.12043,-0.13436,-0.07225
1044,-0.10551,-0.12925,-0.07558
1045,-0.1015,-0.14153,-0.07108
1046,-0.1423,-0.14799,-0.0704
1047,-0.1521,-0.13271,-0.06979
1048,-0.12067,-0.14274,-0.0772
1049,-0.11602,-0.13183,-0.06997
1050,-0.12928,-0.15326,-0.08314
1051,-0.09956,-0.15973,-0.06976
1052,-0.1155,-0.10939,-0.06722
1053,-0.11725,-0.11783,-0.08421
1054,-0.12485,-0.15806,-0.08404
1055,-0.10971,-0.12112,-0.07345
1056,-0.08706,-0.11078,-0.07921
1057,-0.09936,-0.1135,-0.0696
1058,-0.15376,-0.12828,-0.07726
1059,-0.1153,-0.10649,-0.0617
1060,-0.11641,-0.13398,-0.07317
1061,-0.09166,-0.14396,-0.07281
1062,-0.11269,-0.11182,-0.08431
1063,-0.11914,-0.14637,-0.08097
1064,-0.10695,-0.13594,-0.07521
1065,-0.12111,-0.15195,-0.07566
1066,-0.12962,-0.15377,-0.07512
1067,-0.11839,-0.11845,-0.07392
1068,-0.13007,-0.13342,-0.08204
1069,-0.1164,-0.13727,-0.08688
1070,-0.13224,-0.17093,-0.06988
1071,-0.13033,-0.13053,-0.08575
1072,-0.12964,-0.15007,-0.07692
1073,-0.10159,-0.1112,-0.07185
1074,-0.1084,-0.12773,-0.08178
1075,-0.13772,-0.13132,-0.06336
1076,-0.13384,-0.13356,-0.07371
1077,-0.11143,-0.12275,-0.08467
1078,-0.10994,-0.16001,-0.07472
1079,-0.12945,-0.10862,-0.08042
1080,-0.14422,-0.1036,-0.07626
1081,-0.1271,-0.12933,-0.0828
1082,-0.13334,-0.10635,-0.07181
1083,-0.09229,-0.14637,-0.08637
1084,-0.12519,-0.10052,-0.08343
1085,-0.09834,-0.12471,-0.06749
1086,-0.1102,-0.13113,-0.0779
1087,-0.11139,-0.10945,-0.07156
1088,-0.14703,-0.12018,-0.06923
1089,-0.1556,-0.10239,-0.07324
1090,-0.12399,-0.14198,-0.07561
1091,-0.12831,-0.11044,-0.08635
1092,-0.1199,-0.12274,-0.0653
1093,-0.12101,-0.13363,-0.07665
1094,-0.12698,-0.14299,-0.06607
1095,-0.13248,-0.13933,-0.07271
1096,-0.10052,-0.12293,-0.06807
1097,-0.12116,-0.08753,-0.07493
1098,-0.13419,-0.13647,-0.06928
1099,-0.15195,-0.12646,-0.07491
1100,-0.11449,-0.11743,-0.07383
1101,-0.10752,-0.15504,-0.05686
1102,-0.11839,-0.09675,-0.07333
1103,-0.1504,-0.10992,-0.06799
1104,-0.09511,-0.09734,-0.07634
1105,-0.12422,-0.12702,-0.05484
1106,-0.11418,-0.1506,-0.0763
1107,-0.12128,-0.10863,-0.08015
1108,-0.13012,-0.16399,-0.07936
1109,-0.12355,-0.12438,-0.07909
1110,-0.14121,-0.12053,-0.07543
1111,-0.13077,-0.12215,-0.07879
1112,-0.10967,-0.13645,-0.06876
1113,-0.09522,-0.13673,-0.05862
1114,-0.12612,-0.12354,-0.0644
1115,-0.1233,-0.11625,-0.0687
1116,-0.13168,-0.12842,-0.07921
1117,-0.14795,-0.13629,-0.06162
1118,-0.14542,-0.12668,-0.06537
1119,-0.09517,-0.11321,-0.06953
1120,-0.09935,-0.14012,-0.08867
1121,-0.1322,-0.16345,-0.06239
1122,-0.1036,-0.13577,-0.07569
1123,-0.09528,-0.1227,-0.07544
1124,-0.1203,-0.12036,-0.08849
1125,-0.11417,-0.13412,-0.06888
1126,-0.10526,-0.10688,-0.06835
1127,-0.12099,-0.14286,-0.06581
1128,-0.10229,-0.09643,-0.0658
1129,-0.10976,-0.11306,-0.08836
1130,-0.13147,-0.10607,-0.07638
1131,-0.12357,-0.13064,-0.06886
1132,-0.13192,-0.11374,-0.06538
1133,-0.1243,-0.12518,-0.08661
1134,-0.12368,-0.13699,-0.07834
1135,-0.11231,-0.13287,-0.08339
1136,-0.13389,-0.13669,-0.07182
1137,-0.12622,-0.12991,-0.05198
1138,-0.15425,-0.09675,-0.07762
1139,-0.1228,-0.1371,-0.06172
1140,-0.11203,-0.12106,-0.07216
1141,-0.12358,-0.10779,-0.06055
1142,-0.11885,-0.11829,-0.06691
1143,-0.12961,-0.12578,-0.05881
1144,-0.12381,-0.13647,-0.06475
1145,-0.11865,-0.12009,-0.0707
1146,-0.1166,-0.13395,-0.07461
1147,-0.1199,-0.11491,-0.07885
1148,-0.10569,-0.12857,-0.07186
1149,-0.12419,-0.15485,-0.06682
1150,-0.12001,-0.13107,-0.07028
1151,-0.1365,-0.14492,-0.08704
1152,-0.1111,-0.15527,-0.07423
1153,-0.13619,-0.13924,-0.0816
1154,-0.1033,-0.1443,-0.08304
1155,-0.13787,-0.11063,-0.07562
1156,-0.12425,-0.14568,-0.07848
1157,-0.10607,-0.12989,-0.08216
1158,-0.10226,-0.14746,-0.0704
1159,-0.1193,-0.11019,-0.06478
1160,-0.13777,-0.14328,-0.07177
1161,-0.12311,-0.14485,-0.08154
1162,-0.13378,-0.13652,-0.06539
1163,-0.13592,-0.10714,-0.09657
1164,-0.13875,-0.14239,-0.08561
1165,-0.13198,-0.11693,-0.0704
1166,-0.14049,-0.1202,-0.09069
1167,-0.14779,-0.11438,-0.07556
1168,-0.11302,-0.13215,-0.07282
1169,-0.16109,-0.13092,-0.0648
1170,-0.11925,-0.13133,-0.07519
1171,-0.13228,-0.15292,-0.07467
1172,-0.11426,-0.1244,-0.07381
1173,-0.11676,-0.12315,-0.07815
1174,-0.12637,-0.14059,-0.09245
1175,-0.12257,-0.10483,-0.07974
1176,-0.11488,-0.10507,-0.07481
1177,-0.13966,-0.11678,-0.07693
1178,-0.12114,-0.13506,-0.09309
1179,-0.13654,-0.1415,-0.07992
1180,-0.12279,-0.15644,-0.07457
1181,-0.12288,-0.08953,-0.07618
1182,-0.13333,-0.12732,-0.06288
1183,-0.12094,-0.16835,-0.08255
1184,-0.11171,-0.12394,-0.06149
1185,-0.14996,-0.13641,-0.06661
1186,-0.14931,-0.09082,-0.0761
1187,-0.11216,-0.13769,-0.07444
1188,-0.10239,-0.11395,-0.06639
1189,-0.11449,-0.13712,-0.07255
1190,-0.10834,-0.11681,-0.08235
1191,-0.11978,-0.13362,-0.0615
1192,-0.15823,-0.14869,-0.0545
1193,-0.11312,-0.14698,-0.07469
1194,-0.10945,-0.12395,-0.0619
1195,-0.11235,-0.14285,-0.06182
1196,-0.12511,-0.12281,-0.07342
1197,-0.10714,-0.1209,-0.05705
1198,-0.12725,-0.11969,-0.05896
1199,-0.12815,-0.12775,-0.07453
1200,-0.07808,-0.12884,-0.06656
1201,-0.11724,-0.12496,-0.0734
1202,-0.1328,-0.12473,-0.06161
1203,-0.11086,-0.10754,-0.06998
1204,-0.09617,-0.12423,-0.07427
1205,-0.1555,-0.1466,-0.06449
1206,-0.12485,-0.13246,-0.0783
1207,-0.12036,-0.13635,-0.07646
1208,-0.13503,-0.11957,-0.08258
1209,-0.12913,-0.1102,-0.08487
1210,-0.1073,-0.14306,-0.08658
1211,-0.1221,-0.12425,-0.09229
1212,-0.13277,-0.13652,-0.07287
1213,-0.1363,-0.17143,-0.08185
1214,-0.137,-0.14422,-0.07478
1215,-0.12525,-0.13774,-0.07789
1216,-0.13452,-0.1646,-0.0928
1217,-0.10032,-0.14096,-0.07356
1218,-0.14871,-0.10444,-0.08925
1219,-0.13406,-0.11046,-0.08326
1220,-0.12437,-0.13648,-0.08971
1221,-0.14512,-0.11941,-0.09442
1222,-0.14221,-0.15059,-0.09084
1223,-0.10078,-0.13105,-0.08381
1224,-0.14635,-0.12298,-0.11838
1225,-0.14193,-0.10683,-0.09314
1226,-0.13147,-0.10779,-0.0983
1227,-0.11925,-0.12363,-0.0878
1228,-0.1353,-0.1319,-0.09699
1229,-0.11864,-0.12443,-0.10942
1230,-0.12876,-0.13195,-0.1021
1231,-0.16526,-0.13622,-0.08824
1232,-0.15152,-0.10391,-0.09852
1233,-0.13257,-0.14669,-0.09269
1234,-0.1329,-0.13968,-0.10638
1235,-0.1495,-0.12376,-0.09607
1236,-0.11652,-0.08514,-0.09391
1237,-0.11357,-0.1377,-0.10654
1238,-0.14995,-0.10757,-0.09744
1239,-0.13068,-0.1097,-0.106
1240,-0.14153,-0.11316,-0.09604
1241,-0.13704,-0.11034,-0.10169
1242,-0.12381,-0.13086,-0.0966
1243,-0.12961,-0.13448,-0.08938
1244,-0.13036,-0.10798,-0.09858
1245,-0.1021,-0.14529,-0.09842
1246,-0.15232,-0.15011,-0.09813
1247,-0.11726,-0.11885,-0.09518
1248,-0.13373,-0.1149,-0.09776
1249,-0.11948,-0.09398,-0.0982
1250,-0.11492,-0.12903,-0.11101
1251,-0.12015,-0.13946,-0.10522
1252,-0.14829,-0.11374,-0.08448
1253,-0.10936,-0.14601,-0.10934
1254,-0.12798,-0.12534,-0.09861
1255,-0.09766,-0.11437,-0.09011
1256,-0.10621,-0.11623,-0.10906
1257,-0.12746,-0.11858,-0.10163
1258,-0.10165,-0.14173,-0.0956
1259,-0.11456,-0.13611,0.01429
1260,-0.1021,-0.11861,0.0328
1261,-0.14356,-0.17193,0.33145
1262,-0.16065,-0.29248,0.34031
1263,-0.2099,-0.4901,0.60697
1264,-0.05992,-0.33664,0.13154
1265,-0.07149,-0.25078,0.11732
1266,-0.05667,-0.19607,-0.03235
1267,-0.0965,-0.19794,0.10045
1268,-0.07503,-0.24932,0.13467
1269,-0.0266,-0.24823,0.15553
1270,-0.03707,-0.22669,0.08868
1271,-0.0305,-0.24828,0.12486
1272,-0.08419,-0.22791,0.17466
1273,-0.02535,-0.21856,0.08425
1274,-0.01327,-0.20397,0.03093
1275,-0.04752,-0.18078,-0.01652
1276,-0.07452,-0.1609,-0.00517
1277,-0.05864,-0.11343,-0.02092
1278,-0.02893,-0.13576,-0.04043
1279,-0.02889,-0.0982,-0.04401
1280,-0.06149,-0.09738,-0.02563
1281,-0.07022,-0.11926,-0.03826
1282,-0.08901,-0.10113,-0.0366
1283,-0.04338,-0.1335,-0.02137
1284,-0.07959,-0.14337,-0.01948
1285,-0.11015,-0.11052,-0.01461
1286,-0.07363,-0.1072,-0.02396
1287,-0.06879,-0.13191,-0.04236
1288,-0.07565,-0.11811,-0.02229
1289,-0.09992,-0.12998,-0.04031
1290,-0.08319,-0.13649,-0.02001
1291,-0.07903,-0.13157,-0.01517
1292,-0.08535,-0.14026,-0.03443
1293,-0.06696,-0.15423,-0.0228
1294,-0.08912,-0.12626,-0.03263
1295,-0.07414,-0.13497,-0.00756
1296,-0.07989,-0.10824,-0.02397
1297,-0.07068,-0.11295,-0.03719
1298,-0.09029,-0.10329,-0.02273
1299,-0.09259,-0.15585,-0.0175
1300,-0.07659,-0.13068,-0.01113
1301,-0.06856,-0.12846,-0.00989
1302,-0.09149,-0.13864,-0.0134
1303,-0.10337,-0.14668,-0.01401
1304,-0.07749,-0.1677,-0.01044
1305,-0.09649,-0.15567,-0.02414
1306,-0.09023,-0.14317,-0.02314
1307,-0.07835,-0.12509,-0.02028
1308,-0.06983,-0.17457,-0.02563
1309,-0.08556,-0.14951,-0.01834
1310,-0.12271,-0.14501,-0.00672
1311,-0.10696,-0.1262,-0.01636
1312,-0.09507,-0.15585,-0.01049
1313,-0.10597,-0.13803,-0.01348
1314,-0.06664,-0.17077,-0.01955
1315,-0.07667,-0.14382,0.00118
1316,-0.121,-0.13626,-0.01851
1317,-0.06768,-0.15694,-0.02678
1318,-0.09855,-0.14606,-0.0086
1319,-0.13491,-0.14362,-0.00376
1320,-0.08477,-0.14933,-0.00315
1321,-0.06626,-0.13655,-0.01272
1322,-0.09504,-0.1465,-0.00331
1323,-0.10671,-0.14653,-0.00366
1324,-0.0728,-0.12928,-0.01762
1325,-0.07769,-0.1539,-0.00795
1326,-0.08356,-0.1545,-0.00202
1327,-0.06192,-0.123,-0.01466
1328,-0.10186,-0.1555,-0.00931
1329,-0.11022,-0.13089,-0.01521
1330,-0.0997,-0.15002,-0.00189
1331,-0.0745,-0.13297,-0.01997
1332,-0.10201,-0.15716,0.00294
1333,-0.07788,-0.16043,-0.00406
1334,-0.11467,-0.16013,0.00028
1335,-0.1056,-0.15264,-0.01231
1336,-0.07687,-0.11765,-0.00484
1337,-0.07589,-0.17447,-0.00956
1338,-0.05938,-0.13378,-0.0112
1339,-0.09766,-0.13506,0.00942
1340,-0.08767,-0.14224,0.00415
1341,-0.10813,-0.14648,0.00191
1342,-0.06172,-0.12111,-0.00042
1343,-0.09792,-0.11712,-0.00263
1344,-0.09537,-0.13973,0.00149
1345,-0.09162,-0.11719,-0.0068
1346,-0.09227,-0.13911,-0.00889
1347,-0.08646,-0.13638,-0.00359
1348,-0.08323,-0.13689,-0.00923
1349,-0.06859,-0.14187,-0.00267
1350,-0.09256,-0.1309,-0.00413
1351,-0.08374,-0.12345,-0.0063
1352,-0.06264,-0.15496,-0.00586
1353,-0.10197,-0.14937,-0.00858
1354,-0.09129,-0.17679,0.00287
1355,-0.07266,-0.14448,0.01243
1356,-0.09541,-0.14259,0.00729
1357,-0.11583,-0.14278,-0.00752
1358,-0.07887,-0.1325,0.00308
1359,-0.09509,-0.12908,-0.00998
1360,-0.10487,-0.1398,-0.00426
1361,-0.09674,-0.14974,0.00304
1362,-0.13194,-0.12835,0.00699
1363,-0.11915,-0.14363,0.00465
1364,-0.10555,-0.14478,0.00202
1365,-0.10037,-0.14379,-0.00396
1366,-0.10328,-0.12696,0.0012
1367,-0.08883,-0.14973,-0.00119
1368,-0.11894,-0.11903,-0.00999
1369,-0.08785,-0.13305,0.00616
1370,-0.08549,-0.13023,0.006
1371,-0.09707,-0.13174,-0.00673
1372,-0.10571,-0.17345,0.00764
1373,-0.09056,-0.175,0.00727
1374,-0.12001,-0.17836,-0.01402
1375,-0.11423,-0.16706,-0.00465
1376,-0.07967,-0.14214,0.00372
1377,-0.10101,-0.14273,0.00349
1378,-0.08372,-0.12751,-0.00077
1379,-0.12476,-0.14812,-0.00375
1380,-0.09048,-0.14603,-0.00545
1381,-0.06653,-0.13439,-0.00689
1382,-0.10745,-0.13042,-0.00022
1383,-0.09114,-0.14485,0.00605
1384,-0.09184,-0.13038,0.01183
1385,-0.07919,-0.15083,0.00764
1386,-0.09262,-0.16969,-0.00355
1387,-0.11569,-0.14262,-0.01541
1388,-0.09409,-0.14402,-0.00601
1389,-0.07568,-0.13273,0.00487
1390,-0.10332,-0.13165,-0.00938
1391,-0.08196,-0.16277,-0.00305
1392,-0.08584,-0.12314,-0.00402
1393,-0.11497,-0.10166,0.00658
1394,-0.05143,-0.1547,-0.01013
1395,-0.11671,-0.13808,0.00646
1396,-0.07255,-0.1594,0.00919
1397,-0.09299,-0.15,0.0064
1398,-0.09838,-0.14075,-0.00575
1399,-0.088,-0.15009,0.00868
1400,-0.10952,-0.14995,-0.00147
1401,-0.08238,-0.16484,-0.01693
1402,-0.09771,-0.14093,-0.00664
1403,-0.10006,-0.14373,0.00601
1404,-0.10903,-0.11395,-0.00178
1405,-0.0985,-0.17555,-0.00813
1406,-0.08424,-0.10636,-0.00097
1407,-0.09197,-0.14992,-0.01404
1408,-0.0927,-0.13413,-0.00888
1409,-0.08897,-0.13812,-0.01194
1410,-0.08374,-0.13517,0.00629
1411,-0.10457,-0.16309,-0.00848
1412,-0.08652,-0.15832,0.01085
1413,-0.10218,-0.16713,0.00193
1414,-0.09205,-0.14481,-0.00255
1415,-0.07199,-0.15051,0.00408
1416,-0.09406,-0.10982,0.00871
1417,-0.09438,-0.1175,0.00261
1418,-0.07751,-0.14395,0.00479
1419,-0.09751,-0.1577,-0.00579
1420,-0.09546,-0.13106,-0.00462
1421,-0.07987,-0.1364,-0.00901
1422,-0.0884,-0.12984,-0.00162
1423,-0.08332,-0.15161,0.00224
1424,-0.09612,-0.13752,-0.00405
1425,-0.10489,-0.16654,0.0098
1426,-0.08832,-0.15804,-0.00518
1427,-0.08619,-0.14117,-0.00605
1428,-0.10261,-0.14347,0.00418
1429,-0.10316,-0.15219,-0.01334
1430,-0.08681,-0.13051,-0.00742
1431,-0.10887,-0.13928,-0.0003
1432,-0.08529,-0.13797,-0.00228
1433,-0.08536,-0.12741,-0.01552
1434,-0.09416,-0.14347,-0.0102
1435,-0.08596,-0.1323,-0.00111
1436,-0.08639,-0.13688,0.0042
1437,-0.08693,-0.15558,-0.00665
1438,-0.08667,-0.14993,0.00768
1439,-0.09836,-0.17624,0.00801
1440,-0.08485,-0.13685,0.00727
1441,-0.10099,-0.17602,0.00711
1442,-0.13738,-0.13731,-0.00961
1443,-0.07023,-0.13658,0.00015
1444,-0.09119,-0.19672,-0.00743
1445,-0.07634,-0.17288,0.0106
1446,-0.06521,-0.12572,0.00807
1447,-0.09655,-0.13643,0.00036
1448,-0.10944,-0.12179,-0.00071
1449,-0.09695,-0.13941,0.00176
1450,-0.08647,-0.16654,-0.00803
1451,-0.08835,-0.14947,-0.00802
1452,-0.09172,-0.15972,0.00303
1453,-0.06551,-0.12471,-0.00294
1454,-0.06673,-0.17147,-0.00364
1455,-0.08771,-0.14545,-0.00764
1456,-0.06213,-0.14679,-0.00602
1457,-0.10599,-0.16819,0.00049
1458,-0.09802,-0.15536,-0.00384
1459,-0.07509,-0.16513,-0.00981
1460,-0.08242,-0.16395,0.00163
1461,-0.06724,-0.15709,-0.00021
1462,-0.06639,-0.16059,0.00466
1463,-0.08933,-0.16364,-0.00508
1464,-0.07964,-0.14756,-0.0055
1465,-0.09119,-0.16642,-0.00278
1466,-0.10424,-0.16582,-0.00433
1467,-0.07479,-0.15862,0.00097
1468,-0.09382,-0.13684,-0.00382
1469,-0.10984,-0.1505,-0.00226
1470,-0.09538,-0.14663,0.01495
1471,-0.10382,-0.18039,0.00564
1472,-0.06829,-0.15353,-0.00726
1473,-0.07516,-0.16623,-0.00104
1474,-0.09799,-0.16371,-0.01186
1475,-0.09329,-0.19315,0.00105
1476,-0.09463,-0.17417,0.00397
1477,-0.10036,-0.17078,0.02053
1478,-0.09151,-0.15647,-0.00929
1479,-0.08812,-0.16668,-0.00408
1480,-0.13814,-0.12329,0.01381
1481,-0.10924,-0.1279,0.00508
1482,-0.10018,-0.13216,0.00939
1483,-0.08322,-0.11744,0.00118
1484,-0.10072,-0.15893,0.00562
1485,-0.10911,-0.14684,-0.00298
1486,-0.07778,-0.16619,0.0099
1487,-0.09238,-0.16583,0.01263
1488,-0.08859,-0.16959,0.01509
1489,-0.08728,-0.14085,-0.00276
1490,-0.10496,-0.14074,0.00117
1491,-0.07987,-0.16228,0.01532
1492,-0.09683,-0.17272,0.01209
1493,-0.15412,-0.15738,0.00923
1494,-0.07242,-0.16265,0.00746
1495,-0.12006,-0.18428,0.01774
1496,-0.10005,-0.18312,0.02077
1497,-0.1156,-0.17031,0.02305
1498,-0.08512,-0.15969,0.03118
1499,-0.09752,-0.17108,0.01287
1500,-0.11382,-0.17734,0.01812
1501,-0.10269,-0.1867,-0.0036
1502,-0.10613,-0.13624,-0.01588
1503,-0.14441,-0.18282,-0.01301
1504,-0.10574,-0.1584,-0.0157
1505,-0.09017,-0.16102,-0.03852
1506,-0.09629,-0.1596,-0.05802
1507,-0.1013,-0.13259,-0.0503
1508,-0.11772,-0.13291,-0.05407
1509,-0.10406,-0.16904,-0.06665
1510,-0.09851,-0.13157,-0.0876
1511,-0.11593,-0.14404,-0.05752
1512,-0.09255,-0.1217,-0.08422
1513,-0.04901,-0.13501,-0.09306
1514,-0.07026,-0.10517,-0.09686
1515,-0.079,-0.12316,-0.09158
1516,-0.10737,-0.11555,-0.11067
1517,-0.10198,-0.11136,-0.10465
1518,-0.1213,-0.11184,-0.0964
1519,-0.07534,-0.12769,-0.11189
1520,-0.11167,-0.13512,-0.11224
1521,-0.0852,-0.1184,-0.12578
1522,-0.10665,-0.12566,-0.12403
1523,-0.08465,-0.11355,-0.11489
1524,-0.10349,-0.10238,-0.12769
1525,-0.10927,-0.11832,-0.11347
1526,-0.09654,-0.11165,-0.13224
1527,-0.0878,-0.1226,-0.12884
1528,-0.09866,-0.1393,-0.15685
1529,-0.06935,-0.12361,-0.12654
1530,-0.07336,-0.12925,-0.13966
1531,-0.1304,-0.12905,-0.12486
1532,-0.10255,-0.14319,-0.12283
1533,-0.10762,-0.08296,-0.12847
1534,-0.10281,-0.09947,-0.12384
1535,-0.10702,-0.11903,-0.14444
1536,-0.08965,-0.10474,-0.13687
1537,-0.11824,-0.07993,-0.1331
1538,-0.13364,-0.08334,-0.14603
1539,-0.08748,-0.07518,-0.1411
1540,-0.09071,-0.08684,-0.12231
1541,-0.1126,-0.07502,-0.14331
1542,-0.10595,-0.12061,-0.13664
1543,-0.11394,-0.07866,-0.13112
1544,-0.09005,-0.09762,-0.1373
1545,-0.11388,-0.06774,-0.13493
1546,-0.10061,-0.09594,-0.12602
1547,-0.13183,-0.08829,-0.1304
1548,-0.09593,-0.11933,-0.1353
1549,-0.09147,-0.10326,-0.13633
1550,-0.09964,-0.08378,-0.138
1551,-0.1062,-0.09579,-0.14138
1552,-0.11229,-0.08742,-0.14102
1553,-0.07965,-0.1127,-0.12393
1554,-0.08923,-0.13835,-0.13223
1555,-0.09719,-0.09749,-0.13069
1556,-0.10474,-0.09286,-0.12548
1557,-0.0724,-0.11708,-0.11503
1558,-0.11142,-0.08513,-0.13624
1559,-0.10081,-0.10638,-0.11609
1560,-0.09069,-0.14269,-0.13357
1561,-0.07605,-0.11808,-0.13164
1562,-0.08528,-0.11381,-0.1216
1563,-0.0759,-0.11845,-0.13337
1564,-0.11061,-0.09724,-0.13631
1565,-0.09259,-0.11233,-0.12732
1566,-0.07789,-0.10889,-0.13344
1567,-0.10649,-0.1189,-0.1282
1568,-0.14842,-0.1222,-0.13426
1569,-0.10332,-0.09179,-0.13067
1570,-0.10701,-0.08449,-0.14437
1571,-0.12559,-0.11218,-0.14333
1572,-0.11919,-0.08415,-0.13577
1573,-0.09285,-0.10384,-0.11999
1574,-0.11938,-0.09528,-0.13614
1575,-0.12135,-0.11505,-0.13885
1576,-0.10843,-0.11248,-0.12151
1577,-0.10278,-0.10189,-0.14205
1578,-0.10326,-0.11132,-0.12896
1579,-0.1268,-0.07127,-0.12385
1580,-0.09273,-0.06048,-0.13107
1581,-0.13006,-0.11912,-0.13508
1582,-0.1157,-0.0748,-0.13967
1583,-0.09642,-0.09774,-0.13325
1584,-0.07345,-0.10746,-0.12092
1585,-0.09757,-0.07962,-0.12139
1586,-0.10353,-0.09988,-0.12627
1587,-0.10572,-0.10574,-0.13896
1588,-0.10332,-0.11874,-0.12411
1589,-0.11572,-0.09457,-0.12659
1590,-0.08256,-0.11163,-0.12583
1591,-0.10398,-0.09834,-0.12595
1592,-0.12644,-0.10566,-0.1186
1593,-0.07355,-0.12796,-0.12883
1594,-0.09536,-0.10591,-0.11418
1595,-0.10689,-0.09814,-0.13215
1596,-0.09523,-0.08907,-0.14748
1597,-0.09072,-0.10961,-0.12828
1598,-0.10166,-0.10791,-0.13005
1599,-0.0807,-0.11171,-0.1383
1600,-0.07267,-0.10564,-0.12865
1601,-0.09783,-0.11527,-0.12415
1602,-0.08042,-0.12258,-0.14243
1603,-0.09494,-0.08641,-0.14063
1604,-0.08205,-0.09594,-0.13
1605,-0.07715,-0.08593,-0.12334
1606,-0.07714,-0.11005,-0.12371
1607,-0.09146,-0.09502,-0.13127
1608,-0.11947,-0.06129,-0.14636
1609,-0.10394,-0.09956,-0.14085
1610,-0.07432,-0.12519,-0.1147
1611,-0.10947,-0.08196,-0.13872
1612,-0.09745,-0.11311,-0.12716
1613,-0.11679,-0.10217,-0.1403
1614,-0.11166,-0.11479,-0.13049
1615,-0.09636,-0.09926,-0.13023
1616,-0.07247,-0.10306,-0.12682
1617,-0.08185,-0.12101,-0.12765
1618,-0.10956,-0.10872,-0.13365
1619,-0.11265,-0.09491,-0.12198
1620,-0.12639,-0.11421,-0.12741
1621,-0.11011,-0.08814,-0.13672
1622,-0.0926,-0.10341,-0.12831
1623,-0.0799,-0.11608,-0.14001
1624,-0.09754,-0.09547,-0.13766
1625,-0.08671,-0.08657,-0.11971
1626,-0.09301,-0.10024,-0.12892
1627,-0.11004,-0.07748,-0.12576
1628,-0.05543,-0.1097,-0.13776
1629,-0.11595,-0.10466,-0.13329
1630,-0.08525,-0.09943,-0.13431
1631,-0.10745,-0.08595,-0.11989
1632,-0.08739,-0.11566,-0.13549
1633,-0.08933,-0.10721,-0.12397
1634,-0.07242,-0.09713,-0.13805
1635,-0.06232,-0.10354,-0.12778
1636,-0.07822,-0.09955,-0.13062
1637,-0.09713,-0.09832,-0.13246
1638,-0.10044,-0.10721,-0.12284
1639,-0.05476,-0.0694,-0.13654
1640,-0.07416,-0.08983,-0.11763
1641,-0.09683,-0.09926,-0.13968
1642,-0.07763,-0.08512,-0.12609
1643,-0.11661,-0.09869,-0.12474
1644,-0.09628,-0.08783,-0.1287
1645,-0.08179,-0.13762,-0.12896
1646,-0.08109,-0.08299,-0.14708
1647,-0.09137,-0.08449,-0.12336
1648,-0.11705,-0.12344,-0.13447
1649,-0.10729,-0.09653,-0.1272
1650,-0.09913,-0.1203,-0.12568
1651,-0.09551,-0.11187,-0.13332
1652,-0.10991,-0.11234,-0.13193
1653,-0.08613,-0.09219,-0.12697
1654,-0.0905,-0.09576,-0.12779
1655,-0.08016,-0.10485,-0.13724
1656,-0.065,-0.11067,-0.13773
1657,-0.09325,-0.11639,-0.12862
1658,-0.09024,-0.09962,-0.10443
1659,-0.0685,-0.13344,-0.12929
1660,-0.09991,-0.15241,-0.12086
1661,-0.09415,-0.11919,-0.11614
1662,-0.09412,-0.07826,-0.13269
1663,-0.09956,-0.11928,-0.13826
1664,-0.08888,-0.12168,-0.12411
1665,-0.07887,-0.0994,-0.12189
1666,-0.13318,-0.11836,-0.11864
1667,-0.10489,-0.10595,-0.13472
1668,-0.12066,-0.11383,-0.13622
1669,-0.1263,-0.09794,-0.13074
1670,-0.09427,-0.09237,-0.12473
1671,-0.08413,-0.11342,-0.11595
1672,-0.08633,-0.09567,-0.11679
1673,-0.09601,-0.11227,-0.13109
1674,-0.08951,-0.11101,-0.12621
1675,-0.1121,-0.10733,-0.12156
1676,-0.1383,-0.09804,-0.14015
1677,-0.11264,-0.12735,-0.12911
1678,-0.08325,-0.10194,-0.12948
1679,-0.13162,-0.10398,-0.12471
1680,-0.11046,-0.10229,-0.11842
1681,-0.08918,-0.12971,-0.12276
1682,-0.07693,-0.06846,-0.13552
1683,-0.08563,-0.12213,-0.12118
1684,-0.09917,-0.09213,-0.1293
1685,-0.09548,-0.09904,-0.1324
1686,-0.09695,-0.13912,-0.13234
1687,-0.10129,-0.09986,-0.13559
1688,-0.07502,-0.09292,-0.12469
1689,-0.0962,-0.11171,-0.13743
1690,-0.08124,-0.10572,-0.11636
1691,-0.09669,-0.10648,-0.13685
1692,-0.12718,-0.12821,-0.12094
1693,-0.08133,-0.11554,-0.1274
1694,-0.09999,-0.10259,-0.11542
1695,-0.09386,-0.11963,-0.14242
1696,-0.10818,-0.08531,-0.12195
1697,-0.08535,-0.06857,-0.13303
1698,-0.09975,-0.09497,-0.12251
1699,-0.1025,-0.09744,-0.12982
1700,-0.09032,-0.08279,-0.12715
1701,-0.07721,-0.11791,-0.12325
1702,-0.10239,-0.09614,-0.11955
1703,-0.10046,-0.09485,-0.11323
1704,-0.08559,-0.08181,-0.11977
1705,-0.09679,-0.10228,-0.12052
1706,-0.11934,-0.11176,-0.13849
1707,-0.12271,-0.08538,-0.12761
1708,-0.08019,-0.106,-0.11703
1709,-0.0769,-0.11645,-0.13204
1710,-0.09795,-0.08854,-0.12817
1711,-0.09766,-0.09418,-0.1327
1712,-0.05425,-0.10769,-0.12931
1713,-0.08302,-0.12962,-0.12046
1714,-0.10413,-0.08192,-0.13497
1715,-0.0868,-0.10282,-0.12939
1716,-0.08408,-0.09627,-0.12159
1717,-0.0849,-0.10321,-0.12332
1718,-0.09979,-0.1056,-0.13017
1719,-0.09065,-0.11063,-0.11686
1720,-0.07266,-0.11442,-0.11239
1721,-0.11096,-0.06504,-0.11487
1722,-0.1027,-0.1019,-0.11742
1723,-0.08151,-0.14136,-0.12052
1724,-0.11662,-0.0785,-0.09465
1725,-0.10334,-0.09071,-0.1027
1726,-0.10243,-0.0786,-0.1222
1727,-0.12439,-0.09451,-0.1101
1728,-0.09806,-0.10248,-0.11084
1729,-0.1013,-0.12657,-0.12123
1730,-0.0913,-0.08343,-0.12252
1731,-0.09967,-0.11777,-0.10929
1732,-0.11715,-0.13608,-0.10483
1733,-0.11723,-0.10201,-0.10769
1734,-0.1405,-0.1481,-0.10979
1735,-0.13029,-0.15116,-0.11496
1736,-0.14971,-0.1343,-0.10984
1737,-0.12691,-0.12436,-0.10741
1738,-0.13411,-0.12926,-0.11304
1739,-0.13247,-0.12147,-0.1185
1740,-0.14988,-0.12563,-0.11999
1741,-0.1361,-0.1354,-0.12102
1742,-0.12139,-0.1575,-0.14292
1743,-0.13474,-0.14785,-0.12787
1744,-0.15696,-0.15385,-0.12349
1745,-0.14214,-0.15248,-0.1325
1746,-0.14589,-0.14165,-0.13118
1747,-0.14644,-0.1353,-0.11601
1748,-0.13473,-0.14936,-0.13162
1749,-0.15997,-0.12309,-0.13336
1750,-0.138,-0.14521,-0.12298
1751,-0.14173,-0.11985,-0.13774
1752,-0.13178,-0.11161,-0.128
1753,-0.13687,-0.15144,-0.11796
1754,-0.14616,-0.14002,-0.12015
1755,-0.1125,-0.15887,-0.131
1756,-0.12658,-0.11223,-0.12776
1757,-0.1325,-0.1317,-0.13065
1758,-0.11403,-0.16034,-0.12852
1759,-0.14841,-0.12627,-0.13119
1760,-0.13945,-0.16775,-0.13024
1761,-0.14867,-0.11382,-0.12192
1762,-0.12767,-0.13451,-0.12656
1763,-0.13528,-0.12388,-0.14118
1764,-0.15863,-0.10347,-0.12981
1765,-0.12223,-0.13009,-0.15367
1766,-0.12148,-0.11649,-0.12789
1767,-0.11383,-0.15728,-0.13576
1768,-0.15139,-0.13399,-0.1284
1769,-0.14702,-0.1224,-0.13182
1770,-0.14936,-0.15134,-0.10916
1771,-0.11362,-0.15729,-0.12554
1772,-0.11499,-0.12278,-0.13905
1773,-0.1268,-0.09699,-0.12647
1774,-0.1254,-0.14825,-0.12875
1775,-0.10525,-0.13714,-0.14234
1776,-0.13339,-0.16626,-0.1342
1777,-0.15754,-0.14358,-0.13421
1778,-0.15433,-0.12323,-0.14424
1779,-0.16306,-0.14612,-0.13879
1780,-0.14218,-0.13787,-0.12893
1781,-0.13126,-0.15148,-0.13505
1782,-0.14961,-0.15477,-0.13273
1783,-0.15961,-0.14693,-0.14245
1784,-0.1259,-0.15486,-0.13914
1785,-0.14336,-0.12774,-0.14189
1786,-0.14764,-0.12932,-0.14727
1787,-0.12311,-0.16208,-0.14805
1788,-0.17674,-0.13519,-0.12971
1789,-0.12988,-0.14648,-0.14806
1790,-0.15599,-0.16906,-0.13673
1791,-0.15133,-0.17102,-0.13231
1792,-0.10733,-0.15442,-0.13918
1793,-0.13046,-0.14125,-0.1482
1794,-0.14305,-0.17139,-0.13775
1795,-0.15573,-0.15192,-0.1334
1796,-0.15289,-0.18012,-0.13374
1797,-0.13728,-0.1512,-0.13982
1798,-0.1411,-0.14828,-0.14716
1799,-0.1304,-0.1607,-0.13527
1800,-0.1442,-0.15341,-0.14118
1801,-0.14247,-0.16006,-0.13174
1802,-0.12247,-0.15047,-0.14672
1803,-0.12239,-0.18686,-0.13944
1804,-0.14893,-0.11994,-0.13442
1805,-0.13136,-0.14087,-0.13129
1806,-0.14104,-0.14216,-0.13217
1807,-0.14517,-0.17425,-0.13402
1808,-0.14388,-0.15292,-0.13407
1809,-0.13145,-0.15816,-0.14799
1810,-0.15513,-0.15555,-0.1298
1811,-0.11168,-0.17975,-0.13637
1812,-0.13021,-0.14627,-0.13591
1813,-0.11491,-0.14417,-0.14401
1814,-0.11257,-0.13206,-0.12889
1815,-0.1239,-0.15458,-0.11455
1816,-0.11806,-0.16236,-0.13768
1817,-0.12108,-0.15046,-0.13066
1818,-0.14365,-0.15869,-0.12679
1819,-0.15067,-0.12822,-0.12636
1820,-0.13627,-0.14744,-0.12982
1821,-0.15191,-0.14951,-0.12306
1822,-0.13417,-0.14085,-0.13387
1823,-0.12687,-0.16686,-0.12661
1824,-0.10322,-0.13254,-0.13616
1825,-0.13523,-0.13993,-0.12105
1826,-0.12423,-0.14793,-0.14117
1827,-0.09989,-0.18012,-0.13558
1828,-0.14169,-0.12923,-0.13432
1829,-0.12696,-0.14441,-0.12254
1830,-0.13329,-0.13362,-0.11864
1831,-0.12599,-0.10912,-0.12034
1832,-0.11662,-0.13425,-0.1085
1833,-0.10118,-0.13651,-0.12523
1834,-0.13012,-0.1128,-0.12761
1835,-0.11256,-0.1214,-0.14605
1836,-0.09317,-0.14842,-0.13194
1837,-0.09204,-0.15821,-0.13091
1838,-0.12443,-0.13366,-0.13001
1839,-0.1136,-0.14875,-0.13176
1840,-0.11556,-0.11746,-0.14111
1841,-0.13876,-0.1171,-0.13447
1842,-0.13718,-0.11493,-0.13678
1843,-0.13485,-0.1034,-0.14262
1844,-0.11241,-0.11724,-0.1466
1845,-0.10022,-0.11933,-0.13597
1846,-0.12092,-0.13426,-0.13036
1847,-0.12612,-0.12089,-0.14328
1848,-0.13681,-0.12827,-0.13062
1849,-0.10587,-0.12275,-0.1408
1850,-0.10343,-0.11536,-0.11794
1851,-0.11615,-0.1166,-0.13256
1852,-0.12746,-0.13171,-0.14416
1853,-0.12334,-0.08809,-0.13429
1854,-0.16422,-0.101,-0.13818
1855,-0.12704,-0.09094,-0.13646
1856,-0.11969,-0.11619,-0.12716
1857,-0.13181,-0.11994,-0.13893
1858,-0.11289,-0.12473,-0.13415
1859,-0.12099,-0.1191,-0.13087
1860,-0.10007,-0.14079,-0.12975
1861,-0.10434,-0.11417,-0.1391
1862,-0.14855,-0.11387,-0.12925
1863,-0.11246,-0.09554,-0.13837
1864,-0.11869,-0.08872,-0.14614
1865,-0.12121,-0.09961,-0.13308
1866,-0.13864,-0.10202,-0.13787
1867,-0.12567,-0.12483,-0.12779
1868,-0.1162,-0.11939,-0.12918
1869,-0.11952,-0.11739,-0.14795
1870,-0.13512,-0.09341,-0.12539
1871,-0.11966,-0.1158,-0.13
1872,-0.09354,-0.09653,-0.11613
1873,-0.12264,-0.07379,-0.11732
1874,-0.0896,-0.11135,-0.11324
1875,-0.13221,-0.12199,-0.13637
1876,-0.13737,-0.09492,-0.11858
1877,-0.1243,-0.11923,-0.13129
1878,-0.10594,-0.11739,-0.13068
1879,-0.1061,-0.12433,-0.12184
1880,-0.11458,-0.14087,-0.12667
1881,-0.13054,-0.12754,-0.13284
1882,-0.11716,-0.12218,-0.13527
1883,-0.13368,-0.14745,-0.10999
1884,-0.12718,-0.14192,-0.11453
1885,-0.12263,-0.14936,-0.12507
1886,-0.11744,-0.16417,-0.1177
1887,-0.1231,-0.16734,-0.10239
1888,-0.14811,-0.13568,-0.10671
1889,-0.11271,-0.12541,-0.11935
1890,-0.13457,-0.12496,-0.12093
1891,-0.14829,-0.15748,-0.13205
1892,-0.14243,-0.13366,-0.10874
1893,-0.13371,-0.1642,-0.1163
1894,-0.12013,-0.1421,-0.11955
1895,-0.10277,-0.11902,-0.13117
1896,-0.15655,-0.1632,-0.12366
1897,-0.11034,-0.1517,-0.11802
1898,-0.12328,-0.14744,-0.1354
1899,-0.13149,-0.11522,-0.13493
1900,-0.11452,-0.14961,-0.12631
1901,-0.10712,-0.14147,-0.13721
1902,-0.11432,-0.0773,-0.13658
1903,-0.12374,-0.1431,-0.1288
1904,-0.13122,-0.12811,-0.13052
1905,-0.11204,-0.10514,-0.12462
1906,-0.13847,-0.14091,-0.13875
1907,-0.09697,-0.13506,-0.14009
1908,-0.1028,-0.11626,-0.12857
1909,-0.13978,-0.12641,-0.12677
1910,-0.10398,-0.12591,-0.13288
1911,-0.11638,-0.12551,-0.13659
1912,-0.0717,-0.12192,-0.13612
1913,-0.11119,-0.11828,-0.13305
1914,-0.09219,-0.10924,-0.13787
1915,-0.11974,-0.10974,-0.13215
1916,-0.12827,-0.09913,-0.12361
1917,-0.13605,-0.08934,-0.1224
1918,-0.06952,-0.10001,-0.13424
1919,-0.10815,-0.09513,-0.13188
1920,-0.12089,-0.12452,-0.1177
1921,-0.14819,-0.14153,-0.12259
1922,-0.13333,-0.14117,-0.12151
1923,-0.10087,-0.09237,-0.12271
1924,-0.11968,-0.08171,-0.13306
1925,-0.09621,-0.0948,-0.13052
1926,-0.11173,-0.12846,-0.13547
1927,-0.1112,-0.09789,-0.13367
1928,-0.11523,-0.10037,-0.13197
1929,-0.09405,-0.1057,-0.13893
1930,-0.09762,-0.11461,-0.12563
1931,-0.11695,-0.10851,-0.13599
1932,-0.08843,-0.11994,-0.12597
1933,-0.09714,-0.10367,-0.11212
1934,-0.11153,-0.09978,-0.12443
1935,-0.12475,-0.10165,-0.13171
1936,-0.096,-0.13616,-0.12835
1937,-0.09375,-0.11586,-0.13139
1938,-0.10363,-0.13368,-0.11516
1939,-0.12504,-0.08802,-0.11964
1940,-0.13292,-0.09146,-0.1282
1941,-0.10005,-0.07215,-0.11633
1942,-0.11568,-0.09994,-0.13541
1943,-0.07714,-0.09748,-0.13459
1944,-0.08184,-0.1292,-0.12462
1945,-0.11935,-0.11318,-0.13459
1946,-0.09199,-0.10832,-0.12599
1947,-0.10066,-0.13,-0.12934
1948,-0.11325,-0.04916,-0.13329
1949,-0.06551,-0.09813,-0.12428
1950,-0.0974,-0.09169,-0.131
1951,-0.11568,-0.11405,-0.13752
1952,-0.08116,-0.10923,-0.12699
1953,-0.10908,-0.10215,-0.13055
1954,-0.12055,-0.10718,-0.14073
1955,-0.11485,-0.07587,-0.11308
1956,-0.09127,-0.09576,-0.11985
1957,-0.11744,-0.10918,-0.12184
1958,-0.09248,-0.07479,-0.12994
1959,-0.11154,-0.11531,-0.12036
1960,-0.11131,-0.09353,-0.12994
1961,-0.09721,-0.10572,-0.12826
1962,-0.10236,-0.10627,-0.12204
1963,-0.09171,-0.09345,-0.12333
1964,-0.09512,-0.08832,-0.11773
1965,-0.09802,-0.09306,-0.13188
1966,-0.10408,-0.09572,-0.13712
1967,-0.06746,-0.10898,-0.11852
1968,-0.10531,-0.10308,-0.11473
1969,-0.07668,-0.08291,-0.12768
1970,-0.12031,-0.10257,-0.12259
1971,-0.09152,-0.10164,-0.12686
1972,-0.10448,-0.1071,-0.10594
1973,-0.10761,-0.08575,-0.12386
1974,-0.06309,-0.10268,-0.11571
1975,-0.11031,-0.08406,-0.12622
1976,-0.12325,-0.10558,-0.13417
1977,-0.13451,-0.10896,-0.11832
1978,-0.08659,-0.10886,-0.13786
1979,-0.08737,-0.0933,-0.13905
1980,-0.10021,-0.09246,-0.12218
1981,-0.10009,-0.12017,-0.13101
1982,-0.07715,-0.06901,-0.12733
1983,-0.11873,-0.09661,-0.11408
1984,-0.1252,-0.09761,-0.11046
1985,-0.11407,-0.08306,-0.12119
1986,-0.08318,-0.11256,-0.11715
1987,-0.07525,-0.11208,-0.12723
1988,-0.10822,-0.10543,-0.12669
1989,-0.11913,-0.09827,-0.12836
1990,-0.0988,-0.13509,-0.13695
1991,-0.11748,-0.11522,-0.11542
1992,-0.08863,-0.10055,-0.10827
1993,-0.10139,-0.09266,-0.11885
1994,-0.1108,-0.07557,-0.1169
1995,-0.10984,-0.10901,-0.12516
1996,-0.08325,-0.11986,-0.12501
1997,-0.10924,-0.07883,-0.10895
1998,-0.10167,-0.09939,-0.12862
1999,-0.12555,-0.10383,-0.12255
2000,-0.10146,-0.11126,-0.12767
2001,-0.10002,-0.09838,-0.11414
2002,-0.09279,-0.11439,-0.13972
2003,-0.0912,-0.10698,-0.12271
2004,-0.11028,-0.09629,-0.1231
2005,-0.09466,-0.08345,-0.13265
2006,-0.1008,-0.11756,-0.13398
2007,-0.08344,-0.0991,-0.10882
2008,-0.12272,-0.1203,-0.11579
2009,-0.11447,-0.09782,-0.12658
2010,-0.09603,-0.1216,-0.11315
2011,-0.11618,-0.09976,-0.11836
2012,-0.13112,-0.11365,-0.1438
2013,-0.07491,-0.09038,-0.11588
2014,-0.07976,-0.08881,-0.12998
2015,-0.09013,-0.09579,-0.12302
2016,-0.07304,-0.10303,-0.12803
2017,-0.08952,-0.10751,-0.11569
2018,-0.10834,-0.08757,-0.11139
2019,-0.10511,-0.09835,-0.14085
2020,-0.09598,-0.12468,-0.10484
2021,-0.09702,-0.07524,-0.12018
2022,-0.10002,-0.12721,-0.11562
2023,-0.07539,-0.10307,-0.11279
2024,-0.11026,-0.1101,-0.13679
2025,-0.09977,-0.09125,-0.12697
2026,-0.1224,-0.11322,-0.12935
2027,-0.11159,-0.09898,-0.11994
2028,-0.06895,-0.10756,-0.11676
2029,-0.09031,-0.10966,-0.13459
2030,-0.09816,-0.12377,-0.113
2031,-0.10054,-0.13254,-0.11797
2032,-0.10886,-0.07865,-0.11439
2033,-0.08613,-0.08063,-0.12064
2034,-0.10444,-0.12397,-0.12131
2035,-0.09776,-0.12858,-0.11685
2036,-0.09414,-0.13835,-0.10773
2037,-0.11687,-0.08815,-0.12401
2038,-0.05625,-0.08953,-0.12172
2039,-0.11521,-0.10695,-0.1273
2040,-0.08968,-0.11598,-0.11074
2041,-0.10871,-0.14348,-0.10991
2042,-0.11578,-0.11195,-0.12278
2043,-0.1275,-0.11159,-0.11389
2044,-0.10844,-0.10732,-0.12702
2045,-0.09656,-0.12706,-0.10149
2046,-0.10414,-0.09934,-0.11765
2047,-0.11972,-0.10268,-0.10523
2048,-0.11013,-0.10596,-0.10414
2049,-0.12068,-0.10919,-0.11075
2050,-0.14581,-0.12713,-0.12183
2051,-0.11767,-0.09405,-0.12556
2052,-0.11986,-0.1614,-0.11587
2053,-0.11461,-0.11236,-0.123
2054,-0.12563,-0.13195,-0.12422
2055,-0.13263,-0.09507,-0.10559
2056,-0.09987,-0.12141,-0.11353
2057,-0.11251,-0.11972,-0.10796
2058,-0.09644,-0.12869,-0.10882
2059,-0.11487,-0.13872,-0.11315
2060,-0.13829,-0.12019,-0.1151
2061,-0.10021,-0.12586,-0.10858
2062,-0.10483,-0.13784,-0.10645
2063,-0.11625,-0.14814,-0.11773
2064,-0.10768,-0.1573,-0.11112
2065,-0.13822,-0.14123,-0.11899
2066,-0.09799,-0.14148,-0.11929
2067,-0.13137,-0.12691,-0.1187
2068,-0.12665,-0.13871,-0.10984
2069,-0.11685,-0.11015,-0.09977
2070,-0.12699,-0.13156,-0.10729
2071,-0.10234,-0.14267,-0.10489
2072,-0.13821,-0.13976,-0.10855
2073,-0.16082,-0.1311,-0.10675
2074,-0.12025,-0.11936,-0.10751
2075,-0.14744,-0.1255,-0.1067
2076,-0.10411,-0.16556,-0.09466
2077,-0.13772,-0.14881,-0.10467
2078,-0.14198,-0.14253,-0.09199
2079,-0.15448,-0.13043,-0.12339
2080,-0.1111,-0.13133,-0.10211
2081,-0.14086,-0.14669,-0.12038
2082,-0.14955,-0.11228,-0.11301
2083,-0.11223,-0.11438,-0.11018
2084,-0.11776,-0.12875,-0.12053
2085,-0.10057,-0.13683,-0.11674
2086,-0.09735,-0.10787,-0.12825
2087,-0.09248,-0.1665,-0.10609
2088,-0.1217,-0.11543,-0.11377
2089,-0.11617,-0.11977,-0.12557
2090,-0.12417,-0.12484,-0.1152
2091,-0.15193,-0.10454,-0.1048
2092,-0.12824,-0.10645,-0.10795
2093,-0.1289,-0.10801,-0.11074
2094,-0.10567,-0.13548,-0.13198
2095,-0.09987,-0.10906,-0.13925
2096,-0.1356,-0.10087,-0.14156
2097,-0.14047,-0.15423,-0.1329
2098,-0.10656,-0.13607,-0.1143
2099,-0.1116,-0.12183,-0.1287
2100,-0.10716,-0.11919,-0.12261
2101,-0.12231,-0.10106,-0.13138
2102,-0.11511,-0.12285,-0.12701
2103,-0.09723,-0.11059,-0.1161
2104,-0.11103,-0.07322,-0.12543
2105,-0.1436,-0.12225,-0.12397
2106,-0.09926,-0.10237,-0.12899
2107,-0.08717,-0.09507,-0.1258
2108,-0.08813,-0.13162,-0.12729
2109,-0.11206,-0.09829,-0.13178
2110,-0.1151,-0.11574,-0.12543
2111,-0.10482,-0.10577,-0.12766
2112,-0.07774,-0.12682,-0.11187
2113,-0.09874,-0.10323,-0.12279
2114,-0.09745,-0.06894,-0.13268
2115,-0.10976,-0.13062,-0.11983
2116,-0.13152,-0.10457,-0.12079
2117,-0.09351,-0.11819,-0.12297
2118,-0.12761,-0.09731,-0.12494
2119,-0.06959,-0.0895,-0.11648
2120,-0.13175,-0.11105,-0.1319
2121,-0.12737,-0.09916,-0.11703
2122,-0.10258,-0.12474,-0.12929
2123,-0.09117,-0.05817,-0.11572
2124,-0.08641,-0.09901,-0.1204
2125,-0.10304,-0.11267,-0.12304
2126,-0.08973,-0.11674,-0.13541
2127,-0.123,-0.11173,-0.12486
2128,-0.09223,-0.11894,-0.12275
2129,-0.10138,-0.1185,-0.11935
2130,-0.09601,-0.15659,-0.11677
2131,-0.13638,-0.10506,-0.12246
2132,-0.1372,-0.11747,-0.1089
2133,-0.12331,-0.13958,-0.11157
2134,-0.1492,-0.11764,-0.12508
2135,-0.12086,-0.09572,-0.12884
2136,-0.0918,-0.06226,-0.11826
2137,-0.09262,-0.09185,-0.12727
2138,-0.10051,-0.10552,-0.12556
2139,-0.07382,-0.09858,-0.11294
2140,-0.12453,-0.13062,-0.13556
2141,-0.11508,-0.12913,-0.12672
2142,-0.09973,-0.07262,-0.1303
2143,-0.08578,-0.10068,-0.12728
2144,-0.08147,-0.08987,-0.11571
2145,-0.11676,-0.108,-0.12316
2146,-0.12828,-0.10899,-0.11519
2147,-0.10915,-0.10342,-0.11385
2148,-0.09955,-0.09911,-0.14115
2149,-0.11423,-0.11189,-0.10074
2150,-0.11964,-0.12972,-0.12326
2151,-0.09149,-0.08624,-0.1278
2152,-0.08697,-0.12981,-0.12056
2153,-0.08607,-0.11912,-0.11176
2154,-0.1318,-0.09927,-0.12865
2155,-0.10392,-0.11888,-0.1239
2156,-0.08354,-0.10696,-0.13348
2157,-0.09801,-0.08625,-0.1318
2158,-0.11867,-0.10843,-0.11013
2159,-0.11222,-0.12132,-0.12842
2160,-0.10112,-0.08121,-0.12018
2161,-0.09993,-0.11989,-0.12367
2162,-0.12295,-0.13078,-0.12352
2163,-0.08496,-0.10642,-0.10424
2164,-0.10085,-0.12274,-0.11549
2165,-0.08254,-0.0898,-0.12097
2166,-0.11691,-0.07886,-0.12946
2167,-0.14517,-0.0827,-0.12287
2168,-0.12682,-0.11331,-0.11124
2169,-0.10592,-0.11292,-0.12708
2170,-0.10583,-0.12558,-0.12289
2171,-0.10994,-0.11801,-0.12545
2172,-0.11769,-0.12682,-0.1286
2173,-0.0899,-0.10361,-0.11617
2174,-0.1252,-0.10819,-0.11348
2175,-0.12326,-0.11009,-0.11817
2176,-0.13465,-0.09522,-0.1207
2177,-0.1236,-0.10724,-0.12396
2178,-0.12007,-0.10915,-0.11312
2179,-0.12039,-0.10906,-0.10612
2180,-0.14394,-0.11449,-0.11024
2181,-0.10989,-0.11767,-0.1249
2182,-0.10309,-0.11719,-0.11562
2183,-0.10913,-0.11134,-0.10698
2184,-0.11751,-0.11796,-0.11336
2185,-0.12504,-0.08332,-0.10941
2186,-0.12522,-0.10484,-0.11463
2187,-0.13471,-0.08772,-0.11216
2188,-0.10509,-0.10473,-0.11974
2189,-0.11339,-0.09959,-0.09936
2190,-0.09592,-0.13604,-0.10972
2191,-0.0958,-0.12894,-0.11056
2192,-0.114,-0.13568,-0.11718
2193,-0.12313,-0.10021,-0.09192
2194,-0.11005,-0.12109,-0.10017
2195,-0.15511,-0.12095,-0.09543
2196,-0.13989,-0.12029,-0.09417
2197,-0.09065,-0.11967,-0.095
2198,-0.12471,-0.11196,-0.09063
2199,-0.14325,-0.11385,-0.0972
2200,-0.13274,-0.13687,-0.10098
2201,-0.14005,-0.14765,-0.09331
2202,-0.13044,-0.15325,-0.09222
2203,-0.1481,-0.12196,-0.08283
2204,-0.14954,-0.13102,-0.08717
2205,-0.12344,-0.12184,-0.07829
2206,-0.13398,-0.14677,-0.08351
2207,-0.09518,-0.14145,-0.07787
2208,-0.1053,-0.13173,-0.07418
2209,-0.13506,-0.13756,-0.07887
2210,-0.12224,-0.12032,-0.08905
2211,-0.13777,-0.12035,-0.08207
2212,-0.14096,-0.16398,-0.07007
2213,-0.1128,-0.12823,-0.08446
2214,-0.11194,-0.14178,-0.07265
2215,-0.1365,-0.14723,-0.08234
2216,-0.132,-0.1587,-0.08165
2217,-0.13064,-0.1684,-0.07979
2218,-0.13874,-0.14583,-0.07504
2219,-0.10391,-0.16246,-0.06748
2220,-0.11773,-0.13782,-0.08389
2221,-0.14421,-0.15916,-0.07998
2222,-0.1364,-0.15902,-0.07487
2223,-0.12352,-0.16995,-0.06854
2224,-0.12153,-0.14142,-0.08476
2225,-0.12144,-0.13412,-0.07727
2226,-0.15781,-0.12319,-0.08233
2227,-0.1472,-0.13748,-0.06236
2228,-0.12044,-0.11695,-0.07712
2229,-0.14298,-0.14294,-0.08211
2230,-0.13893,-0.14488,-0.07762
2231,-0.12551,-0.15442,-0.0793
2232,-0.09844,-0.15195,-0.0758
2233,-0.15215,-0.14708,-0.08283
2234,-0.1251,-0.11726,-0.07585
2235,-0.14865,-0.16358,-0.08601
2236,-0.15258,-0.14571,-0.06773
2237,-0.14407,-0.14114,-0.07467
2238,-0.10189,-0.12208,-0.08288
2239,-0.14186,-0.16319,-0.08122
2240,-0.13438,-0.12927,-0.08385
2241,-0.12209,-0.14787,-0.07492
2242,-0.15395,-0.12954,-0.07623
2243,-0.14425,-0.13965,-0.06831
2244,-0.12066,-0.14563,-0.0891
2245,-0.12537,-0.15214,-0.06128
2246,-0.12698,-0.15082,-0.06372
2247,-0.1233,-0.1392,-0.08238
2248,-0.15954,-0.13355,-0.04863
2249,-0.15396,-0.13257,-0.07276
2250,-0.12366,-0.16231,-0.08749
2251,-0.12242,-0.12916,-0.07313
2252,-0.10734,-0.15164,-0.05952
2253,-0.1406,-0.12597,-0.06952
2254,-0.13339,-0.16221,-0.07045
2255,-0.1341,-0.16823,-0.08048
2256,-0.1186,-0.14289,-0.05418
2257,-0.11043,-0.1475,-0.06669
2258,-0.13728,-0.12082,-0.07948
2259,-0.11772,-0.13066,-0.06536
2260,-0.11129,-0.10619,-0.06696
2261,-0.0891,-0.14367,-0.06298
2262,-0.11419,-0.15343,-0.05908
2263,-0.11942,-0.12927,-0.07705
2264,-0.12661,-0.17992,-0.06419
2265,-0.14867,-0.14076,-0.0635
2266,-0.10594,-0.14351,-0.05907
2267,-0.14461,-0.10916,-0.06602
2268,-0.12542,-0.12905,-0.05241
2269,-0.11033,-0.1403,-0.05276
2270,-0.11216,-0.13738,-0.05223
2271,-0.11615,-0.12795,-0.06266
2272,-0.12327,-0.13331,-0.05458
2273,-0.11717,-0.12603,-0.05033
2274,-0.11343,-0.12078,-0.05105
2275,-0.11833,-0.14087,-0.04487
2276,-0.08485,-0.12058,-0.05388
2277,-0.13343,-0.10248,-0.04784
2278,-0.09754,-0.14969,-0.05038
2279,-0.126,-0.15571,-0.04851
2280,-0.10224,-0.11361,-0.0512
2281,-0.11226,-0.1297,-0.05837
2282,-0.11285,-0.10442,-0.05549
2283,-0.11563,-0.12431,-0.04923
2284,-0.11665,-0.11272,-0.04043
2285,-0.11226,-0.12785,-0.04658
2286,-0.13848,-0.11803,-0.07674
2287,-0.11366,-0.13954,-0.04375
2288,-0.10545,-0.07542,-0.054
2289,-0.12708,-0.12277,-0.05063
2290,-0.10147,-0.10588,-0.06326
2291,-0.10724,-0.11695,-0.05052
2292,-0.11506,-0.13154,-0.03605
2293,-0.12954,-0.14189,-0.05643
2294,-0.12766,-0.14328,-0.05718
2295,-0.13331,-0.12957,-0.06283
2296,-0.13466,-0.12542,-0.05606
2297,-0.12799,-0.13305,-0.06839
2298,-0.12245,-0.13756,-0.05981
2299,-0.12984,-0.14335,-0.05999
2300,-0.10901,-0.1198,-0.06239
2301,-0.14335,-0.10663,-0.05562
2302,-0.11397,-0.1362,-0.04105
2303,-0.1156,-0.15575,-0.06101
2304,-0.10458,-0.13278,-0.05612
2305,-0.11214,-0.14434,-0.05692
2306,-0.10541,-0.10545,-0.05859
2307,-0.13202,-0.14023,-0.06251
2308,-0.10654,-0.145,-0.04763
2309,-0.1321,-0.11695,-0.05976
2310,-0.11074,-0.12011,-0.03972
2311,-0.10486,-0.13264,-0.0526
2312,-0.12422,-0.14623,-0.06393
2313,-0.1352,-0.12653,-0.06098
2314,-0.10659,-0.14145,-0.05641
2315,-0.09686,-0.13302,-0.04019
2316,-0.12184,-0.12558,-0.05144
2317,-0.10119,-0.13656,-0.05574
2318,-0.1457,-0.14191,-0.05977
2319,-0.11638,-0.1406,-0.05091
2320,-0.0932,-0.14933,-0.05786
2321,-0.10903,-0.11343,-0.06234
2322,-0.09971,-0.14498,-0.05387
2323,-0.0998,-0.1429,-0.05766
2324,-0.08494,-0.13495,-0.04793
2325,-0.10928,-0.14108,-0.05179
2326,-0.12926,-0.13673,-0.06189
2327,-0.13335,-0.11461,-0.0552
2328,-0.10501,-0.14449,-0.05045
2329,-0.078,-0.13109,-0.05194
2330,-0.12213,-0.10018,-0.05588
2331,-0.10546,-0.12511,-0.04753
2332,-0.09667,-0.12555,-0.05105
2333,-0.15092,-0.13837,-0.07947
2334,-0.09285,-0.10853,-0.05603
2335,-0.12259,-0.11968,-0.05181
2336,-0.1087,-0.10464,-0.05439
2337,-0.11075,-0.137,-0.05906
2338,-0.11888,-0.11886,-0.04937
2339,-0.10364,-0.14045,-0.051
2340,-0.13254,-0.12904,-0.04765
2341,-0.11757,-0.11023,-0.05717
2342,-0.11024,-0.13755,-0.05217
2343,-0.1148,-0.13651,-0.05587
2344,-0.12129,-0.14505,-0.05894
2345,-0.0911,-0.13562,-0.04508
2346,-0.1156,-0.10226,-0.0561
2347,-0.12577,-0.12614,-0.05382
2348,-0.12386,-0.11288,-0.04633
2349,-0.0981,-0.10478,-0.04936
2350,-0.11635,-0.13408,-0.04936
2351,-0.09358,-0.1499,-0.05705
2352,-0.11521,-0.13059,-0.05759
2353,-0.09911,-0.15684,-0.04525
2354,-0.14247,-0.12598,-0.0562
2355,-0.12538,-0.1063,-0.05258
2356,-0.13851,-0.12667,-0.06175
2357,-0.14356,-0.1016,-0.05691
2358,-0.12192,-0.10875,-0.04315
2359,-0.12831,-0.1148,-0.06058
2360,-0.13897,-0.13359,-0.05658
2361,-0.10103,-0.11029,-0.05183
2362,-0.13684,-0.14068,-0.05406
2363,-0.12854,-0.12318,-0.05671
2364,-0.11576,-0.14992,-0.05579
2365,-0.12785,-0.16371,-0.04271
2366,-0.12658,-0.1023,-0.05407
2367,-0.11422,-0.13456,-0.053
2368,-0.12893,-0.1415,-0.05104
2369,-0.10793,-0.11021,-0.05964
2370,-0.12738,-0.11579,-0.0471
2371,-0.12449,-0.12852,-0.02976
2372,-0.11781,-0.12256,-0.05389
2373,-0.12402,-0.12923,-0.06315
2374,-0.12545,-0.14923,-0.05244
2375,-0.14219,-0.12258,-0.04707
2376,-0.08816,-0.14845,-0.04857
2377,-0.14623,-0.10697,-0.04681
2378,-0.11984,-0.12289,-0.05688
2379,-0.10868,-0.13046,-0.04785
2380,-0.12249,-0.1299,-0.04429
2381,-0.10476,-0.10043,-0.04811
2382,-0.10674,-0.09795,-0.05234
2383,-0.10938,-0.10653,-0.04429
2384,-0.09733,-0.13637,-0.04745
2385,-0.1131,-0.12246,-0.05364
2386,-0.11709,-0.12258,-0.06101
2387,-0.11116,-0.13037,-0.05143
2388,-0.11284,-0.12602,-0.05546
2389,-0.12687,-0.11254,-0.05812
2390,-0.12305,-0.12277,-0.05028
2391,-0.12745,-0.11197,-0.06144
2392,-0.11436,-0.1557,-0.05203
2393,-0.11657,-0.11931,-0.0528
2394,-0.12462,-0.14819,-0.06316
2395,-0.10681,-0.13858,-0.04663
2396,-0.08791,-0.11043,-0.05954
2397,-0.12134,-0.11818,-0.04826
2398,-0.09649,-0.13641,-0.05295
2399,-0.11118,-0.09215,-0.05499
2400,-0.13016,-0.13131,-0.0402
2401,-0.11646,-0.1461,-0.04313
2402,-0.13573,-0.13689,-0.04893
2403,-0.11466,-0.13625,-0.04733
2404,-0.10263,-0.13064,-0.05184
2405,-0.12541,-0.12812,-0.06512
2406,-0.13323,-0.12775,-0.05671
2407,-0.11574,-0.13533,-0.05213
2408,-0.15098,-0.11173,-0.04402
2409,-0.12942,-0.12263,-0.04921
2410,-0.11312,-0.14766,-0.05393
2411,-0.10443,-0.1242,-0.04686
2412,-0.11246,-0.15694,-0.05002
2413,-0.14132,-0.13605,-0.05803
2414,-0.09482,-0.12427,-0.04835
2415,-0.11606,-0.12522,-0.04544
2416,-0.10908,-0.10855,-0.05551
2417,-0.12721,-0.12607,-0.05216
2418,-0.11309,-0.1272,-0.04994
2419,-0.13648,-0.11937,-0.04579
2420,-0.08729,-0.13573,-0.05587
2421,-0.10512,-0.1336,-0.05264
2422,-0.12346,-0.11654,-0.05247
2423,-0.12862,-0.11895,-0.04025
2424,-0.10103,-0.11775,-0.04456
2425,-0.11546,-0.17046,-0.05323
2426,-0.09984,-0.13984,-0.05401
2427,-0.14907,-0.10609,-0.05232
2428,-0.11649,-0.11883,-0.04922
2429,-0.12189,-0.14608,-0.07498
2430,-0.13084,-0.11979,-0.04324
2431,-0.11392,-0.1375,-0.04632
2432,-0.12029,-0.12133,-0.05862
2433,-0.0924,-0.12072,-0.05433
2434,-0.12106,-0.10378,-0.048
2435,-0.11978,-0.14014,-0.05011
2436,-0.11705,-0.14787,-0.05054
2437,-0.1141,-0.13698,-0.0494
2438,-0.14317,-0.148,-0.0448
2439,-0.12106,-0.11325,-0.05089
2440,-0.1218,-0.13339,-0.04378
2441,-0.14334,-0.12088,-0.04228
2442,-0.09334,-0.08827,-0.05704
2443,-0.11154,-0.12485,-0.03568
2444,-0.11689,-0.10999,-0.05666
2445,-0.10454,-0.11977,-0.04675
2446,-0.09422,-0.12267,-0.05126
2447,-0.12434,-0.12719,-0.05179
2448,-0.13278,-0.11261,-0.05122
2449,-0.10872,-0.09474,-0.0536
2450,-0.13376,-0.10735,-0.04633
2451,-0.12558,-0.11077,-0.05338
2452,-0.10671,-0.09647,-0.05362
2453,-0.12966,-0.11659,-0.0517
2454,-0.11199,-0.12445,-0.06745
2455,-0.13965,-0.10006,-0.05026
2456,-0.11883,-0.11238,-0.05133
2457,-0.12432,-0.12836,-0.05646
2458,-0.13984,-0.11682,-0.06203
2459,-0.13996,-0.14039,-0.04945
2460,-0.10075,-0.12728,-0.05245
2461,-0.15123,-0.13508,-0.05577
2462,-0.10503,-0.11301,-0.05058
2463,-0.12284,-0.13597,-0.04761
2464,-0.12212,-0.11049,-0.06527
2465,-0.13222,-0.13529,-0.06039
2466,-0.13824,-0.11667,-0.04683
2467,-0.09539,-0.12333,-0.05038
2468,-0.11275,-0.13632,-0.04259
2469,-0.12093,-0.13595,-0.0499
2470,-0.13969,-0.11144,-0.0483
2471,-0.0735,-0.13313,-0.05262
2472,-0.0946,-0.14012,-0.05185
2473,-0.1012,-0.11783,-0.04909
2474,-0.10361,-0.15057,-0.05888
2475,-0.09099,-0.13113,-0.04861
2476,-0.11286,-0.13277,-0.04823
2477,-0.1335,-0.12214,-0.06405
2478,-0.11278,-0.12056,-0.03969
2479,-0.14761,-0.11603,-0.04824
2480,-0.15011,-0.10355,-0.0484
2481,-0.11344,-0.10517,-0.05702
2482,-0.11638,-0.12308,-0.05676
2483,-0.14266,-0.10654,-0.04673
2484,-0.1396,-0.12954,-0.04735
2485,-0.11046,-0.11289,-0.04635
2486,-0.11191,-0.13002,-0.04995
2487,-0.11293,-0.11992,-0.04617
2488,-0.113,-0.12605,-0.04232
2489,-0.10685,-0.12689,-0.05616
2490,-0.13731,-0.1276,-0.04463
2491,-0.11795,-0.09592,-0.05193
2492,-0.12497,-0.10638,-0.05027
2493,-0.12447,-0.12982,-0.05625
2494,-0.11313,-0.13151,-0.052
2495,-0.15243,-0.14239,-0.04866
2496,-0.09698,-0.13066,-0.05297
2497,-0.1236,-0.13703,-0.0581
2498,-0.13832,-0.11566,-0.04622
2499,-0.09972,-0.15417,-0.06431
2500,-0.11607,-0.13266,-0.05231
2501,-0.13209,-0.12158,-0.04529
2502,-0.1169,-0.15062,-0.04606
2503,-0.14315,-0.13223,-0.05996
2504,-0.13957,-0.13916,-0.04885
2505,-0.12948,-0.12495,-0.04698
2506,-0.10449,-0.12279,-0.05544
2507,-0.10779,-0.12111,-0.06217
2508,-0.10606,-0.16309,-0.04497
2509,-0.13652,-0.14065,-0.04082
2510,-0.14027,-0.14092,-0.04798
2511,-0.09351,-0.13261,-0.04093
2512,-0.10693,-0.12456,-0.05641
2513,-0.12913,-0.12349,-0.05321
2514,-0.1424,-0.14067,-0.05036
2515,-0.10629,-0.14343,-0.05051
2516,-0.12143,-0.12119,-0.04679
2517,-0.11467,-0.13874,-0.05757
2518,-0.10824,-0.10988,-0.04051
2519,-0.12691,-0.13174,-0.06386
2520,-0.11817,-0.11917,-0.0504
2521,-0.13544,-0.12865,-0.04702
2522,-0.12687,-0.14446,-0.04745
2523,-0.11911,-0.11094,-0.05107
2524,-0.13029,-0.11579,-0.04138
2525,-0.13719,-0.13407,-0.04922
2526,-0.1175,-0.12228,-0.06081
2527,-0.12174,-0.1138,-0.05685
2528,-0.09154,-0.14458,-0.04405
2529,-0.11054,-0.12297,-0.0548
2530,-0.12536,-0.12364,-0.04861
2531,-0.11546,-0.10643,-0.05364
2532,-0.12672,-0.10365,-0.06075
2533,-0.11576,-0.14383,-0.05325
2534,-0.11776,-0.13265,-0.04429
2535,-0.11646,-0.10223,-0.04808
2536,-0.10075,-0.1279,-0.04285
2537,-0.14786,-0.10341,-0.0487
2538,-0.11306,-0.14606,-0.01864
2539,-0.09375,-0.11285,-0.05423
2540,-0.12011,-0.1436,-0.04978
2541,-0.11604,-0.13971,-0.0523
2542,-0.09087,-0.12883,-0.03105
2543,-0.10717,-0.13319,-0.04681
2544,-0.11023,-0.10957,-0.05272
2545,-0.13259,-0.11075,-0.05058
2546,-0.12349,-0.11716,-0.05797
2547,-0.09641,-0.15047,-0.05648
2548,-0.13073,-0.10359,-0.04744
2549,-0.1231,-0.10877,-0.06029
2550,-0.10295,-0.12062,-0.05554
2551,-0.10466,-0.15291,-0.0593
2552,-0.13328,-0.1061,-0.05563
2553,-0.14501,-0.12528,-0.05357
2554,-0.11514,-0.12412,-0.06311
2555,-0.07621,-0.13399,-0.04096
2556,-0.15126,-0.15225,-0.04254
2557,-0.11791,-0.12965,-0.06631
2558,-0.13752,-0.11838,-0.06028
2559,-0.10161,-0.14296,-0.05589
2560,-0.11611,-0.11366,-0.05568
2561,-0.08878,-0.12152,-0.05584
2562,-0.12575,-0.14645,-0.04535
2563,-0.10354,-0.13271,-0.04869
2564,-0.09938,-0.13355,-0.05339
2565,-0.11882,-0.10562,-0.05635
2566,-0.13494,-0.13625,-0.04246
2567,-0.12859,-0.10005,-0.06029
2568,-0.1119,-0.15677,-0.04654
2569,-0.11687,-0.12054,-0.04267
2570,-0.12734,-0.1057,-0.04008
2571,-0.11952,-0.10871,-0.04041
2572,-0.1045,-0.12158,-0.05921
2573,-0.13398,-0.11785,-0.04628
2574,-0.1126,-0.07931,-0.06098
2575,-0.12009,-0.10292,-0.0574
2576,-0.11335,-0.11152,-0.04937
2577,-0.12978,-0.12771,-0.04878
2578,-0.12822,-0.13254,-0.03918
2579,-0.16788,-0.12368,-0.05468
2580,-0.13914,-0.16342,-0.04751
2581,-0.10802,-0.10947,-0.05747
2582,-0.13595,-0.13899,-0.04926
2583,-0.09687,-0.13602,-0.05573
2584,-0.13135,-0.1439,-0.05539
2585,-0.11649,-0.14353,-0.05316
2586,-0.13471,-0.11529,-0.05073
2587,-0.13016,-0.13008,-0.05285
2588,-0.10559,-0.12123,-0.04234
2589,-0.11333,-0.15617,-0.06053
2590,-0.1202,-0.11003,-0.05113
2591,-0.12301,-0.12338,-0.03775
2592,-0.13858,-0.14729,-0.054
2593,-0.10921,-0.11527,-0.04866
2594,-0.10736,-0.12575,-0.04192
2595,-0.11793,-0.12215,-0.05835
2596,-0.15136,-0.16211,-0.04801
2597,-0.14703,-0.15317,-0.0576
2598,-0.12531,-0.11275,-0.0398
2599,-0.11961,-0.11956,-0.04833
2600,-0.12413,-0.12426,-0.04782
2601,-0.13159,-0.13656,-0.05787
2602,-0.12829,-0.14892,-0.05119
2603,-0.12131,-0.10006,-0.05644
2604,-0.14397,-0.13584,-0.04854
2605,-0.13154,-0.15096,-0.04427
2606,-0.12888,-0.13766,-0.05369
2607,-0.10508,-0.12636,-0.04661
2608,-0.13557,-0.12856,-0.0503
2609,-0.14567,-0.10791,-0.05524
2610,-0.12322,-0.13424,-0.04693
2611,-0.12783,-0.13498,-0.05142
2612,-0.10978,-0.12653,-0.0565
2613,-0.08805,-0.11344,-0.05818
2614,-0.12951,-0.12671,-0.0494
2615,-0.12235,-0.12701,-0.05324
2616,-0.10349,-0.14281,-0.04779
2617,-0.11301,-0.14119,-0.05102
2618,-0.12584,-0.11054,-0.05577
2619,-0.12571,-0.11039,-0.05628
2620,-0.12494,-0.14054,-0.06653
2621,-0.12216,-0.12935,-0.04403
2622,-0.1172,-0.1208,-0.03931
2623,-0.12167,-0.14073,-0.04663
2624,-0.10877,-0.12267,-0.05867
2625,-0.13847,-0.12591,-0.0551
2626,-0.11773,-0.15658,-0.04349
2627,-0.16527,-0.13308,-0.04688
2628,-0.13624,-0.11607,-0.05025
2629,-0.10566,-0.12619,-0.06049
2630,-0.10786,-0.12032,-0.04689
2631,-0.11712,-0.12156,-0.05307
2632,-0.1122,-0.11125,-0.05246
2633,-0.1092,-0.11479,-0.0459
2634,-0.10029,-0.1111,-0.05472
2635,-0.09768,-0.1532,-0.05857
2636,-0.09537,-0.14093,-0.05165
2637,-0.10342,-0.12289,-0.06331
2638,-0.12296,-0.13942,-0.05606
2639,-0.11037,-0.14491,-0.04977
2640,-0.11249,-0.14526,-0.04959
2641,-0.10262,-0.10836,-0.05205
2642,-0.13624,-0.12115,-0.07138
2643,-0.08198,-0.15355,-0.05108
2644,-0.10439,-0.13969,-0.05269
2645,-0.14432,-0.13759,-0.07462
2646,-0.09478,-0.11384,-0.04534
2647,-0.09946,-0.14412,-0.04676
2648,-0.11847,-0.13992,-0.06014
2649,-0.11547,-0.14301,-0.06155
2650,-0.11644,-0.12642,-0.0568
2651,-0.12548,-0.14511,-0.06154
2652,-0.1085,-0.12535,-0.05991
2653,-0.11938,-0.14261,-0.05583
2654,-0.108,-0.11685,-0.0533
2655,-0.09246,-0.14715,-0.05351
2656,-0.10026,-0.12042,-0.04817
2657,-0.10031,-0.16444,-0.04464
2658,-0.10342,-0.15934,-0.06217
2659,-0.11359,-0.13124,-0.05138
2660,-0.10775,-0.13945,-0.05592
2661,-0.12338,-0.13905,-0.05139
2662,-0.13335,-0.12239,-0.05441
2663,-0.13137,-0.13045,-0.0453
2664,-0.11471,-0.14659,-0.06951
2665,-0.15031,-0.15126,-0.0655
2666,-0.11005,-0.12102,-0.04486
2667,-0.13999,-0.1264,-0.05173
2668,-0.12838,-0.16264,-0.06518
2669,-0.129,-0.13252,-0.06268
2670,-0.11934,-0.14354,-0.06051
2671,-0.12365,-0.13391,-0.05579
2672,-0.12598,-0.15712,-0.05185
2673,-0.0973,-0.13367,-0.04371
2674,-0.10637,-0.12728,-0.06073
2675,-0.12341,-0.12086,-0.05646
2676,-0.11632,-0.14623,-0.05529
2677,-0.10397,-0.12753,-0.04774
2678,-0.11729,-0.12379,-0.05591
2679,-0.13424,-0.11937,-0.04956
2680,-0.13665,-0.1408,-0.04031
2681,-0.11329,-0.11582,-0.06048
2682,-0.12109,-0.11354,-0.04683
2683,-0.10011,-0.13633,-0.05476
2684,-0.13639,-0.13819,-0.04441
2685,-0.11842,-0.12324,-0.05418
2686,-0.12101,-0.11485,-0.05863
2687,-0.10264,-0.12233,-0.06143
2688,-0.11953,-0.12783,-0.05043
2689,-0.12983,-0.11337,-0.05467
2690,-0.10954,-0.12576,-0.05928
2691,-0.10163,-0.14045,-0.0578
2692,-0.12107,-0.13165,-0.05606
2693,-0.12607,-0.12588,-0.04968
2694,-0.13833,-0.12597,-0.05518
2695,-0.10163,-0.13977,-0.0492
2696,-0.10393,-0.13361,-0.03791
2697,-0.09006,-0.11417,-0.05471
2698,-0.0809,-0.12871,-0.03954
2699,-0.10326,-0.1344,-0.05709
2700,-0.1289,-0.11661,-0.05764
2701,-0.11594,-0.11411,-0.04636
2702,-0.10621,-0.1344,-0.04324
2703,-0.13413,-0.11673,-0.03772
2704,-0.11545,-0.14965,-0.05671
2705,-0.12247,-0.13549,-0.06042
2706,-0.12635,-0.13795,-0.05157
2707,-0.11022,-0.11921,-0.04745
2708,-0.11863,-0.14288,-0.05324
2709,-0.12219,-0.1205,-0.06023
2710,-0.12769,-0.156,-0.05531
2711,-0.10674,-0.12537,-0.05826
2712,-0.10105,-0.11607,-0.04526
2713,-0.11377,-0.10703,-0.04682
2714,-0.11219,-0.13023,-0.05133
2715,-0.12184,-0.13735,-0.04466
2716,-0.13304,-0.11551,-0.05597
2717,-0.10433,-0.1136,-0.05759
2718,-0.16599,-0.13332,-0.06787
2719,-0.1349,-0.11531,-0.05809
2720,-0.10936,-0.10265,-0.04704
2721,-0.11697,-0.11688,-0.05004
2722,-0.13239,-0.10669,-0.05137
2723,-0.10652,-0.14446,-0.0526
2724,-0.10939,-0.13002,-0.06848
2725,-0.1213,-0.09259,-0.04988
2726,-0.11248,-0.1389,-0.05287
2727,-0.11608,-0.13298,-0.06177
2728,-0.11912,-0.11691,-0.05568
2729,-0.11251,-0.10603,-0.05816
2730,-0.08159,-0.13594,-0.05718
2731,-0.1288,-0.12548,-0.05924
2732,-0.13605,-0.12043,-0.05073
2733,-0.13199,-0.11323,-0.05272
2734,-0.12845,-0.14311,-0.05054
2735,-0.0772,-0.10671,-0.05865
2736,-0.11292,-0.14753,-0.04924
2737,-0.14479,-0.11556,-0.06123
2738,-0.14295,-0.12858,-0.04676
2739,-0.09053,-0.1401,-0.06384
2740,-0.13938,-0.14731,-0.04936
2741,-0.12286,-0.12186,-0.04846
2742,-0.14747,-0.12517,-0.05862
2743,-0.14602,-0.10592,-0.05483
2744,-0.11329,-0.11011,-0.05063
2745,-0.10797,-0.13419,-0.04982
2746,-0.0716,-0.13086,-0.05243
2747,-0.12947,-0.13924,-0.06313
2748,-0.11858,-0.11473,-0.05579
2749,-0.09958,-0.11433,-0.05449
2750,-0.09663,-0.09692,-0.03973
2751,-0.1269,-0.14378,-0.03001
2752,-0.11959,-0.11159,-0.05221
2753,-0.13468,-0.13126,-0.03939
2754,-0.13731,-0.13517,-0.04562
2755,-0.1129,-0.12816,-0.02384
2756,-0.12832,-0.09914,-0.03768
2757,-0.10814,-0.1625,-0.026
2758,-0.1063,-0.12417,-0.03411
2759,-0.08002,-0.13314,-0.04189
2760,-0.10751,-0.14705,-0.04474
2761,-0.10423,-0.13188,-0.03188
2762,-0.13889,-0.11255,-0.04072
2763,-0.09967,-0.13344,-0.04429
2764,-0.12338,-0.10871,-0.04001
2765,-0.11356,-0.14116,-0.03902
2766,-0.11247,-0.13133,-0.04123
2767,-0.09118,-0.10493,-0.04456
2768,-0.11889,-0.09938,-0.05208
2769,-0.10036,-0.14016,-0.04894
2770,-0.10544,-0.13531,-0.04805
2771,-0.1062,-0.1544,-0.03962
2772,-0.12698,-0.13522,-0.0566
2773,-0.12815,-0.12905,-0.0359
2774,-0.10781,-0.13575,-0.05566
2775,-0.09706,-0.09746,-0.05905
2776,-0.1052,-0.15694,-0.04446
2777,-0.09729,-0.1579,-0.06146
2778,-0.10476,-0.15893,-0.05125
2779,-0.10323,-0.17139,-0.06183
2780,-0.12824,-0.11682,-0.04714
2781,-0.10296,-0.13313,-0.05745
2782,-0.11435,-0.1476,-0.04266
2783,-0.11372,-0.13698,-0.05454
2784,-0.11266,-0.11214,-0.06457
2785,-0.12535,-0.14173,-0.05437
2786,-0.12902,-0.145,-0.06269
2787,-0.13827,-0.122,-0.06432
2788,-0.13528,-0.13848,-0.06019
2789,-0.12098,-0.12275,-0.07785
2790,-0.11125,-0.15673,-0.06241
2791,-0.10621,-0.11618,-0.06577
2792,-0.11312,-0.14042,-0.05572
2793,-0.12335,-0.13507,-0.09029
2794,-0.1348,-0.11532,-0.08209
2795,-0.12462,-0.14011,-0.08473
2796,-0.14013,-0.16249,-0.0777
2797,-0.12624,-0.14599,-0.08858
2798,-0.1371,-0.13735,-0.06618
2799,-0.13291,-0.152,-0.08572
2800,-0.12985,-0.12786,-0.07808
2801,-0.11909,-0.15522,-0.06765
2802,-0.12093,-0.14035,-0.08894
2803,-0.14633,-0.13348,-0.07127
2804,-0.1117,-0.15827,-0.08608
2805,-0.10849,-0.14737,-0.08279
2806,-0.10064,-0.11022,-0.09837
2807,-0.09668,-0.16033,-0.09001
2808,-0.14056,-0.11577,-0.09611
2809,-0.11611,-0.09002,-0.10935
2810,-0.12309,-0.0865,-0.09875
2811,-0.1142,-0.11972,-0.10772
2812,-0.11214,-0.10142,-0.10968
2813,-0.08601,-0.0847,-0.10985
2814,-0.11074,-0.09436,-0.13023
2815,-0.09831,-0.11526,-0.1218
2816,-0.1265,-0.06978,-0.13361
2817,-0.10346,-0.0744,-0.1178
2818,-0.0993,-0.12459,-0.12695
2819,-0.10057,-0.09877,-0.13313
2820,-0.07773,-0.11397,-0.12531
2821,-0.12128,-0.11634,-0.13764
2822,-0.09744,-0.13884,-0.11082
2823,-0.08628,-0.11182,-0.10293
2824,-0.09904,-0.11617,-0.11622
2825,-0.1185,-0.10124,-0.13194
2826,-0.1105,-0.11842,-0.11056
2827,-0.09434,-0.07713,-0.1295
2828,-0.07332,-0.08486,-0.11072
2829,-0.09368,-0.12642,-0.1108
2830,-0.11726,-0.1174,-0.12331
2831,-0.07626,-0.00621,0.29108
2832,-0.00142,-0.02122,0.51663
2833,0.08693,-0.05885,0.86449
2834,0.08865,-0.03261,0.84974
2835,0.19086,0.0256,1.30182
2836,0.31736,0.03991,1.73519
2837,0.27832,0.03602,1.63627
2838,0.24232,0.07257,1.69625
2839,0.35975,0.05355,1.92258
2840,0.39811,0.07706,1.94091
2841,0.40488,0.06721,1.90554
2842,0.48813,0.08147,2.03032
2843,0.57136,0.07078,2.72485
2844,0.63421,0.0815,2.02092
2845,0.62452,0.08626,1.74615
2846,0.61121,0.05996,1.52837
2847,0.81078,0.17,2.20944
2848,1.33555,0.07503,3.99155
2849,0.71021,-0.0173,1.99489
2850,0.69949,-0.11244,1.49794
2851,0.22642,-0.05387,1.29572
2852,0.14635,0.00599,1.04199
2853,0.04103,0.01593,1.09997
2854,0.0279,-0.05394,0.96358
2855,-0.00111,-0.05603,1.06779
2856,-0.04558,-0.03696,1.08978
2857,-0.08463,-0.04988,1.24757
2858,-0.04125,-0.06359,1.32645
2859,-0.04734,-0.06911,1.32048
2860,-0.07815,-0.11482,1.24823
2861,-0.08612,-0.12084,1.16293
2862,-0.09136,-0.14146,1.07366
2863,-0.09217,-0.13333,1.04015
2864,-0.06098,-0.10859,1.02326
2865,-0.0885,-0.13554,1.04101
2866,-0.08267,-0.11799,1.01985
2867,-0.04311,-0.13545,1.00433
2868,-0.03784,-0.13789,1.02077
2869,-0.04778,-0.11236,0.99159
2870,-0.02555,-0.10583,0.99811
2871,-0.02955,-0.08738,1.0074
2872,-0.01909,-0.10349,1.01748
2873,-0.03554,-0.09211,1.04404
2874,-0.02253,-0.10311,1.05372
2875,-0.00092,-0.12584,1.05377
2876,0.00525,-0.07594,1.05424
2877,-0.00103,-0.10993,1.07753
2878,0.00462,-0.1212,1.07687
2879,0.01961,-0.09719,1.06766
2880,0.02542,-0.14277,1.0801
2881,0.01445,-0.09092,1.09943
2882,0.03849,-0.13998,1.18336
2883,0.05511,-0.10638,1.22258
2884,0.03764,-0.12165,1.19355
2885,0.03553,-0.08809,1.2237
2886,0.05371,-0.11545,1.24048
2887,0.04213,-0.08538,1.2466
2888,0.06284,-0.09117,1.22688
2889,0.03737,-0.07538,1.20148
2890,0.04712,-0.07945,1.18814
2891,0.06607,-0.07246,1.15263
2892,0.03919,-0.07506,1.12055
2893,0.032,-0.05618,1.11016
2894,0.04448,-0.09765,1.1034
2895,0.04369,-0.09406,1.10171
2896,0.03022,-0.06744,1.09911
2897,-0.01413,-0.08228,1.10244
2898,0.01939,-0.04587,1.12609
2899,0.04394,-0.06713,1.13055
2900,0.02056,-0.06999,1.13396
2901,0.00201,-0.06836,1.1404
2902,0.02086,-0.09596,1.14552
2903,0.01141,-0.08272,1.14001
2904,-0.01099,-0.06716,1.13361
2905,0.00588,-0.06911,1.13248
2906,0.00742,-0.08595,1.13531
2907,0.01705,-0.0963,1.12372
2908,0.01628,-0.09217,1.14489
2909,0.01558,-0.07413,1.1312
2910,0.0044,-0.11098,1.13366
2911,-0.00255,-0.11075,1.12467
2912,-0.0029,-0.0842,1.12986
2913,0.00607,-0.08868,1.13836
2914,0.01097,-0.12853,1.12725
2915,-0.02639,-0.09011,1.13978
2916,0.00772,-0.1006,1.14368
2917,0.01639,-0.08471,1.133
2918,-0.00135,-0.09336,1.12914
2919,0.03316,-0.09602,1.13563
2920,0.01858,-0.09519,1.13752
2921,0.00955,-0.08561,1.12798
2922,0.01518,-0.12162,1.12541
2923,0.01409,-0.09953,1.12331
2924,-0.02302,-0.11015,1.13485
2925,-0.0036,-0.09442,1.13052
2926,0.02614,-0.09526,1.12699
2927,-0.0029,-0.10185,1.12553
2928,0.00984,-0.10834,1.13399
2929,-0.00715,-0.07774,1.123
2930,0.03219,-0.08344,1.12943
2931,-0.01621,-0.10326,1.12915
2932,0.03259,-0.08405,1.1423
2933,0.02491,-0.10922,1.13987
2934,0.00052,-0.09221,1.13412
2935,0.025,-0.09898,1.14154
2936,0.01734,-0.09201,1.13304
2937,-0.00901,-0.07596,1.12226
2938,-0.01469,-0.0958,1.13487
2939,0.00971,-0.09448,1.12433
2940,-0.00036,-0.12101,1.11756
2941,0.01067,-0.07432,1.13346
2942,0.044,-0.09991,1.13262
2943,0.01348,-0.09122,1.13361
2944,0.00828,-0.04842,1.12643
2945,-0.01202,-0.08493,1.14379
2946,0.00778,-0.07901,1.13506
2947,0.01816,-0.10727,1.13057
2948,-0.00053,-0.09863,1.1394
2949,0.01311,-0.07635,1.13073
2950,0.00174,-0.06179,1.12926
2951,0.00277,-0.10785,1.12804
2952,-0.00925,-0.06426,1.13336
2953,-0.00444,-0.11603,1.11013
2954,0.02863,-0.06828,1.11556
2955,0.00678,-0.08749,1.1475
2956,0.00689,-0.10516,1.16008
2957,-0.02722,-0.08075,1.1257
2958,0.01491,-0.0753,1.14049
2959,0.00792,-0.10172,1.13512
2960,0.00158,-0.09229,1.13735
2961,0.00631,-0.09485,1.14368
2962,0.00549,-0.06845,1.13173
2963,-0.00992,-0.09212,1.13981
2964,-0.00182,-0.08624,1.14646
2965,0.00271,-0.06727,1.14243
2966,0.00869,-0.07798,1.14254
2967,0.01018,-0.10925,1.13776
2968,-0.00863,-0.11951,1.1442
2969,0.00743,-0.06288,1.15072
2970,0.00023,-0.08362,1.14635
2971,0.02699,-0.08174,1.1361
2972,0.00888,-0.07916,1.14219
2973,-0.00454,-0.09774,1.13956
2974,0.0086,-0.08165,1.14591
2975,-0.02076,-0.0598,1.14984
2976,-0.01623,-0.08038,1.14045
2977,-0.00001,-0.07981,1.14228
2978,0.02946,-0.12053,1.14361
2979,-0.00735,-0.06331,1.13107
2980,-0.00281,-0.08811,1.1441
2981,-0.01013,-0.09351,1.14668
2982,0.00829,-0.0704,1.14942
2983,0.00642,-0.10962,1.12565
2984,-0.01233,-0.09138,1.14104
2985,0.01969,-0.11119,1.13429
2986,0.00782,-0.09467,1.13063
2987,-0.01114,-0.08446,1.12976
2988,0.0038,-0.09856,1.12822
2989,-0.00247,-0.08735,1.13184
2990,-0.02604,-0.07546,1.13842
2991,0.03299,-0.07004,1.15202
2992,0.01937,-0.08418,1.1461
2993,0.02476,-0.10236,1.1468
2994,-0.00884,-0.11979,1.1278
2995,0.01107,-0.08822,1.1444
2996,0.01943,-0.11494,1.13363
2997,-0.0073,-0.07992,1.143
2998,0.01644,-0.10818,1.12947
2999,-0.01747,-0.06537,1.13517
3000,0.00226,-0.07127,1.13397