pt1_X,pt1_Y,pt1_Z,pt2_X,pt2_Y,pt2_Z,pt3_X,pt3_Y,pt3_Z,pt4_X,pt4_Y,pt4_Z,pt5_X,pt5_Y,pt5_Z,pt6_X,pt6_Y,pt6_Z,ElbowLa,ElbowLb,ElbowLc,ElbowAng,EA DEG,ElbowLa (x),Midline (1-2),Pt5 - Pt1,HPR Comp Ang,HPR DEG,Pt3 - Pt5,Pt2 - Pt3,Pt5 - Pt2,HPR Comp Ang,HED DEG
21.228605,4.808067,14.219068,21.844217,4.789321,14.518777,21.836191,4.766865,13.587729,22.14672,2.037804,12.138669,23.11029,1.311878,11.07444,21.319542,-0.249839,11.663391,1.60873213,2.447979099,2.478592971,1.256197608,71.97482117,3.669659141,0.684692354,3.664617811,1.469976758,95.77653578,4.272418141,0.931318769,4.894493558,2.223815116,52.58477946
21.203922,4.831169,14.245095,21.807038,4.773457,14.568194,21.773593,4.841465,13.532774,22.13152,2.078712,12.114612,23.082574,1.299017,11.090777,21.318491,-0.258639,11.662541,1.600208146,2.421816491,2.5156697,1.296794165,74.30083252,3.703973688,0.68420894,3.671383306,1.430552928,98.03535487,4.302590752,1.037651032,4.915705677,2.108753474,59.1773259
21.18132,4.850692,14.276389,21.832529,4.776275,14.601873,21.779945,4.832524,13.564055,22.118173,2.094528,12.128563,23.049707,1.322936,11.092759,21.328155,-0.280228,11.67398,1.592482255,2.423157847,2.543666685,1.317040588,75.46086715,3.714216384,0.728019915,3.691391331,1.441173228,97.4268565,4.292378344,1.03934121,4.923355696,2.130159521,57.95084974
21.184144,4.917744,14.202661,21.769018,4.841568,14.546042,21.778453,4.851489,13.57606,22.074701,2.122509,12.141159,23.036737,1.34866,11.098214,21.325776,-0.275257,11.670756,1.616196094,2.427405674,2.555670055,1.316620897,75.43682059,3.673503693,0.678224231,3.615202899,1.39225751,100.2295207,4.290633031,0.970032735,4.907945009,2.17623331,55.31101611
21.157561,4.945573,14.229564,21.773123,4.842362,14.589115,21.737326,4.888142,13.587497,22.074963,2.121889,12.139847,23.047898,1.331422,11.108801,21.318792,-0.262048,11.659626,1.623113196,2.415028443,2.546676738,1.31530056,75.36117086,3.70643182,0.712876916,3.648634769,1.393253876,100.1724331,4.335226755,1.002663666,4.943610545,2.133767837,57.74410846
21.140373,4.987022,14.223836,21.760222,4.863177,14.581043,21.741966,4.897873,13.562802,22.062697,2.147187,12.123182,23.026138,1.354684,11.089348,21.318038,-0.253523,11.666911,1.62021366,2.416094862,2.554624974,1.320858567,75.67962124,3.714091718,0.715408711,3.65802196,1.395811799,100.0258749,4.321129827,1.018831952,4.949894656,2.146175941,57.0331765
21.10879,5.060697,14.198171,21.754991,4.899916,14.564356,21.710284,4.966933,13.531449,22.035578,2.171904,12.149921,22.998545,1.427285,11.046219,21.313584,-0.246991,11.657548,1.643143634,2.452756988,2.571917481,1.307072852,74.88975794,3.731449384,0.742743015,3.675047669,1.395004432,100.0721336,4.324982788,1.035078813,4.943324187,2.118147345,58.63909677
21.115218,5.037057,14.202044,21.6791,4.980957,14.499136,21.698542,4.991472,13.538334,22.007755,2.212566,12.143417,22.974991,1.476906,11.070035,21.310905,-0.238608,11.657235,1.62138522,2.461092103,2.594268074,1.323231124,75.81555871,3.665796933,0.637359056,3.642558989,1.447204529,97.08128839,4.294726315,0.960859536,4.902765248,2.17212438,55.54644046
21.09323,5.075927,14.186247,21.673778,5.008295,14.529991,21.665352,5.064689,13.485852,21.985097,2.22929,12.141715,22.945817,1.504103,11.072415,21.308076,-0.228517,11.658373,1.610056394,2.455099677,2.59476245,1.329780626,76.19081757,3.684143729,0.674682086,3.62326211,1.388734662,100.431365,4.301447526,1.045660812,4.922823719,2.112523263,58.96133289
21.06432,5.097712,14.204461,21.627258,5.077326,14.480075,21.646952,5.118398,13.474382,21.99363,2.221199,12.121496,22.912527,1.551859,11.068532,21.30615,-0.228664,11.650783,1.549555071,2.467736908,2.587668487,1.333902235,76.42696834,3.645619569,0.62678726,3.640043929,1.475800294,95.44287174,4.302129085,1.006531331,4.905868242,2.123427888,58.3365439
21.045131,5.137936,14.204346,21.650635,5.063203,14.569467,21.630852,5.163576,13.466585,21.970674,2.271171,12.106278,22.910303,1.524132,11.089826,21.295915,-0.189172,11.648845,1.572941383,2.419537446,2.591878148,1.357602984,77.78492125,3.700630346,0.707070321,3.630303213,1.375505968,101.1893133,4.346784556,1.107440041,4.963156761,2.058556837,62.05338137
21.021341,5.188856,14.158243,21.60538,5.10779,14.501298,21.619451,5.165757,13.496378,21.939912,2.316038,12.099306,22.887932,1.554782,11.12366,21.29071,-0.174112,11.646756,1.558889905,2.411186846,2.612874234,1.381190248,79.13637193,3.612945902,0.677339122,3.56270346,1.402606257,99.63658115,4.320755855,1.006590473,4.902275421,2.094516848,59.99302447
20.992621,5.233063,14.165352,21.611555,5.12077,14.492229,21.564498,5.202978,13.446831,21.888691,2.347872,12.079247,22.870298,1.557101,11.139709,21.286676,-0.167989,11.648066,1.572133178,2.396293176,2.622574248,1.392547781,79.7871106,3.581036762,0.699948476,3.560924947,1.444074987,97.26059797,4.314537174,1.048625354,4.892762726,2.056510646,62.17061948
20.992877,5.280939,14.101445,21.557596,5.202425,14.47198,21.512537,5.278185,13.419252,21.88214,2.343734,12.085503,22.837715,1.543986,11.212526,21.280488,-0.168731,11.639741,1.521449732,2.353904864,2.62167299,1.433192327,82.11587155,3.501820246,0.675428557,3.42772231,1.36434893,101.8285645,4.337497183,1.055450529,4.899817986,2.032693502,63.53524128
20.956316,5.31897,14.085568,21.542984,5.186996,14.507756,21.506226,5.303826,13.461363,21.852211,2.403195,12.049861,22.85293,1.608598,11.148237,21.282413,-0.168584,11.647332,1.563888982,2.423632672,2.664722609,1.409289907,80.7463638,3.605873879,0.722787693,3.496435051,1.318799623,104.4383476,4.359502479,1.052894847,4.908288924,2.018907842,64.32510144
20.925683,5.341908,14.099755,21.483528,5.258856,14.445259,21.452806,5.347605,13.410382,21.825161,2.41023,12.088406,22.82094,1.630341,11.165821,21.282112,-0.165172,11.650242,1.565556052,2.413819018,2.668255117,1.41698708,81.18737934,3.54166408,0.656173802,3.492845232,1.403494084,99.58571239,4.342361768,1.038675498,4.890893037,2.028471734,63.77713079
20.867881,5.368149,14.150757,21.477336,5.290117,14.480054,21.425154,5.382156,13.39969,21.796617,2.470152,12.049051,22.80042,1.671955,11.129586,21.279345,-0.159914,11.648591,1.578022433,2.436961095,2.710200306,1.429417465,81.89958791,3.602247505,0.692727877,3.586388322,1.451518099,96.83413905,4.349593502,1.084277432,4.931199862,2.034899592,63.40884163
20.826368,5.429367,14.097322,21.4521,5.325399,14.460239,21.404528,5.395909,13.408388,21.779372,2.483064,12.063079,22.770762,1.706055,11.127446,21.274744,-0.151681,11.640685,1.569078146,2.439808839,2.715685424,1.434578964,82.19532004,3.584184517,0.72335972,3.54976499,1.421983348,98.52635561,4.337939482,1.054211642,4.920077253,2.057532077,62.11209579
20.787331,5.493688,14.047545,21.368329,5.429726,14.376392,21.361867,5.470256,13.371035,21.742642,2.504279,12.083259,22.71597,1.765337,11.095271,21.268128,-0.146721,11.623859,1.571471592,2.455935163,2.732034571,1.436026012,82.27822976,3.547096176,0.667606939,3.526410379,1.445467721,97.18080014,4.348048595,1.006173632,4.918689029,2.081339142,60.74805141
20.741189,5.601267,13.973801,21.34794,5.442866,14.388692,21.353453,5.491822,13.40697,21.708825,2.543338,12.114221,22.696095,1.769792,11.118316,21.270203,-0.148278,11.629992,1.601531216,2.444171199,2.769776828,1.459797053,83.6402101,3.537355097,0.73503831,3.46055661,1.362038663,101.9609331,4.369375751,0.982941898,4.918010959,2.072269191,61.26772135
20.710246,5.627375,13.979714,21.326387,5.431577,14.445516,21.312631,5.536139,13.399032,21.68652,2.593206,12.073698,22.664901,1.810123,11.132801,21.261406,-0.126918,11.627009,1.567078661,2.44257397,2.789144591,1.486760014,85.18507393,3.572912034,0.77239966,3.453344726,1.307462738,105.0879032,4.361077639,1.05169481,4.908055597,2.017649861,64.39717841
20.679897,5.629896,14.015413,21.259002,5.5483,14.376051,21.254413,5.562675,13.405188,21.64866,2.611156,12.085258,22.639116,1.839908,11.146418,21.278606,-0.146197,11.670268,1.56756088,2.463740927,2.812854818,1.491076484,85.43238946,3.512156598,0.68221871,3.474143261,1.41765737,98.77421588,4.354427178,0.970969415,4.917590929,2.101355247,59.60121311
20.623645,5.691557,14.015359,21.200848,5.625421,14.310675,21.220044,5.626376,13.30484,21.598061,2.652319,12.079319,22.611793,1.845507,11.181662,21.261255,-0.125212,11.628464,1.576193599,2.43049754,2.833970178,1.523751603,87.30453585,3.432417245,0.648363203,3.461585064,1.52150734,92.8240509,4.336225918,1.005835453,4.906981985,2.081520609,60.73765414
20.590045,5.728166,14.001965,21.224796,5.613796,14.456275,21.175202,5.643765,13.414513,21.562319,2.723056,12.043283,22.57229,1.875878,11.198171,21.261649,-0.095751,11.626764,1.565875562,2.405991003,2.865233573,1.566656209,89.76278874,3.525759742,0.780580815,3.43373791,1.341751597,103.1232963,4.371400726,1.042192979,4.9585555,2.073748471,61.18296486
20.551344,5.7571,14.020324,21.146541,5.689405,14.339254,21.115835,5.70682,13.33886,21.519754,2.752837,12.073816,22.515996,1.926713,11.175982,21.273541,-0.066674,11.618441,1.575145986,2.390200018,2.866640806,1.573915727,90.17872846,3.446983717,0.675259812,3.456897293,1.487452738,94.77523589,4.355140661,1.00054557,4.915703493,2.073097628,61.22025539
20.523041,5.800971,13.99526,21.09022,5.755238,14.320348,21.095793,5.75608,13.387657,21.493194,2.811645,12.029091,22.455299,1.992001,11.175485,21.257239,-0.033276,11.607813,1.52515754,2.392488702,2.885606593,1.608709437,92.17226122,3.428352952,0.653738653,3.418296656,1.459865808,96.35585055,4.366004544,0.93269138,4.904295669,2.101224347,59.60871309
20.452409,5.859118,13.98315,21.049017,5.760346,14.338106,21.07217,5.801153,13.403157,21.420851,2.811441,12.090525,22.438951,2.007095,11.192186,21.240884,0.004965,11.599944,1.578135944,2.368576716,2.854709333,1.577310216,90.37321838,3.439291958,0.694215289,3.425759648,1.450124911,96.91396282,4.391271897,0.935839112,4.897316175,2.054813677,62.26784861
20.391607,5.911183,13.990849,20.993528,5.826884,14.311705,21.003027,5.872124,13.30335,21.378515,2.850198,12.081542,22.403194,2.07078,11.173867,21.209558,0.031582,11.680314,1.575224866,2.416523111,2.852039013,1.546258531,88.59408788,3.439939759,0.68209784,3.461483764,1.503285016,93.86811318,4.357168123,1.00936934,4.89431758,2.036595815,63.31165521
20.366671,5.991489,13.950864,20.923881,5.921961,14.29325,20.965596,5.970671,13.277519,21.324775,2.927741,12.069288,22.346261,2.035307,11.277507,21.216545,0.006223,11.684466,1.570601555,2.35776499,2.948740261,1.661279502,95.18430408,3.334347118,0.653996297,3.326501799,1.460521487,96.31828289,4.414423837,1.016898288,4.919429353,1.993075617,65.8051789
20.312796,6.052372,13.964019,20.850344,6.014832,14.229515,20.921465,5.966814,13.278652,21.234804,2.941982,12.104887,22.287554,2.061783,11.318536,21.207044,0.031206,11.674328,1.581575397,2.327516436,2.942578562,1.67148613,95.76910077,3.246439792,0.599538138,3.301249682,1.570650455,90.00835783,4.36936172,0.952074668,4.909215328,2.086456318,60.45485884
20.25437,6.107897,13.956518,20.829445,6.030849,14.299795,20.871215,6.005888,13.304816,21.187248,2.991863,12.10494,22.260469,2.098395,11.309465,21.179789,0.062181,11.679991,1.607130629,2.334807537,2.960350302,1.668153221,95.57813914,3.315102291,0.66973902,3.321343521,1.478981727,95.26058905,4.387473893,0.995292049,4.94027003,2.068007201,61.51191539
20.19782,6.178294,13.919699,20.787693,6.073993,14.279813,20.809673,6.071271,13.278135,21.144796,3.042237,12.081579,22.192509,2.178622,11.316569,21.160148,0.072802,11.705769,1.558452341,2.37733543,2.993161048,1.689635115,96.808961,3.279378447,0.691109434,3.279492339,1.465394056,96.03910529,4.358951412,1.001681698,4.894356978,2.040288827,63.10006125
20.132743,6.247221,13.894413,20.680446,6.166335,14.205412,20.724432,6.183823,13.202964,21.099655,3.112078,12.051637,22.156929,2.214049,11.332259,21.140608,0.122903,11.684719,1.562622508,2.351601161,3.011888635,1.720987047,98.60529436,3.230326641,0.62984042,3.265266005,1.52906892,92.39080429,4.388467023,1.00260053,4.886263684,1.99372652,65.76788492
20.057809,6.322172,13.846797,20.640375,6.203783,14.189223,20.675698,6.22506,13.197699,21.010044,3.167398,12.059766,22.111321,2.252566,11.331007,21.121468,0.174873,11.664698,1.606492546,2.325503569,3.020546293,1.723279458,98.73663987,3.21451098,0.675750479,3.247477615,1.514692904,93.21448934,4.389219475,0.991752264,4.876629418,1.988623231,66.06028181
20.000971,6.387606,13.778388,20.585205,6.24085,14.186873,20.597392,6.252303,13.245734,20.952724,3.247449,12.015519,22.041349,2.312515,11.315017,21.09308,0.125305,11.775493,1.596843457,2.427990903,3.134500829,1.749722604,100.2517206,3.219924259,0.712874016,3.198646443,1.429883815,98.07369219,4.387436338,0.941208685,4.866145575,2.014288492,64.58977069
19.915106,6.385218,13.88662,20.506739,6.350997,14.13988,20.53481,6.319742,13.272924,20.86299,3.264722,12.029283,21.960493,2.379129,11.29593,21.072226,0.142806,11.769808,1.589526476,2.452492443,3.139660251,1.740419621,99.71869888,3.193971242,0.643560591,3.300800305,1.638875714,86.09933841,4.408734069,0.867519211,4.885057524,2.07183649,61.29251328
19.857711,6.445345,13.888858,20.43055,6.425574,14.100841,20.457728,6.415482,13.191259,20.7944,3.346286,12.008413,21.883416,2.448919,11.296815,21.060782,0.198706,11.766683,1.580378149,2.441507973,3.168067648,1.776744903,101.7999842,3.158066089,0.610803825,3.289706318,1.694417087,82.91705218,4.395741132,0.909637985,4.865834646,2.027461416,63.83501774
19.776214,6.534414,13.879652,20.37357,6.466102,14.127822,20.389658,6.488978,13.175061,20.73617,3.398536,11.978491,21.804051,2.518205,11.277703,21.041094,0.228858,11.73848,1.551275707,2.456731266,3.193343475,1.803193072,103.3153527,3.188958169,0.646855888,3.298827291,1.642212766,85.90813944,4.400796019,0.953035589,4.869195933,1.992546274,65.835508
19.717513,6.618877,13.810547,20.296416,6.522088,14.119889,20.321373,6.517587,13.208353,20.617416,3.49821,11.954516,21.747175,2.524764,11.33634,20.98574,0.307201,11.760149,1.614340138,2.382642018,3.218070779,1.843629042,105.6321631,3.138924451,0.65636968,3.200191887,1.560496707,90.59012472,4.409883012,0.911547112,4.871010593,2.014148118,64.59781351
19.644943,6.680332,13.806437,20.215182,6.567264,14.140187,20.242998,6.606061,13.15731,20.537232,3.602443,11.902822,21.668649,2.573547,11.414473,20.918853,0.344075,11.746843,1.605371033,2.375543992,3.284345606,1.91398397,109.6632036,3.089026243,0.660728068,3.133189709,1.531156732,92.2711815,4.393022874,0.983642417,4.835213779,1.939293937,68.88664219
19.544252,6.783084,13.715582,20.12654,6.612787,14.176773,20.167859,6.690495,13.128296,20.451623,3.609959,12.016959,21.592072,2.658362,11.3954,20.909871,0.427492,11.672782,1.610123089,2.349280727,3.233658183,1.885947321,108.0568219,3.143854292,0.742803105,3.094642349,1.385875333,100.5951925,4.388738438,1.051352725,4.834616101,1.902721697,70.98207717
19.469432,6.851232,13.733915,20.022387,6.723567,14.098814,20.086436,6.706282,13.158195,20.337735,3.694827,11.974579,21.492026,2.722702,11.399949,20.812458,0.490141,11.696307,1.614810938,2.352439021,3.251585704,1.896529919,108.6631601,3.073062166,0.662503217,3.088411206,1.486129286,94.85106411,4.354347094,0.940777803,4.826053568,2.004827332,65.13185522
19.381105,6.896581,13.742814,19.944665,6.813344,14.041274,19.97368,6.804287,13.08723,20.277967,3.79925,11.953583,21.420277,2.788092,11.409063,20.742608,0.513252,11.760512,1.619819332,2.399510096,3.324296997,1.921338047,110.0845611,3.01760924,0.637713294,3.09913152,1.594695365,88.63068596,4.35270798,0.954086989,4.809489413,1.976088277,66.77848176
19.308466,6.948264,13.722776,19.87314,6.87534,14.06003,19.892388,6.873499,13.082239,20.148699,3.864788,11.93628,21.331645,2.899788,11.380658,20.681638,0.600801,11.730578,1.624592886,2.414600243,3.313600523,1.896498494,108.6613595,3.050618159,0.657721055,3.094958803,1.530889979,92.2864653,4.322702512,0.977792733,4.794168126,1.977265161,66.71105127
19.227252,7.003027,13.691065,19.742559,6.908471,14.105004,19.794063,6.995836,13.037165,20.0293,3.959568,11.922223,21.223365,2.98736,11.402818,20.601508,0.703081,11.734916,1.625041899,2.39059109,3.311678349,1.913590687,109.6406701,3.081330165,0.66097413,3.036534446,1.395363519,100.0515595,4.328853192,1.071406913,4.762029048,1.876309547,72.49538191
19.081974,7.140258,13.640706,19.630176,6.972309,14.106489,19.708378,7.028187,13.032184,19.948676,4.039697,11.898585,21.118495,3.083798,11.369386,20.497324,0.848103,11.670491,1.600709522,2.339839688,3.246430927,1.911377733,109.5138772,3.115578001,0.719360296,3.050624907,1.364539644,101.8176374,4.280549237,1.075757214,4.755234025,1.917783621,70.11909247
18.989944,7.170296,13.681001,19.524752,7.067692,14.057217,19.563407,7.091158,13.037492,19.849854,4.091941,11.898227,21.011852,3.162499,11.321716,20.385173,0.878489,11.697945,1.595765245,2.398119369,3.263886191,1.883636394,107.9244155,3.113588305,0.653879251,3.107143008,1.455691382,96.59502756,4.286985983,1.019994965,4.767965823,1.959554991,67.72576927
18.879497,7.22266,13.673303,19.412322,7.140036,14.038642,19.457394,7.141074,13.04768,19.724076,4.129608,11.959439,20.895586,3.253541,11.314276,20.225965,0.984563,11.722344,1.598800915,2.400660938,3.193652245,1.818231329,104.1769813,3.101973919,0.646045715,3.103163425,1.468324033,95.87122993,4.256477682,0.990962544,4.746263108,1.98917792,66.02850051
18.740066,7.272264,13.701942,19.321334,7.213767,14.012991,19.321254,7.232888,13.003845,19.616872,4.239113,11.899342,20.738517,3.36435,11.269998,20.103702,1.113506,11.664672,1.555432957,2.371720127,3.171985589,1.847706915,105.865808,3.087461458,0.659260167,3.147722672,1.556331089,90.82879706,4.23931736,1.009327133,4.726734797,1.973200096,66.94396237
18.605011,7.364055,13.665115,19.157824,7.232928,14.094456,19.225607,7.30116,12.99252,19.496236,4.339756,11.858704,20.613337,3.466018,11.22975,19.876371,1.250657,11.691543,1.551423821,2.379957147,3.116885954,1.795283057,102.8621422,3.213262915,0.699954218,3.156639987,1.380551958,100.9001994,4.220861551,1.104046446,4.732457228,1.939793584,68.85801449
18.500557,7.451039,13.606345,19.09195,7.336064,13.969178,19.096181,7.390742,12.983705,19.334006,4.448945,11.822776,20.488505,3.573768,11.182457,19.71899,1.406267,11.583381,1.583922708,2.334727816,3.076265928,1.775527409,101.7302269,3.117078729,0.693825242,3.13483178,1.485057244,94.91248761,4.22063797,0.986988712,4.681953131,1.956288969,67.91289857
18.368895,7.510836,13.648241,18.9279,7.369452,14.047616,18.982964,7.440285,12.959733,19.197914,4.57185,11.77153,20.360062,3.669153,11.158665,19.526579,1.514828,11.506576,1.594068178,2.335990621,3.086033832,1.777118825,101.8214083,3.224457454,0.687013086,3.187904434,1.410677296,99.17414466,4.179148538,1.09018656,4.694491513,1.951339486,68.19648307
18.241376,7.584897,13.650099,18.779548,7.457284,14.024102,18.831853,7.506425,12.933477,19.106507,4.644748,11.750653,20.218028,3.78242,11.09047,19.321064,1.619116,11.576023,1.554004539,2.391691939,3.038252679,1.718759267,98.47765198,3.267326341,0.655368099,3.234015112,1.41935779,98.67678902,4.155103855,1.091731528,4.702214598,1.98532776,66.24909843
18.100595,7.691057,13.584384,18.659423,7.557687,13.946793,18.6849,7.584754,12.949909,18.942797,4.708655,11.741973,20.055282,3.876315,11.048098,19.057389,1.67107,11.640232,1.553021335,2.491890572,3.041447877,1.652154517,94.66148093,3.217274476,0.666054815,3.202116166,1.444241765,97.25104229,4.167661802,0.997251389,4.685609086,2.01751285,64.40502856
17.953449,7.780232,13.536202,18.54247,7.62832,13.931039,18.561352,7.653374,12.958565,18.758123,4.790768,11.748747,19.903169,3.97688,11.020545,18.76117,1.87762,11.546668,1.582347045,2.447010354,2.920150078,1.575392734,90.26335472,3.2128612,0.709113528,3.182756387,1.417586938,98.77825136,4.156023298,0.972796682,4.66947421,2.030160501,63.68037158
17.800804,7.819345,13.546902,18.392946,7.686567,13.950555,18.391571,7.761786,12.842529,18.638214,4.844496,11.79029,19.740339,4.058226,10.970799,18.589484,1.940733,11.6519,1.582550324,2.504424566,2.907467277,1.530006421,87.66291054,3.270231447,0.716636514,3.224608919,1.397137144,99.94993822,4.149666236,1.110576208,4.695082985,1.970962415,67.07217203
17.682684,7.887292,13.524854,18.229502,7.777194,13.899903,18.272883,7.825319,12.85582,18.430879,4.97118,11.702234,19.564802,4.162047,10.949936,18.402398,2.072676,11.635556,1.583170825,2.487313615,2.899410727,1.534400812,87.91469061,3.238106143,0.66307743,3.189446797,1.394667773,100.0914228,4.129401357,1.045191526,4.666003979,2.004466248,65.15254383
17.507478,8.020554,13.441529,18.075501,7.856415,13.900304,18.114657,7.922876,12.797232,18.291882,5.052484,11.701591,19.401998,4.240907,10.907234,18.12525,2.104413,11.806714,1.588086208,2.646461097,2.954647135,1.475975413,84.56716181,3.273845188,0.730153839,3.164151889,1.308572011,105.0243466,4.138718178,1.105072351,4.693651683,1.984858467,66.2759869
17.343051,8.070099,13.506263,17.92285,7.942199,13.900655,17.939215,7.994477,12.808047,18.098933,5.089891,11.712106,19.212717,4.342109,10.89023,17.948339,2.253096,11.693963,1.573268215,2.570722423,2.840847337,1.445186376,82.80307995,3.275120694,0.701221741,3.215475021,1.378271264,101.0308736,4.125265331,1.093857957,4.692899604,2.006502301,65.03588656
17.18884,8.144267,13.453475,17.755685,8.007038,13.908518,17.794682,8.049904,12.820842,17.943687,5.194184,11.687038,18.999769,4.452315,10.816036,17.635227,2.360614,11.701853,1.557023856,2.649879186,2.8503484,1.409933681,80.78324933,3.333345155,0.726895719,3.19930435,1.276853607,106.8416772,4.118481967,1.08852036,4.711634592,2.039808968,63.12755511
17.007594,8.137567,13.565022,17.605697,8.111714,13.847136,17.657017,8.10317,12.873991,17.764094,5.263848,11.650563,18.843711,4.536427,10.724319,17.370225,2.534356,11.64405,1.59769901,2.65053851,2.757771163,1.335720431,76.5311433,3.359265497,0.66129835,3.382442782,1.507494108,93.62694998,4.16446219,0.973182507,4.747068901,2.121977488,58.41964571
16.835792,8.253122,13.504657,17.450789,8.17384,13.841481,17.46926,8.164983,12.886236,17.591046,5.351025,11.662855,18.615882,4.649391,10.708843,17.101336,2.680256,11.614026,1.566115575,2.643992908,2.715733272,1.31838917,75.53813522,3.34228403,0.701193067,3.314407388,1.425801299,98.30760316,4.135266302,0.95528606,4.715417436,2.134596382,57.69663634
16.674586,8.281762,13.553453,17.293555,8.272995,13.77815,17.300988,8.232594,12.872973,17.386527,5.433912,11.582647,18.40803,4.672064,10.715784,16.821147,2.830835,11.662694,1.541211282,2.608631909,2.664971282,1.309372727,75.02153106,3.258855634,0.658491735,3.325235849,1.571598321,89.95404911,4.16303234,0.906078166,4.727027563,2.160118463,56.23432882
16.531588,8.36582,13.494233,17.108882,8.307316,13.818958,17.113847,8.314591,12.803385,17.225629,5.578779,11.520561,18.216511,4.76069,10.663761,16.567086,2.980471,11.57334,1.544416715,2.591740048,2.680982836,1.329284573,76.16239579,3.343966224,0.662355409,3.29401537,1.396019754,100.01396,4.148277134,1.015599057,4.746980524,2.105558063,59.36040949
16.314001,8.52184,13.373708,16.910428,8.373472,13.820869,16.951099,8.402957,12.76536,17.065402,5.623335,11.534948,17.997491,4.809152,10.620489,16.313426,3.113269,11.593272,1.538804446,2.58038773,2.620935123,1.295724415,74.23954037,3.379961259,0.745438211,3.227127739,1.254905974,108.099184,4.18520083,1.055920742,4.79028279,2.080950528,60.77031737
16.166013,8.554495,13.403269,16.717214,8.439052,13.797667,16.765046,8.4445,12.803966,16.82507,5.686912,11.527897,17.788294,4.904338,10.576021,16.042524,3.214244,11.590139,1.564062166,2.632976631,2.594289758,1.243412181,71.24227018,3.395028029,0.677770112,3.259620668,1.270694411,107.1945732,4.182880097,0.993715934,4.782594067,2.127023817,58.13051236
15.99505,8.633037,13.378389,16.537684,8.491314,13.802865,16.582832,8.513149,12.79152,16.606761,5.735593,11.537844,17.583871,4.951372,10.554747,15.575948,3.722764,11.075575,1.592553371,2.410911487,2.308191641,1.1664625,66.83337821,3.412444546,0.688935071,3.239954678,1.218569864,110.1810897,4.205877893,1.011580682,4.804316799,2.109958708,59.10827108
15.773167,8.688651,13.395429,16.328197,8.54436,13.823976,16.399443,8.555514,12.805441,16.432062,5.7873,11.546766,17.346551,5.030359,10.528503,15.335336,3.820285,11.055278,1.564004267,2.405567867,2.305106588,1.172365915,67.17161897,3.449229938,0.701220958,3.270290798,1.21299891,110.5002819,4.19656579,1.018596072,4.817504055,2.133341395,57.76854182
15.636403,8.713271,13.420119,16.191066,8.579263,13.80687,16.209188,8.630637,12.795742,16.241398,5.865025,11.504267,17.109958,5.094084,10.488384,15.010296,3.959926,11.034948,1.542972705,2.448188532,2.316306253,1.161137885,66.52830023,3.44335764,0.676185906,3.281224535,1.232036227,109.409524,4.222689672,1.012432279,4.812361374,2.0981139,59.78692859
15.383576,8.762908,13.419938,15.999161,8.686697,13.775442,15.988933,8.673882,12.778601,16.040574,5.911384,11.514006,16.830838,5.133289,10.436398,14.733519,4.114136,10.993021,1.546346669,2.397342068,2.282524593,1.164744306,66.73493294,3.441061096,0.710864253,3.316033508,1.291189986,106.0202633,4.245198898,0.996923369,4.876056116,2.168088165,55.77769851
15.179414,8.796331,13.421375,15.787841,8.729082,13.789035,15.770462,8.716065,12.818391,15.808415,6.080407,11.332188,16.617278,5.175316,10.38469,14.454461,4.260546,10.950855,1.539870622,2.415600202,2.300108769,1.168054355,66.92458479,3.503930738,0.710884864,3.359897122,1.266220574,107.4509052,4.296487407,0.97073128,4.921261796,2.186385393,54.72934459
14.971418,8.863687,13.399304,15.554683,8.804115,13.741961,15.588802,8.805716,12.729955,15.60264,6.140273,11.31571,16.365281,5.246825,10.299908,14.162193,4.357042,10.960066,1.552972739,2.46599252,2.319759258,1.152450675,66.0305598,3.536212377,0.676470162,3.398398097,1.270917198,107.1818084,4.309389002,1.012007266,4.949953636,2.168310091,55.76498312
14.770322,8.903681,13.387879,15.382857,8.846144,13.777164,15.394058,8.827618,12.778493,15.423246,6.135507,11.390897,16.159963,5.288165,10.28676,13.921591,4.489169,10.879829,1.574756781,2.449578465,2.286173014,1.135434192,65.05558713,3.575865464,0.725769893,3.398240892,1.22372765,109.8855704,4.328563374,0.99884282,4.984188464,2.202742422,53.79215586
14.581223,8.923378,13.431244,15.183461,8.886603,13.779791,15.175504,8.861223,12.820446,15.209581,6.215872,11.276756,15.917442,5.308933,10.275166,13.685056,4.532403,10.905672,1.525381288,2.446238727,2.301292612,1.154923352,66.1722337,3.580659785,0.695827292,3.427288952,1.252594429,108.2316258,4.370035986,0.959680662,5.008205169,2.21897182,52.86227987
14.377809,8.955124,13.473561,14.955785,8.907125,13.79399,14.949698,8.904855,12.780499,14.963296,6.27334,11.282156,15.702183,5.373134,10.177297,13.405337,4.686641,10.845007,1.605315624,2.488495696,2.26626327,1.098647195,62.94784746,3.692909183,0.660856263,3.552368625,1.268101034,107.3431627,4.387449587,1.013493542,5.056635309,2.208224545,53.47805335
14.199182,9.028882,13.382426,14.765599,8.98739,13.709382,14.759939,9.011738,12.687189,14.744653,6.326811,11.255988,15.382586,5.38561,10.177428,13.13031,4.830917,10.745788,1.56719798,2.388192746,2.259226908,1.150333949,65.90928032,3.585438888,0.654009514,3.416497799,1.220225735,110.0862153,4.409955164,1.022482936,5.044553323,2.15240767,56.6761247
13.965367,9.116947,13.322823,14.580652,9.045537,13.667201,14.570414,9.029305,12.749537,14.576167,6.329505,11.265737,15.164337,5.444227,10.095633,12.911609,4.879171,10.79029,1.580760721,2.424174101,2.258378156,1.129249896,64.70125306,3.618948212,0.705104133,3.442714678,1.222526103,109.9544139,4.460492205,0.917807548,5.072034276,2.225723736,52.47542358
13.803725,9.178785,13.267009,14.372605,9.08234,13.680062,14.350663,9.104612,12.684947,14.298233,6.418017,11.198088,14.882461,5.404547,10.103326,12.658917,4.928806,10.790314,1.602169664,2.375379955,2.251973798,1.145853678,65.65257971,3.612892685,0.703020082,3.34253818,1.084373817,117.8699569,4.511679066,0.995364207,5.130224339,2.157614971,56.37776836
13.598113,9.172964,13.328581,14.141659,9.116381,13.677878,14.154458,9.152793,12.638706,14.108054,6.395231,11.177822,14.673669,5.453625,9.997558,12.385167,4.986864,10.77122,1.612316748,2.460418689,2.262114588,1.10885403,63.53265604,3.718573644,0.646104209,3.500362115,1.14318306,114.5004354,4.545273001,1.039809732,5.192353688,2.155821116,56.48054868
13.397453,9.175087,13.329542,13.917572,9.154195,13.681506,13.929304,9.109757,12.769951,13.87163,6.421689,11.150351,14.420246,5.476611,9.97269,12.11663,5.040548,10.74501,1.606560728,2.468456157,2.269774612,1.110615593,63.63358613,3.742725915,0.628014675,3.509210862,1.110594408,116.3676277,4.585239248,0.912637526,5.223020218,2.275640972,49.61537661
13.17283,9.240307,13.252423,13.718898,9.16852,13.71971,13.726987,9.174249,12.687249,13.652309,6.374533,11.23223,14.174057,5.511446,9.920445,11.912863,5.093336,10.721434,1.654666139,2.435035453,2.219921326,1.08826339,62.35289924,3.826432314,0.718712321,3.479156923,0.982218441,123.7230288,4.590351859,1.032476895,5.273386462,2.212182214,53.2512956
12.923001,9.278278,13.245135,13.49698,9.206364,13.687287,13.524288,9.237889,12.610359,13.453892,6.452779,11.175314,13.915589,5.475325,9.911388,11.664178,5.097857,10.720479,1.663156449,2.421974779,2.290363444,1.136986715,65.14454012,3.799032344,0.724534529,3.478376058,1.024824356,121.2818897,4.630478627,1.077389318,5.308301544,2.163788904,56.02402802
12.708979,9.222496,13.345354,13.29856,9.273605,13.601698,13.310014,9.228997,12.730791,13.25244,6.500346,11.057757,13.647358,5.429642,9.942616,11.414507,5.083285,10.735304,1.595589776,2.394564893,2.343082484,1.197069394,68.58702408,3.6756688,0.642898127,3.529756513,1.255699408,108.0537236,4.712644507,0.872048666,5.307064408,2.255059641,50.79460002
12.501233,9.311382,13.249879,13.1308,9.271691,13.613259,13.09488,9.295324,12.589224,13.017629,6.430738,11.110968,13.434374,5.479086,9.848946,11.13978,5.090189,10.670426,1.634630678,2.468042117,2.348928637,1.15680166,66.27985283,3.776534064,0.726911021,3.526626915,1.127788605,115.3824728,4.69816943,1.024307669,5.343585411,2.170464622,55.64153757
12.315809,9.255318,13.317779,12.896754,9.31194,13.577034,12.889834,9.280116,12.628774,12.810696,6.445106,11.079432,13.172233,5.394302,9.978345,10.912838,5.087158,10.647239,1.564381868,2.376262272,2.373326473,1.233386482,70.66783991,3.609217533,0.636168412,3.447503663,1.227454191,109.6720553,4.703650107,0.948793863,5.319628748,2.202940522,53.78080557
12.121788,9.320614,13.240328,12.705059,9.362061,13.533448,12.659878,9.342532,12.567244,12.604121,6.548989,10.947705,12.92149,5.398763,9.953013,10.657047,5.054205,10.618046,1.553433329,2.385097735,2.476721911,1.302032966,74.60099374,3.586970472,0.652782042,3.383188318,1.165489465,113.2223726,4.731544953,0.966401341,5.341090322,2.176379573,55.30263583
11.871572,9.350482,13.174158,12.464114,9.318095,13.635444,12.424273,9.350703,12.567979,12.402971,6.475674,11.032848,12.697648,5.434336,9.862353,10.448836,4.987792,10.662439,1.594138611,2.428311051,2.483875857,1.273448218,72.96320831,3.780311339,0.750926625,3.413276127,0.97112742,124.3584975,4.760077996,1.067962924,5.414776049,2.144817944,57.11098401
11.649144,9.341208,13.172566,12.230839,9.318036,13.62295,12.270669,9.353838,12.573244,12.185675,6.459223,10.978075,12.429215,5.407727,9.873839,10.213289,4.959014,10.637264,1.544115512,2.386312872,2.501416741,1.321012521,75.68844214,3.754355647,0.735673039,3.389706563,0.964811364,124.7203808,4.78106467,1.050316366,5.417227129,2.136655415,57.57866245
11.461146,9.342276,13.205477,12.022179,9.359047,13.508448,12.060631,9.327988,12.631288,12.013586,6.449818,10.984037,12.215291,5.417089,9.802854,9.990098,4.932769,10.609624,1.581899925,2.415973423,2.556584919,1.332642304,76.35477964,3.710622473,0.637612307,3.485194107,1.127711417,115.3868953,4.826507006,0.877709705,5.410218089,2.232329531,52.09693939
11.267468,9.343943,13.182893,11.830876,9.366842,13.499174,11.861474,9.390151,12.537528,11.729024,6.484903,10.923297,11.961735,5.376312,9.780033,9.749414,4.897306,10.557025,1.609403923,2.393225339,2.563878929,1.342389705,76.91326456,3.721442443,0.646113183,3.472961682,1.094435566,117.2934611,4.869772294,0.961928448,5.454937164,2.14850807,56.89955536
11.062747,9.351594,13.130959,11.643871,9.380296,13.469173,11.627582,9.410209,12.479419,11.554553,6.429651,10.966865,11.765497,5.387674,9.712572,9.51602,4.824882,10.577474,1.644221509,2.474861022,2.62345682,1.329360644,76.16675433,3.758569403,0.672379218,3.489874961,1.076082793,118.3449976,4.882236183,0.990205922,5.48206909,2.143098773,57.20948522
10.889508,9.385693,13.1529,11.399852,9.371988,13.434284,11.455793,9.40954,12.465788,11.376192,6.455974,10.906885,11.5182,5.279701,9.779786,9.308304,4.733373,10.565789,1.635278753,2.408301337,2.712906461,1.428862485,81.86778987,3.656413801,0.582776075,3.431202659,1.099281357,117.0158177,4.92647713,0.969223738,5.486544315,2.108690877,59.18091243
10.668206,9.281619,13.223758,11.23948,9.371405,13.48069,11.240989,9.417217,12.46538,11.169179,6.479271,10.898152,11.301189,5.293444,9.713282,9.075168,4.732557,10.497674,1.681525864,2.425909011,2.756133976,1.433539742,82.13577696,3.767913353,0.626392876,3.567086938,1.164526341,113.2775555,4.957776433,1.016343021,5.551858153,2.114197704,58.8653945
10.454862,9.337461,13.057109,11.017569,9.344953,13.460071,11.015483,9.446209,12.399157,10.93489,6.458763,10.863197,11.058753,5.297258,9.67629,8.812266,4.630551,10.48797,1.665288003,2.479924694,2.826426554,1.45740929,83.50340137,3.784005124,0.692110931,3.43432984,0.96022161,124.9833543,4.962640336,1.065735095,5.540833283,2.05641854,62.17589676
10.285067,9.320292,13.046663,10.834892,9.341866,13.452934,10.809566,9.375497,12.500127,10.731146,6.40606,10.850238,10.827463,5.186265,9.772796,8.623138,4.566863,10.464095,1.630355197,2.391777969,2.824083878,1.519072332,87.03643342,3.680145498,0.683640005,3.318493416,0.932412234,126.5767142,4.998799769,0.953400348,5.550895006,2.112615735,58.95603466
10.09868,9.288568,13.063587,10.603559,9.337383,13.441996,10.599396,9.403085,12.441095,10.534347,6.376835,10.850268,10.622649,5.169025,9.723834,8.406196,4.49806,10.485836,1.653921339,2.437930471,2.862102874,1.510329134,86.53548503,3.718211006,0.630948632,3.38060551,0.93274673,126.557549,5.030981159,1.003055115,5.585690385,2.07581007,61.06484394
9.919704,9.288547,13.022996,10.439727,9.324148,13.409263,10.442331,9.371995,12.43415,10.339043,6.320712,10.84743,10.402563,5.132865,9.704595,8.192124,4.450661,10.501273,1.6495718,2.446658682,2.868131204,1.511165295,86.58339354,3.704854404,0.647785548,3.353347285,0.921895374,127.1792859,5.041893856,0.976286176,5.593873271,2.093839057,60.03185905
9.703308,9.210707,13.093048,10.214432,9.295983,13.408743,10.249326,9.357475,12.425367,10.149136,6.31621,10.789183,10.154832,5.02122,9.776907,7.948798,4.334667,10.552781,1.643695302,2.437195416,2.970502631,1.593542901,91.30328271,3.632324998,0.600758751,3.346739466,1.001091959,122.6416559,5.081087265,0.985296718,5.609263003,2.05664805,62.16274679
9.488359,9.182044,13.080923,10.037895,9.262632,13.440542,10.081144,9.292213,12.423593,9.948421,6.26409,10.80901,9.917559,4.998141,9.750489,7.761712,4.280953,10.493993,1.650468431,2.390571713,2.968798464,1.618321396,92.72298591,3.692014612,0.656746253,3.357976067,0.95873145,125.0687342,5.058116185,1.017379135,5.639359417,2.098523496,59.76346046
9.352691,9.111997,13.105777,9.821784,9.260027,13.386404,9.880491,9.316711,12.291546,9.777213,6.222329,10.802894,9.714146,4.868366,9.81476,7.583516,4.189956,10.504791,1.67737952,2.34007844,3.005280675,1.665473379,95.42459553,3.573265566,0.546625791,3.310806943,1.001549264,122.6154542,5.091389018,1.096324366,5.660682574,2.027109523,63.85517969
9.127725,9.100382,13.044646,9.641271,9.224068,13.339236,9.68543,9.279626,12.3071,9.571795,6.176618,10.79313,9.494625,4.861203,9.798976,7.38939,4.073197,10.49542,1.650640484,2.353296009,3.045636671,1.701597717,97.49436759,3.543295912,0.592041183,3.266341893,1.008586782,122.2122341,5.080664111,1.033630211,5.618543572,2.033314122,63.49968236
8.958728,9.120845,12.949662,9.466346,9.194432,13.301335,9.503892,9.170135,12.377083,9.373641,6.135597,10.780437,9.306576,4.790261,9.81136,7.178605,3.999874,10.517426,1.659378468,2.377288662,3.073868989,1.703463925,97.60129345,3.493630197,0.61753537,3.157520811,0.919177507,127.3350082,5.076044796,0.924571308,5.619310251,2.126990224,58.13243712
8.780523,9.050324,12.970962,9.287171,9.161237,13.301711,9.323224,9.200292,12.265881,9.195978,6.080568,10.794346,9.08583,4.735457,9.784527,6.939548,3.956903,10.482094,1.685583162,2.387314909,3.114310628,1.715242251,98.27614183,3.522942164,0.605051318,3.201028018,0.93526001,126.4135487,5.108020091,1.036566005,5.653150617,2.040360948,63.09592901
8.594869,9.059999,12.880267,9.105236,9.095016,13.306381,9.162183,9.209761,12.163974,8.998997,6.018067,10.794457,8.91043,4.710315,9.745853,6.74781,3.87181,10.448765,1.678579684,2.423654509,3.129499158,1.706655566,97.78416103,3.565853196,0.664866615,3.150258699,0.820466077,132.9907566,5.108064553,1.148155115,5.648270753,1.963829169,67.48087694
8.391786,8.971914,12.924191,8.888078,9.081612,13.267314,8.952689,9.113074,12.235413,8.844956,5.969756,10.763914,8.663862,4.608012,9.76744,6.530396,3.86434,10.358259,1.697086383,2.335335588,3.155078526,1.776704119,101.7976475,3.507048735,0.603356563,3.168454233,0.901907048,128.3245326,5.13677665,1.032380517,5.679983713,2.041486072,63.03146411
8.223104,8.908039,12.914142,8.711655,8.997366,13.263211,8.772264,9.083076,12.238725,8.635091,5.927316,10.713563,8.477951,4.545315,9.783881,6.347811,3.739178,10.385977,1.67299981,2.355816817,3.182280675,1.798329547,103.0366932,3.487170029,0.600442542,3.14061792,0.883337387,129.3884958,5.159218348,1.02806506,5.65035356,1.983221968,66.36975138
8.033816,8.812233,12.940687,8.525904,8.992897,13.181266,8.601009,9.032651,12.221378,8.456655,5.887929,10.67411,8.288078,4.523517,9.704038,6.154652,3.664679,10.396559,1.682580755,2.40181068,3.212334499,1.785156065,102.2819083,3.485351599,0.547748898,3.246620691,1.047783781,119.9664115,5.164231802,0.960710858,5.662726565,2.038579448,63.19800144
7.813897,8.754022,12.930374,8.34813,8.899411,13.23217,8.404581,8.928981,12.235166,8.273814,5.813031,10.67396,8.097648,4.373476,9.742585,5.974151,3.519459,10.459357,1.723604493,2.398405021,3.254992608,1.799174844,103.0851252,3.498563234,0.613584325,3.200392685,0.98491757,123.5683801,5.192839863,0.99744241,5.715005783,2.041804795,63.01320266
7.653766,8.718195,12.901867,8.197038,8.872426,13.175623,8.18532,8.858407,12.1893,8.0699,5.740394,10.696083,7.884085,4.355176,9.748682,5.77658,3.472734,10.417659,1.688468175,2.38071658,3.237146648,1.817122764,104.1134652,3.441200982,0.608347609,3.161585439,1.012962981,121.9614964,5.122080208,0.986422624,5.670050457,2.081666339,60.72930443
7.518706,8.714598,12.796629,7.985426,8.78824,13.167096,8.082089,8.810667,12.182511,7.896339,5.705393,10.65965,7.69269,4.252783,9.757779,5.58513,3.398718,10.387411,1.721894314,2.359591624,3.276667617,1.845462008,105.7371843,3.421861595,0.595880321,3.043826499,0.814214031,133.3489724,5.162715548,0.984840389,5.673959165,2.036930178,63.29249763
7.308901,8.613243,12.816057,7.820873,8.749217,13.127084,7.888893,8.759667,12.18702,7.704062,5.573931,10.681342,7.512618,4.213285,9.702231,5.425437,3.310659,10.37882,1.687206772,2.372515732,3.225841223,1.814339699,103.9540073,3.438697314,0.599043507,3.120482811,0.935111188,126.4220756,5.181096956,0.940122081,5.683686935,2.05986501,61.97842858
7.160976,8.549091,12.811709,7.630827,8.637744,13.184638,7.685352,8.644624,12.184064,7.541964,5.521153,10.636617,7.303516,4.047331,9.749361,5.205876,3.246707,10.334442,1.736730246,2.320218122,3.274403989,1.863067718,106.7459172,3.450834762,0.599863319,3.065663537,0.804905282,133.8823244,5.202199691,1.000597653,5.733499767,2.050962659,62.4884957
6.88965,8.415218,12.823055,7.460266,8.545997,13.16349,7.48759,8.580132,12.162746,7.323879,5.45262,10.616038,7.095095,4.028374,9.67085,5.026335,3.193201,10.293479,1.724586658,2.316235901,3.238476024,1.843087441,105.6011316,3.511678235,0.664453617,3.158892846,0.928697545,126.7895502,5.189224081,1.001325997,5.71029349,2.037589352,63.25472973
6.708805,8.325738,12.834405,7.270815,8.495949,13.133498,7.299488,8.486704,12.157388,7.139671,5.374035,10.597828,6.919933,4.027233,9.598669,4.804887,3.025781,10.328293,1.691295102,2.451260262,3.322372991,1.835466064,105.1644589,3.552201323,0.636641078,3.242616612,0.98279377,123.6900648,5.141393247,0.97615378,5.697757344,2.101178127,59.61136129
6.588465,8.320392,12.737633,7.068444,8.374512,13.135471,7.149294,8.393505,12.179117,6.961791,5.281839,10.61635,6.734866,3.893976,9.641148,4.606288,2.878413,10.361687,1.711337957,2.466047234,3.374863577,1.856603042,106.3755185,3.510209041,0.62342194,3.099943969,0.78352622,135.1072545,5.165950819,0.95654258,5.682032742,2.064506895,61.71246815
6.415007,8.232848,12.695043,6.915753,8.309507,13.115521,6.950093,8.361729,12.136631,6.787478,5.206722,10.560457,6.514055,3.754706,9.680768,4.404935,2.805198,10.301662,1.719582315,2.394882456,3.39275751,1.920038572,110.0101067,3.458162728,0.65387178,3.015901902,0.755888373,136.6907864,5.22072064,0.980281985,5.704712115,2.007250492,64.99301837
6.232121,8.107479,12.736708,6.708797,8.189165,13.140674,6.780184,8.249575,12.108449,6.540518,5.089215,10.568322,6.299321,3.676962,9.670798,4.228734,2.719724,10.311818,1.690616414,2.369502427,3.320335399,1.894960195,108.5732215,3.493953355,0.624826807,3.066646372,0.750310519,137.0103739,5.181788499,1.033991208,5.692101138,2.002113061,65.28737151
6.083697,8.046845,12.71612,6.522146,8.074551,13.158161,6.584757,8.158096,12.087378,6.371792,5.009874,10.556002,6.102212,3.561395,9.644643,4.012837,2.575745,10.310526,1.732437594,2.404244992,3.398516021,1.90953518,109.4083066,3.53852417,0.622605631,3.071532804,0.662363395,142.0493729,5.205440842,1.074037243,5.71956168,1.981390812,66.47466889
5.867242,7.906347,12.69119,6.33299,8.013456,13.065571,6.431865,8.068103,12.125025,6.18987,4.928024,10.524219,5.896844,3.521536,9.597869,3.835347,2.469722,10.276911,1.709443492,2.411883208,3.412944261,1.93131119,110.6559801,3.495022245,0.597563664,3.093462637,0.768609162,135.9619389,5.201710193,0.942132195,5.674707257,2.020074741,64.25824303
5.673637,7.807251,12.666871,6.174969,7.894745,13.03639,6.251824,7.964716,12.084249,6.016306,4.798036,10.524844,5.747826,3.398466,9.580911,3.672528,2.37991,10.265807,1.709352861,2.411099468,3.377532951,1.900976671,108.9179402,3.481779181,0.622798575,3.086851653,0.812629683,133.4397489,5.207431248,0.954708555,5.670701894,1.998920493,65.47029218
5.520058,7.6984,12.70518,5.973932,7.730544,13.058664,6.061505,7.874573,12.062987,5.806241,4.679362,10.499735,5.520061,3.289231,9.588784,3.469474,2.257772,10.250647,1.686474107,2.388907144,3.374407055,1.930404463,110.6040285,3.499437969,0.575284752,3.116396,0.779042389,135.364159,5.210282309,1.006040278,5.636073844,1.921953951,69.88015019
5.329718,7.58327,12.722357,5.811031,7.692135,12.976859,5.853027,7.751223,11.966794,5.60431,4.648538,10.382632,5.335951,3.227581,9.537499,3.255344,2.119885,10.251815,1.674928397,2.462958234,3.453815333,1.950403684,111.7498994,3.472016448,0.544457043,3.184864099,0.947139779,125.732888,5.134667578,1.011791824,5.635728846,2.005188395,65.11116786
5.145019,7.513335,12.616983,5.640126,7.575182,13.011296,5.672614,7.645215,11.956222,5.424788,4.516319,10.437802,5.114226,3.030575,9.600452,3.06955,2.027666,10.194611,1.733504835,2.353625145,3.43506647,1.981120092,113.50982,3.451148737,0.632940505,3.016688165,0.745262229,137.2996196,5.181173093,1.057395747,5.682192321,1.976527862,66.7532954
4.974394,7.399298,12.582817,5.450243,7.482713,12.947463,5.461816,7.537061,11.942155,5.254201,4.422002,10.372034,4.883082,2.974471,9.517578,2.856671,1.903145,10.169819,1.721386175,2.383170003,3.48334345,2.010298141,115.181599,3.476461234,0.599498938,3.066598769,0.75306502,136.8525527,5.166797958,1.006775983,5.664658599,2.005241634,65.10811744
4.740387,7.282615,12.515415,5.263796,7.372422,12.921085,5.30565,7.42287,11.914561,5.111343,4.28475,10.37904,4.722564,2.811907,9.533572,2.702501,1.786698,10.14889,1.742191652,2.347407987,3.477894852,2.019777757,115.724741,3.430477577,0.6622123,2.981896265,0.753019208,136.8551775,5.189420816,1.007787459,5.680980672,1.997379361,65.55859253
4.611052,7.169156,12.543986,5.09112,7.272336,12.889131,5.119335,7.29653,11.969779,4.846531,4.132645,10.391907,4.526126,2.6658,9.555443,2.49209,1.632552,10.159846,1.718710459,2.36012857,3.442050223,1.992886551,114.1839884,3.381226686,0.591261664,2.989749436,0.7795801,135.3333505,5.222325024,0.919670294,5.686268513,2.025085214,63.97116411
4.451672,7.005665,12.588459,4.857661,7.128584,12.881633,4.933759,7.10318,12.011309,4.668452,4.010566,10.401911,4.323427,2.590767,9.510661,2.263129,1.469966,10.1509,1.711489998,2.431240158,3.507596558,1.999986383,114.5907788,3.413042366,0.500777458,3.080468683,0.788202955,134.8392973,5.158983573,0.870694681,5.652896191,2.106016972,59.33411592
4.218301,6.817413,12.627806,4.686077,6.98807,12.84923,4.803264,7.022577,11.949378,4.494272,3.896879,10.347958,4.106715,2.426642,9.485777,2.103381,1.339393,10.145228,1.747899694,2.3728323,3.50687808,2.021424594,115.8190978,3.412986436,0.517535481,3.144009808,0.95811298,125.1041699,5.214589956,0.900513384,5.667401652,2.024529238,64.00301914
4.059577,6.753808,12.514963,4.506685,6.80239,12.894535,4.552269,6.899379,11.890403,4.265238,3.741931,10.376127,3.918799,2.279504,9.517643,1.879968,1.154839,10.149031,1.730811223,2.412540987,3.526206259,2.018874161,115.6729688,3.427682822,0.58649848,3.000624206,0.694549199,140.2052622,5.193576324,1.008805204,5.644457224,1.948972132,68.33212248
3.912532,6.618473,12.513544,4.331349,6.620887,12.896134,4.35349,6.754461,11.877604,4.098771,3.564102,10.388643,3.748375,2.140804,9.476075,1.69628,0.976188,10.17123,1.726654253,2.459809909,3.537870869,1.993481795,114.2180934,3.469389319,0.567259013,3.041901617,0.661737085,142.0852579,5.201266428,1.027251369,5.636306171,1.920329939,69.97319923
3.686014,6.407553,12.558479,4.164044,6.509779,12.922873,4.216157,6.642484,11.816326,3.914463,3.428267,10.29121,3.54107,2.046411,9.48403,1.543853,0.850913,10.148703,1.643316126,2.420719193,3.504690237,2.057690327,117.8969713,3.494815844,0.601078754,3.077863775,0.74026613,137.585875,5.153978236,1.114476056,5.634473807,1.921032319,69.93295584
3.506441,6.216908,12.60339,3.955299,6.374219,12.885422,3.996295,6.459069,11.85419,3.738032,3.285759,10.323858,3.380274,1.929222,9.418884,1.366289,0.786621,10.046336,1.669479368,2.399034939,3.456569696,2.009892771,115.158373,3.51390658,0.530109001,3.187004326,0.845422345,131.5608677,5.142978627,1.03471685,5.636921503,1.98198459,66.44064794
3.312904,6.077875,12.56329,3.804907,6.242483,12.875747,3.835527,6.342258,11.804511,3.57035,3.145597,10.299671,3.176786,1.769326,9.410466,1.164204,0.618263,10.017857,1.685140949,2.396738651,3.500910575,2.042747634,117.040818,3.521747918,0.582834735,3.155760968,0.825673174,132.6924118,5.161701128,1.075872492,5.658383688,1.960214329,67.68799201
3.127262,5.927585,12.538255,3.628178,6.107362,12.834733,3.633421,6.177788,11.878923,3.373904,3.042751,10.271455,3.035306,1.637944,9.350071,0.995737,0.45699,10.036222,1.713791057,2.454648091,3.520961913,1.991330081,114.0948093,3.534737114,0.58207907,3.189509856,0.867851081,130.2757958,5.19666008,0.958401053,5.667324458,2.00547554,65.09471565
2.955928,5.761076,12.562864,3.446329,5.933381,12.827157,3.514503,6.041751,11.870489,3.205835,2.913679,10.206167,2.896767,1.574403,9.225387,0.837712,0.342754,9.996861,1.688523805,2.520285477,3.501638317,1.938373512,111.0606213,3.643455163,0.55708521,3.338001311,0.925076703,126.9970092,5.191701334,0.962786435,5.654505844,1.992586556,65.83320004
2.766909,5.656465,12.482418,3.281646,5.785654,12.791134,3.308082,5.819271,11.938233,3.026057,2.804733,10.144603,2.742489,1.459409,9.206494,0.701435,0.258056,9.966164,1.664438636,2.487217114,3.452719459,1.936993217,110.9815363,3.624959889,0.600216417,3.276015017,0.881268593,129.507029,5.144977612,0.853563248,5.618366287,2.091126085,60.18730091
2.606474,5.551921,12.457593,3.083797,5.668036,12.752369,3.144477,5.67262,11.922488,2.881254,2.64064,10.204536,2.617296,1.370642,9.094922,0.631615,0.179095,9.910486,1.706989155,2.455169633,3.347617783,1.844407817,105.6767836,3.687077669,0.561008143,3.362688414,0.890701145,128.9665836,5.148023329,0.82989366,5.643094342,2.146742474,57.00071655
2.441727,5.389407,12.470995,2.894986,5.537673,12.789815,2.929263,5.585266,11.864779,2.719178,2.543953,10.130674,2.495711,1.242812,9.080104,0.547342,0.062175,9.909562,1.687187816,2.424468201,3.305296381,1.843103792,105.6020685,3.731136051,0.554156939,3.391320693,0.850578696,131.2654305,5.158616248,0.926259518,5.675190456,2.08960369,60.27452772
2.25192,5.241225,12.483978,2.689617,5.341223,12.852906,2.736892,5.417468,11.918474,2.605233,2.444436,10.103598,2.379661,1.120529,9.045405,0.479674,-0.107451,9.917268,1.709790893,2.424465007,3.326386507,1.84731679,105.8434555,3.820096411,0.572439109,3.440944934,0.789220173,134.781015,5.168966072,0.937537446,5.684304857,2.078743341,60.89677988
2.068809,5.096174,12.492779,2.505502,5.175417,12.890078,2.601094,5.305998,11.887996,2.421494,2.241056,10.152535,2.345259,1.060105,8.952416,0.419325,-0.215055,9.862802,1.685450282,2.482751995,3.181997354,1.705061512,97.69282847,3.940921192,0.590378922,3.551139926,0.791926027,134.625981,5.161902489,1.010554171,5.695697928,2.046142742,62.7646566
1.929757,5.027561,12.454533,2.396613,5.129906,12.804239,2.417861,5.26431,11.806087,2.308394,2.147102,10.147906,2.311906,0.934229,8.974525,0.418047,-0.212163,9.818324,1.687571101,2.369158771,3.041079975,1.669422061,95.65083834,3.830650675,0.583308504,3.500927525,0.90577843,128.1027188,5.173716732,1.00716029,5.680705485,2.016080292,64.48710809
1.767332,4.840268,12.507424,2.228088,5.030932,12.784701,2.260597,5.147316,11.778672,2.239646,2.039963,10.100271,2.292364,0.827162,8.94392,0.425954,-0.215771,9.795856,1.676547968,2.301519168,2.910409429,1.617809807,92.69367398,3.841318796,0.537753314,3.60197437,1.045797421,120.0802215,5.167160679,1.012738655,5.69414444,2.036321663,63.32736298
1.551047,4.672342,12.531787,2.063496,4.906136,12.794988,2.070248,4.972447,11.845372,2.130173,1.942975,10.075073,2.321509,0.790122,8.887118,0.400992,-0.291457,9.81453,1.666408289,2.391294984,2.837364261,1.51498487,86.80223908,3.916378256,0.576089181,3.7252146,1.16224516,113.4082576,5.122802859,0.951928409,5.675651433,2.11670395,58.72179718
1.437509,4.638542,12.441836,1.906575,4.798687,12.835171,1.935461,4.871723,11.806514,2.021986,1.887806,10.023139,2.3001,0.795559,8.821732,0.412499,-0.311647,9.807616,1.647340185,2.40018956,2.733951731,1.443981533,82.73404754,4.032685772,0.612156299,3.721453507,0.970727011,124.3814392,5.052131881,1.031246567,5.668573576,2.131959696,57.84770733
1.275937,4.517433,12.447847,1.761035,4.68648,12.783566,1.802084,4.787765,11.795817,1.940738,1.803227,10.02786,2.284424,0.794466,8.809984,0.423783,-0.321447,9.831022,1.618314176,2.397866834,2.618040732,1.374384761,78.74644624,4.007903436,0.589938401,3.775062017,1.096379496,117.1820821,4.986144363,0.992928365,5.562115325,2.110646685,59.06885293
1.118476,4.456861,12.399172,1.589818,4.572008,12.75138,1.61505,4.700109,11.793057,1.849174,1.771987,9.996524,2.283304,0.80528,8.766518,0.422489,-0.318936,9.827462,1.623547363,2.419110632,2.536921568,1.306493721,74.8565762,4.044755616,0.588399317,3.814839361,1.101365135,116.896426,4.932507603,0.966846854,5.48337168,2.098511502,59.76414768
0.981887,4.361689,12.420865,1.438133,4.46517,12.74054,1.46373,4.610934,11.781009,1.780868,1.720607,9.989963,2.255305,0.789669,8.756008,0.4199,-0.313915,9.820343,1.616904749,2.391530504,2.453626828,1.266999742,72.59373785,4.067464239,0.557092917,3.879789973,1.161906273,113.4276744,4.873673897,0.970539481,5.420867353,2.089649317,60.27191347
0.819086,4.209268,12.518426,1.337013,4.409901,12.732979,1.352042,4.543422,11.776468,1.738719,1.675598,9.999434,2.236391,0.7845,8.781373,0.417736,-0.332335,9.808906,1.589152499,2.368681172,2.411035449,1.257117002,72.02749854,4.052662183,0.560608033,3.996788534,1.401849243,99.67995486,4.80625516,0.965785251,5.362715953,2.104885244,59.39895917
0.71625,4.228096,12.460319,1.21541,4.366989,12.729275,1.218422,4.434177,11.816516,1.609383,1.605949,10.021496,2.212186,0.750841,8.818703,0.413353,-0.329613,9.79639,1.594143077,2.314962824,2.286385953,1.200246056,68.76903339,4.035608475,0.567007968,3.93690127,1.326157438,104.0167758,4.749089057,0.915228507,5.326265082,2.180469478,55.06830154
0.548395,4.11483,12.524222,1.064785,4.261955,12.77665,1.09056,4.379829,11.799491,1.55004,1.606126,9.960635,2.186571,0.86102,8.738112,0.406443,-0.319788,9.777841,1.566817523,2.375752433,2.24730338,1.148872308,65.82553446,4.191442831,0.574785636,4.125318114,1.387062828,100.527154,4.664124587,0.984242852,5.279786743,2.166740655,55.85490518
0.421335,4.051697,12.500558,0.912657,4.190158,12.783627,0.982027,4.362078,11.782068,1.461974,1.615473,9.960864,2.125388,0.910138,8.712208,0.394613,-0.298002,9.745854,1.580113098,2.350235821,2.201562032,1.129319569,64.70524501,4.248195988,0.567032068,4.153961043,1.337604079,103.3609316,4.619516228,1.016207123,5.228286897,2.127680626,58.09287997
0.331684,4.029037,12.466091,0.774369,4.171832,12.719166,0.847841,4.27498,11.822879,1.346698,1.5908,10.006343,2.080881,0.89352,8.758665,0.409313,-0.32159,9.794433,1.606836789,2.311589765,2.140287831,1.103785725,63.24226353,4.170436641,0.509918586,4.099353326,1.370103601,101.4988462,4.563296963,0.902202802,5.141293392,2.192436132,54.3826628
0.208902,3.923902,12.570095,0.688292,4.154876,12.714659,0.735685,4.259456,11.780777,1.300667,1.579076,10.026426,2.040266,0.958989,8.751387,0.409313,-0.32159,9.794433,1.599136961,2.321171088,2.112075744,1.082260501,62.00895904,4.187524166,0.500713014,4.235141661,1.606657806,87.94528862,4.479987298,0.939719408,5.091288507,2.201875954,53.84180081
0.13481,3.891891,12.534837,0.574249,4.099741,12.751141,0.599093,4.168358,11.822263,1.270765,1.637933,10.011636,2.044895,0.998565,8.778312,0.407832,-0.319884,9.790908,1.590332288,2.333159594,2.150911811,1.102986567,63.19647512,4.236292001,0.489789807,4.214250204,1.467920685,95.89434008,4.394681485,0.93140895,5.039907028,2.262208144,50.38502094
-0.012986,3.846076,12.556107,0.483368,4.058839,12.741133,0.506802,4.148753,11.847131,1.177103,1.662373,10.000912,1.99283,1.056991,8.777084,0.408898,-0.318097,9.78936,1.590488251,2.329036343,2.134749304,1.094480478,62.70911212,4.241716634,0.529718712,4.278353966,1.577817282,89.59772891,4.357083984,0.898512161,4.972401421,2.252432729,50.94511102
-0.132009,3.86566,12.508035,0.400669,4.014975,12.774044,0.389392,4.129118,11.879975,1.109224,1.674211,10.003965,1.951147,1.052576,8.845369,0.408019,-0.319079,9.790874,1.56128444,2.2708283,2.123746984,1.12084211,64.21952239,4.223561209,0.595404602,4.213628027,1.483536083,94.99964368,4.321335934,0.901325691,4.920395827,2.222352406,52.66858652
-0.203268,3.866358,12.486362,0.291619,3.979792,12.800204,0.292527,4.118366,11.879412,1.042363,1.673399,10.011434,1.926281,1.064212,8.922313,0.382745,-0.346485,9.834756,1.529249615,2.281473567,2.132191923,1.126780808,64.55978471,4.20834391,0.586011897,4.151797709,1.404561775,99.52453821,4.251151744,0.931160921,4.851664183,2.190676949,54.48345653
-0.306312,3.846029,12.475284,0.166786,3.969915,12.770503,0.185372,4.108485,11.845644,0.979045,1.6785,10.047029,1.87527,1.136182,8.902525,0.376141,-0.340958,9.829255,1.551521018,2.299599711,2.11875656,1.104790775,63.29984864,4.228495168,0.557652199,4.186156578,1.428837376,98.13364874,4.182885914,0.935182236,4.794924037,2.202539018,53.80381003
-0.393811,3.821913,12.496899,0.06256,3.956268,12.777063,0.07392,4.111951,11.853043,0.888808,1.724343,10.024411,1.83259,1.170507,8.870658,0.374941,-0.341265,9.831816,1.590158723,2.309549715,2.137261925,1.105640159,63.34851477,4.288706824,0.535505702,4.255171583,1.445659259,97.16982587,4.188879694,0.937043306,4.797964607,2.196188813,54.16765002
-0.510057,3.76471,12.588408,-0.108826,3.911206,12.821628,-0.032353,4.080848,11.871742,0.83373,1.735562,10.075978,1.791608,1.216351,8.92659,0.343395,-0.346251,9.838892,1.583730754,2.317615335,2.151879074,1.112322645,63.73139299,4.333932442,0.464088228,4.325109575,1.498199504,94.15949156,4.108438069,0.964915448,4.736408396,2.193347787,54.33042883
-0.616986,3.837917,12.473002,-0.184203,3.973197,12.713812,-0.08735,4.116958,11.815634,0.767489,1.763348,10.007826,1.755599,1.26555,8.956912,0.326886,-0.344983,9.822505,1.525970005,2.320406995,2.161835905,1.127212211,64.58450228,4.228135453,0.495268191,4.241703487,1.539662424,91.78384125,4.037674957,0.909610326,4.630944816,2.198763095,54.02015451
-0.692572,3.881405,12.428866,-0.253739,3.992294,12.698222,-0.220528,4.15514,11.772107,0.697769,1.80458,10.00177,1.703567,1.287991,8.975418,0.321093,-0.343627,9.828981,1.52705345,2.302603191,2.187814929,1.153938953,66.11583182,4.205985782,0.514904901,4.20330646,1.504334572,93.80797803,4.005248151,0.940323249,4.60136114,2.169696374,55.68555493
-0.82215,3.840565,12.464478,-0.335888,3.967172,12.738811,-0.294728,4.150173,11.794318,0.66203,1.827578,9.996782,1.66523,1.304989,9.018472,0.31972,-0.35251,9.851085,1.495526649,2.291493946,2.211602912,1.182286092,67.74000326,4.224381082,0.558309348,4.249943131,1.550636434,91.15507679,3.974970819,0.962058415,4.574728473,2.152475275,56.67225121
-0.901569,3.863294,12.434082,-0.400701,4.016034,12.677469,-0.368886,4.197256,11.715486,0.579053,1.796815,10.085905,1.594819,1.363197,9.005368,0.293006,-0.353874,9.873801,1.54511014,2.323193014,2.179971139,1.134730627,65.01527582,4.179285325,0.556871606,4.241230098,1.616250603,87.39566179,3.921304628,0.978903829,4.530107052,2.147641462,56.9492083
-0.995765,3.852417,12.44885,-0.492124,3.939871,12.779139,-0.472641,4.210619,11.758741,0.550043,1.826317,10.061675,1.550708,1.40332,8.99686,0.293259,-0.356426,9.871562,1.521212637,2.333021123,2.206002715,1.151363058,65.96824388,4.29869713,0.602283223,4.28961067,1.485568281,94.88320733,3.938135896,1.055706663,4.554088867,2.08868007,60.32744722
-1.094279,3.852075,12.46141,-0.563673,3.993544,12.709776,-0.554127,4.161847,11.800988,0.486695,1.831581,10.097079,1.52974,1.423739,9.053753,0.289635,-0.351439,9.858636,1.530623112,2.310184838,2.204827437,1.160871239,66.51302254,4.212942222,0.585856977,4.300883856,1.653032736,85.2882008,3.878728602,0.924241056,4.468825563,2.174738064,55.39668739
-1.146579,3.84647,12.477077,-0.615904,4.002949,12.741103,-0.670796,4.18961,11.785198,0.427188,1.863302,10.084311,1.475123,1.48863,9.020759,0.282794,-0.335049,9.844184,1.539379657,2.329266466,2.216135764,1.156933081,66.2873827,4.267710556,0.592727327,4.338139635,1.621176895,87.11340609,3.864895334,0.97395929,4.49029615,2.174960157,55.3839624
-1.206409,3.882539,12.448196,-0.719752,4.007904,12.753302,-0.724067,4.246014,11.712158,0.373459,1.907528,10.057996,1.43684,1.503154,9.067652,0.281375,-0.331261,9.841741,1.508336409,2.302040733,2.251093484,1.201443599,68.83764754,4.270234768,0.574390727,4.291251917,1.54021677,91.75207955,3.810077816,1.068024906,4.456207859,2.113106413,58.92792086
-1.273063,3.882526,12.483911,-0.774762,4.048915,12.727191,-0.816744,4.222503,11.774981,0.287664,1.891843,10.113741,1.398427,1.52204,9.125993,0.254787,-0.338502,9.899088,1.531729354,2.316722871,2.240891703,1.181780766,67.7110502,4.206111918,0.554516947,4.29097566,1.659579666,84.91308938,3.782808195,0.967903238,4.399286795,2.166252325,55.8828844
-1.345494,3.902688,12.481869,-0.859443,4.038348,12.739121,-0.845121,4.236352,11.767125,0.232349,1.921679,10.128828,1.359072,1.498968,9.204858,0.242611,-0.32764,9.903015,1.517204623,2.251756014,2.260648753,1.233411153,70.66925348,4.17286757,0.549931056,4.248938496,1.644558502,85.7737387,3.749464407,0.991958572,4.351949648,2.122204369,58.40664638
-1.395326,3.894686,12.507613,-0.918953,4.061518,12.721308,-0.922775,4.193075,11.841532,0.177405,1.969952,10.113732,1.314249,1.568067,9.159054,0.229981,-0.324961,9.910165,1.537964862,2.307240741,2.30452369,1.229131076,70.42402314,4.20438399,0.522108023,4.307510192,1.709087083,82.07652333,3.753179348,0.889557786,4.348212443,2.218587358,52.88430789
-1.439403,3.92803,12.498975,-0.956346,4.032375,12.759458,-0.983201,4.258684,11.790733,0.130466,1.985306,10.073158,1.266577,1.610999,9.154211,0.224846,-0.334808,9.940944,1.508415567,2.343142584,2.325793864,1.230955052,70.52852924,4.235468403,0.548812772,4.302298685,1.62877424,86.67811025,3.73650694,0.994808469,4.342910046,2.12458263,58.2703821
-1.505737,3.96162,12.507626,-1.028769,4.036012,12.769036,-1.010344,4.236984,11.832419,0.044284,1.981661,10.129705,1.238985,1.634725,9.198007,0.207695,-0.304215,9.918575,1.554263887,2.311334167,2.301414374,1.22111847,69.96493463,4.230243057,0.54390593,4.299660078,1.635227155,86.30838547,3.702955372,0.95793588,4.303304239,2.150967127,56.75866177
-1.558574,3.945248,12.558333,-1.092072,4.093205,12.759848,-1.084391,4.240248,11.860127,0.045779,2.020324,10.114709,1.179214,1.653488,9.205994,0.206383,-0.294076,9.92773,1.498334576,2.293536253,2.327488378,1.262101676,72.31309934,4.217655551,0.508165732,4.328239816,1.731714662,80.78005852,3.706177179,0.911657568,4.310695686,2.20704946,53.54538074
-1.591567,3.964442,12.566711,-1.123673,4.136954,12.740026,-1.118021,4.335432,11.768965,-0.039372,1.968183,10.216261,1.134613,1.675564,9.165968,0.210596,-0.306128,9.958985,1.602180403,2.325894787,2.302425996,1.203603823,68.96141925,4.227735357,0.498961807,4.358567465,1.779564837,78.03844549,3.721624801,0.991137217,4.339623408,2.143772882,57.17086164
-1.639945,4.010166,12.563278,-1.195282,4.125616,12.819301,-1.144518,4.33433,11.806656,-0.074022,1.991224,10.21428,1.094815,1.730686,9.127154,0.207563,-0.301217,9.953032,1.617375319,2.365992473,2.324398066,1.194705268,68.45156962,4.344708706,0.513101316,4.391566964,1.603569271,88.12224864,3.736133435,1.033930089,4.400868002,2.167290538,55.82339919
-1.668995,4.027,12.581888,-1.22004,4.140912,12.819351,-1.187631,4.345826,11.858371,-0.100897,2.017973,10.230012,1.090061,1.697941,9.22036,0.200596,-0.292484,9.925072,1.59380005,2.291191539,2.349914463,1.255084133,71.91102375,4.276599449,0.507887063,4.348822887,1.654920243,85.18005463,3.737699427,0.982584504,4.349809596,2.144238538,57.14418149
-1.697518,4.059585,12.564216,-1.24574,4.155985,12.792718,-1.231658,4.376267,11.854485,-0.176172,2.048468,10.204972,1.045093,1.714404,9.217119,0.200414,-0.294929,9.916625,1.605908,2.289150577,2.390914157,1.280758698,73.38206795,4.246507276,0.506277123,4.327236234,1.672331443,84.18246636,3.747160798,0.963745465,4.329691212,2.120964618,58.4776789
-1.744662,4.086374,12.580851,-1.267612,4.212312,12.779362,-1.281795,4.396744,11.883703,-0.225663,2.065863,10.215754,1.005121,1.762846,9.208091,0.178026,-0.293643,9.952761,1.619269366,2.338325588,2.408194072,1.263531495,72.39502196,4.233118454,0.516704286,4.351645271,1.743219735,80.12086642,3.754506392,0.914450768,4.330572738,2.160971715,56.18544109
-1.785192,4.152541,12.577431,-1.286089,4.229873,12.816214,-1.283294,4.399027,11.873032,-0.263073,2.096745,10.19696,0.988824,1.743764,9.245065,0.173735,-0.298889,9.96781,1.611814436,2.314986326,2.445889044,1.302991194,74.65589615,4.234186384,0.553282139,4.335876835,1.691757957,83.06940913,3.735857619,0.958230328,4.351303614,2.17357058,55.46357928
-1.807836,4.174193,12.580994,-1.312597,4.261789,12.822638,-1.320477,4.419877,11.887111,-0.270884,2.135959,10.170211,0.975317,1.734675,9.274233,0.162985,-0.268656,9.955233,1.586449608,2.266490541,2.452882212,1.341124034,76.84074693,4.222052642,0.551047629,4.322107002,1.689539518,83.19651632,3.74665734,0.948790063,4.356315325,2.175142963,55.37348837
-1.828577,4.207702,12.572067,-1.332863,4.297459,12.841092,-1.351815,4.477344,11.855346,-0.350578,2.101853,10.240831,0.940815,1.756242,9.303265,0.164935,-0.267297,9.96796,1.632841954,2.266830232,2.439894251,1.317987654,75.51513005,4.205452595,0.564009592,4.284226717,1.644783011,85.76087527,3.730618384,1.002024845,4.355915945,2.1436525,57.17775903
-1.829301,4.218902,12.595453,-1.325743,4.319576,12.848892,-1.34513,4.475703,11.889024,-0.35794,2.137494,10.24306,0.914138,1.769357,9.306058,0.159114,-0.26112,9.944537,1.622245369,2.258440507,2.471802974,1.34753002,77.20778293,4.19150804,0.563739289,4.283290442,1.668295498,84.41370899,3.74112577,0.972482502,4.3652365,2.171629856,55.5747746
-1.830955,4.248534,12.626258,-1.31955,4.340524,12.844179,-1.327763,4.549331,11.895815,-0.373533,2.155598,10.269458,0.87488,1.787285,9.3082,0.15519,-0.264291,9.935608,1.618087274,2.262865126,2.499373243,1.365633041,78.24500962,4.161570679,0.555899844,4.281477775,1.723404893,81.25617322,3.784791869,0.971079111,4.361442064,2.106881865,59.28456121
-1.827132,4.261825,12.675696,-1.323078,4.394411,12.84807,-1.313946,4.570281,11.932286,-0.362524,2.13212,10.326899,0.859771,1.765712,9.365046,0.156733,-0.269356,9.936933,1.597942766,2.227738525,2.487727536,1.383248389,79.25429471,4.110509207,0.532713085,4.263783666,1.80111696,76.80359979,3.802147879,0.932518414,4.363658398,2.12230962,58.40061598
-1.804368,4.292266,12.656364,-1.319383,4.395978,12.878626,-1.301542,4.61054,11.942419,-0.394201,2.141742,10.344089,0.829957,1.787101,9.349328,0.146937,-0.296319,9.977202,1.616750598,2.280653629,2.524198456,1.373756441,78.71044616,4.132264126,0.533489313,4.228020259,1.688083251,83.27995422,3.83352693,0.960479255,4.388870421,2.088401684,60.34339757
-1.795907,4.319345,12.672349,-1.316585,4.427077,12.904589,-1.281755,4.63001,11.94043,-0.423123,2.164084,10.368749,0.827266,1.794557,9.359106,0.14809,-0.291651,9.961266,1.649060897,2.275113299,2.554008825,1.38683751,79.4599362,4.143253168,0.532620876,4.225945547,1.663458117,84.69087049,3.834452674,0.985283908,4.415949643,2.101864987,59.57200716
-1.755879,4.407395,12.627586,-1.310545,4.43802,12.915753,-1.264186,4.651597,11.961418,-0.425344,2.216478,10.308784,0.845267,1.824538,9.330004,0.152889,-0.30464,9.982839,1.65108436,2.332162041,2.607034621,1.392157079,79.76472504,4.183912197,0.530436228,4.2000009,1.53778975,91.89113757,3.862201733,0.977941934,4.437103115,2.10019858,59.66748524
-1.758428,4.431309,12.647409,-1.2784,4.486607,12.879038,-1.233841,4.68618,11.968167,-0.424502,2.189764,10.336597,0.836652,1.829438,9.354981,0.151636,-0.33774,10.015414,1.63826561,2.366871173,2.612158109,1.381059123,79.12885902,4.110039258,0.532990501,4.192197794,1.661768694,84.78766731,3.87165545,0.932478075,4.413561468,2.096004607,59.90778219
-1.757406,4.462517,12.652748,-1.269776,4.495439,12.907248,-1.207443,4.721574,11.975182,-0.416543,2.223416,10.324634,0.835996,1.817018,9.350469,0.150221,-0.316918,10.022031,1.637989844,2.339864467,2.620321896,1.401451769,80.29727157,4.1333948,0.550048422,4.1989023,1.62432254,86.93317389,3.914787847,0.959105868,4.45248424,2.067608506,61.5347589
-1.732472,4.482395,12.677222,-1.216435,4.499268,12.934713,-1.176437,4.755865,11.963207,-0.399354,2.291753,10.269206,0.852082,1.844858,9.392213,0.15038,-0.315792,10.030342,1.592144442,2.359661573,2.675547497,1.444778754,82.77972491,4.102202924,0.576711193,4.179856877,1.636474754,86.23690333,3.883808943,1.004821342,4.426646439,2.036024297,63.34440077
-1.699457,4.476451,12.753648,-1.184831,4.520829,13.011244,-1.148119,4.776655,11.974852,-0.409626,2.270879,10.365758,0.866515,1.867831,9.354144,0.18745,-0.246526,9.973524,1.677601391,2.305486149,2.616806297,1.404304134,80.46070004,4.193137348,0.575495977,4.25920647,1.617898433,87.30124809,3.915273616,1.067499564,4.518050332,2.062131547,61.84856558
-1.672628,4.507485,12.753109,-1.175665,4.552149,12.975783,-1.11643,4.784352,12.003435,-0.386837,2.276159,10.372048,0.872747,1.924111,9.338712,0.186376,-0.242874,9.978364,1.666815208,2.361373291,2.613252282,1.375802853,78.82769691,4.174239713,0.544569494,4.258760473,1.662472797,84.74732519,3.909184985,0.999689385,4.487189453,2.086404993,60.45779957
-1.640587,4.5297,12.756608,-1.131501,4.544401,13.00116,-1.102204,4.785688,12.035919,-0.393911,2.276993,10.412844,0.902135,1.847282,9.412143,0.188453,-0.242791,9.989974,1.69286422,2.282900744,2.620549231,1.413582989,80.99233924,4.125132532,0.564778041,4.201295194,1.638491333,86.12136184,3.939343894,0.994942011,4.489487045,2.054732783,62.27248351
-1.611019,4.558001,12.759787,-1.100306,4.57339,13.008696,-1.078684,4.780967,12.084982,-0.381702,2.297147,10.41378,0.901692,1.888504,9.367378,0.187536,-0.23867,9.986339,1.705592685,2.327659928,2.633838561,1.394835852,79.91820745,4.155381182,0.568140351,4.221629471,1.61998917,87.18145773,3.968842868,0.946750107,4.524136339,2.10398788,59.45037434
-1.557395,4.63506,12.730112,-1.04461,4.583622,13.058344,-1.03088,4.820516,12.05415,-0.362535,2.318182,10.428841,0.900234,1.878373,9.365344,0.190779,-0.24974,9.996314,1.708520814,2.330303516,2.662228275,1.411650055,80.88159028,4.173807277,0.608838815,4.166725812,1.486138343,94.85054518,3.985709866,1.031757896,4.577840228,2.07956564,60.84966559