Time,Gelos_tn16
0.005,0.0225
0.01,0.03797
0.015,0.02968
0.02,0.04493
0.025,0.04952
0.030000000000000002,0.0476
0.035,0.053360000000000005
0.04,0.050539999999999995
0.045,0.03862
0.049999999999999996,0.03159
0.05499999999999999,0.0499
0.05999999999999999,0.05226
0.06499999999999999,0.03793
0.06999999999999999,0.05465
0.075,0.025769999999999998
0.08,0.03853
0.085,0.0465
0.09000000000000001,0.04697
0.09500000000000001,0.02967
0.10000000000000002,0.04933
0.10500000000000002,0.03965
0.11000000000000003,0.047439999999999996
0.11500000000000003,0.03115
0.12000000000000004,0.0479
0.12500000000000003,0.04858
0.13000000000000003,0.03281
0.13500000000000004,0.03635
0.14000000000000004,0.03918
0.14500000000000005,0.027460000000000002
0.15000000000000005,0.03585
0.15500000000000005,0.01733
0.16000000000000006,0.04464
0.16500000000000006,0.04478
0.17000000000000007,0.032
0.17500000000000007,0.031219999999999998
0.18000000000000008,0.025789999999999997
0.18500000000000008,0.04405
0.19000000000000009,0.05396
0.1950000000000001,0.03952
0.2000000000000001,0.04131
0.2050000000000001,0.040510000000000004
0.2100000000000001,0.051620000000000006
0.2150000000000001,0.039310000000000005
0.2200000000000001,0.043160000000000004
0.22500000000000012,0.027889999999999998
0.23000000000000012,0.04191
0.23500000000000013,0.02755
0.24000000000000013,0.03705
0.24500000000000013,0.046360000000000005
0.2500000000000001,0.03379
0.2550000000000001,0.0308
0.2600000000000001,0.03887
0.2650000000000001,0.030310000000000004
0.27000000000000013,0.02613
0.27500000000000013,0.03562
0.28000000000000014,0.046610000000000006
0.28500000000000014,0.02852
0.29000000000000015,0.01944
0.29500000000000015,0.04514
0.30000000000000016,0.047139999999999994
0.30500000000000016,0.02912
0.31000000000000016,0.04646
0.31500000000000017,0.0337
0.3200000000000002,0.02118
0.3250000000000002,0.03009
0.3300000000000002,0.031560000000000005
0.3350000000000002,0.03308
0.3400000000000002,0.02486
0.3450000000000002,0.04015
0.3500000000000002,0.04173
0.3550000000000002,0.03791
0.3600000000000002,0.04582
0.3650000000000002,0.0283
0.3700000000000002,0.02592
0.3750000000000002,0.00854
0.3800000000000002,0.02624
0.38500000000000023,0.04757
0.39000000000000024,0.03405
0.39500000000000024,0.038
0.40000000000000024,0.046310000000000004
0.40500000000000025,0.026119999999999997
0.41000000000000025,0.05171
0.41500000000000026,0.03123
0.42000000000000026,0.04537
0.42500000000000027,0.05575
0.43000000000000027,0.02452
0.4350000000000003,0.04505
0.4400000000000003,0.03575
0.4450000000000003,0.01568
0.4500000000000003,0.036860000000000004
0.4550000000000003,0.027039999999999998
0.4600000000000003,0.03925
0.4650000000000003,0.04471
0.4700000000000003,0.027719999999999998
0.4750000000000003,0.0443
0.4800000000000003,0.024730000000000002
0.4850000000000003,0.039760000000000004
0.4900000000000003,0.034789999999999995
0.49500000000000033,0.02298
0.5000000000000003,0.03528
0.5050000000000003,0.03636
0.5100000000000003,0.025
0.5150000000000003,0.04374
0.5200000000000004,0.03913
0.5250000000000004,0.034789999999999995
0.5300000000000004,0.03225
0.5350000000000004,0.03765
0.5400000000000004,0.04673
0.5450000000000004,0.03941
0.5500000000000004,0.04621
0.5550000000000004,0.0413
0.5600000000000004,0.04892
0.5650000000000004,0.0492
0.5700000000000004,0.02754
0.5750000000000004,0.03669
0.5800000000000004,0.048119999999999996
0.5850000000000004,0.043289999999999995
0.5900000000000004,0.0167
0.5950000000000004,0.030780000000000002
0.6000000000000004,0.04535
0.6050000000000004,0.05242
0.6100000000000004,0.02893
0.6150000000000004,0.02101
0.6200000000000004,0.02883
0.6250000000000004,0.03513
0.6300000000000004,0.03147
0.6350000000000005,0.03688
0.6400000000000005,0.02501
0.6450000000000005,0.029289999999999997
0.6500000000000005,0.03845
0.6550000000000005,0.04782
0.6600000000000005,0.04173
0.6650000000000005,0.04093
0.6700000000000005,0.02876
0.6750000000000005,0.03707
0.6800000000000005,0.027260000000000003
0.6850000000000005,0.03797
0.6900000000000005,0.0444
0.6950000000000005,0.0323
0.7000000000000005,0.04699
0.7050000000000005,0.021419999999999998
0.7100000000000005,0.048960000000000004
0.7150000000000005,0.015069999999999998
0.7200000000000005,0.030719999999999997
0.7250000000000005,0.02349
0.7300000000000005,0.02251
0.7350000000000005,0.04576
0.7400000000000005,0.02014
0.7450000000000006,0.04163
0.7500000000000006,0.03119
0.7550000000000006,0.04545
0.7600000000000006,0.04796
0.7650000000000006,0.03141
0.7700000000000006,0.04854
0.7750000000000006,0.03515
0.7800000000000006,0.0459
0.7850000000000006,0.02559
0.7900000000000006,0.035410000000000004
0.7950000000000006,0.02841
0.8000000000000006,0.03932
0.8050000000000006,0.018359999999999998
0.8100000000000006,0.04348
0.8150000000000006,0.02795
0.8200000000000006,0.0377
0.8250000000000006,0.037380000000000004
0.8300000000000006,0.03215
0.8350000000000006,0.02737
0.8400000000000006,0.02841
0.8450000000000006,0.029039999999999996
0.8500000000000006,0.03358
0.8550000000000006,0.02428
0.8600000000000007,0.02325
0.8650000000000007,0.04002
0.8700000000000007,0.04226
0.8750000000000007,0.03547
0.8800000000000007,0.02166
0.8850000000000007,0.01475
0.8900000000000007,0.01762
0.8950000000000007,0.031310000000000004
0.9000000000000007,0.02512
0.9050000000000007,0.030060000000000003
0.9100000000000007,0.0179
0.9150000000000007,0.02186
0.9200000000000007,0.031830000000000004
0.9250000000000007,0.020040000000000002
0.9300000000000007,0.0108
0.9350000000000007,0.02267
0.9400000000000007,0.0114
0.9450000000000007,0.024069999999999998
0.9500000000000007,0.04143
0.9550000000000007,0.014190000000000001
0.9600000000000007,0.03299
0.9650000000000007,0.03241
0.9700000000000008,0.02514
0.9750000000000008,0.03186
0.9800000000000008,0.0217
0.9850000000000008,0.023209999999999998
0.9900000000000008,0.03217
0.9950000000000008,0.028030000000000003
1.0000000000000007,0.02914
1.0050000000000006,0.03537
1.0100000000000005,0.028839999999999998
1.0150000000000003,0.03225
1.0200000000000002,0.03337
1.0250000000000001,0.049030000000000004
1.03,0.03406
1.035,0.04115
1.0399999999999998,0.03669
1.0449999999999997,0.05827
1.0499999999999996,0.052289999999999996
1.0549999999999995,0.04999
1.0599999999999994,0.06145
1.0649999999999993,0.05872
1.0699999999999992,0.05757999999999999
1.074999999999999,0.07934
1.079999999999999,0.059660000000000005
1.0849999999999989,0.0646
1.0899999999999987,0.06652999999999999
1.0949999999999986,0.07191
1.0999999999999985,0.048260000000000004
1.1049999999999984,0.05474
1.1099999999999983,0.044680000000000004
1.1149999999999982,0.040139999999999995
1.119999999999998,0.04483
1.124999999999998,0.04766
1.129999999999998,0.045939999999999995
1.1349999999999978,0.04445
1.1399999999999977,0.05832999999999999
1.1449999999999976,0.03847
1.1499999999999975,0.028610000000000003
1.1549999999999974,0.02181
1.1599999999999973,0.014730000000000002
1.1649999999999971,0.02016
1.169999999999997,0.02263
1.174999999999997,0.032619999999999996
1.1799999999999968,0.0315
1.1849999999999967,0.03412
1.1899999999999966,0.0057799999999999995
1.1949999999999965,0.03316
1.1999999999999964,0.02359
1.2049999999999963,0.0229
1.2099999999999962,0.01466
1.214999999999996,0.01935
1.219999999999996,2.9999999999999997e-05
1.2249999999999959,-0.00297
1.2299999999999958,0.00717
1.2349999999999957,0.00492
1.2399999999999956,-0.00494
1.2449999999999954,0.00281
1.2499999999999953,-0.0037700000000000003
1.2549999999999952,0.015090000000000001
1.2599999999999951,-0.00835
1.264999999999995,0.00919
1.269999999999995,-0.00878
1.2749999999999948,0.0033200000000000005
1.2799999999999947,0.00718
1.2849999999999946,-0.01144
1.2899999999999945,-0.00847
1.2949999999999944,-0.0052899999999999996
1.2999999999999943,0.00609
1.3049999999999942,0.00346
1.309999999999994,0.01686
1.314999999999994,0.00496
1.3199999999999938,0.007520000000000001
1.3249999999999937,0.013040000000000001
1.3299999999999936,0.02128
1.3349999999999935,0.01839
1.3399999999999934,0.04437
1.3449999999999933,0.0401
1.3499999999999932,0.027460000000000002
1.354999999999993,0.029560000000000003
1.359999999999993,0.03135
1.3649999999999929,0.04725
1.3699999999999928,0.05508
1.3749999999999927,0.03312
1.3799999999999926,0.03823
1.3849999999999925,0.04657
1.3899999999999924,0.04216
1.3949999999999922,0.045630000000000004
1.3999999999999921,0.04843
1.404999999999992,0.03307
1.409999999999992,0.02733
1.4149999999999918,0.04584
1.4199999999999917,0.0431
1.4249999999999916,0.0407
1.4299999999999915,0.13425
1.4349999999999914,0.40221999999999997
1.4399999999999913,0.8476600000000001
1.4449999999999912,1.0736299999999999
1.449999999999991,1.68232
1.454999999999991,1.5137
1.4599999999999909,1.61543
1.4649999999999908,1.6874200000000001
1.4699999999999906,1.6790200000000002
1.4749999999999905,1.75445
1.4799999999999904,1.52556
1.4849999999999903,1.5822100000000001
1.4899999999999902,1.44195
1.4949999999999901,1.48965
1.49999999999999,2.73057
1.50499999999999,5.24299
1.5099999999999898,2.33125
1.5149999999999897,1.7009900000000002
1.5199999999999896,0.95509
1.5249999999999895,0.98388
1.5299999999999894,1.13371
1.5349999999999893,1.12028
1.5399999999999892,1.23834
1.544999999999989,1.1465
1.549999999999989,1.13855
1.5549999999999888,1.01826
1.5599999999999887,0.9960399999999999
1.5649999999999886,0.93084
1.5699999999999885,0.9970399999999999
1.5749999999999884,1.00407
1.5799999999999883,0.96778
1.5849999999999882,0.95875
1.589999999999988,0.9678100000000001
1.594999999999988,1.02925
1.5999999999999879,1.03502
1.6049999999999878,1.06712
1.6099999999999877,1.12178
1.6149999999999876,1.50096
1.6199999999999875,1.15418
1.6249999999999873,1.19276
1.6299999999999872,1.14949
1.6349999999999871,1.20733
1.639999999999987,1.1445
1.644999999999987,1.15035
1.6499999999999868,1.14608
1.6549999999999867,1.1604299999999999
1.6599999999999866,1.1432
1.6649999999999865,1.1426399999999999
1.6699999999999864,1.13215
1.6749999999999863,1.14564
1.6799999999999862,1.1180700000000001
1.684999999999986,1.11217
1.689999999999986,1.12563
1.6949999999999859,1.11101
1.6999999999999857,1.13438
1.7049999999999856,1.11776
1.7099999999999855,1.11723
1.7149999999999854,1.12057
1.7199999999999853,1.13381
1.7249999999999852,1.13401
1.729999999999985,1.13507
1.734999999999985,1.1282299999999998
1.739999999999985,1.12487
1.7449999999999848,1.13373
1.7499999999999847,1.1469799999999999
1.7549999999999846,1.15753
1.7599999999999845,1.14601
1.7649999999999844,1.1573200000000001
1.7699999999999843,1.15879
1.7749999999999841,1.1542299999999999
1.779999999999984,1.15296
1.784999999999984,1.14034
1.7899999999999838,1.1442
1.7949999999999837,1.1448399999999999
1.7999999999999836,1.15475
1.8049999999999835,1.14269
1.8099999999999834,1.13399
1.8149999999999833,1.1472799999999999
1.8199999999999832,1.13194
1.824999999999983,1.1456899999999999
1.829999999999983,1.12991
1.8349999999999829,1.15578
1.8399999999999828,1.1330200000000001
1.8449999999999827,1.16145
1.8499999999999825,1.12185
1.8549999999999824,1.14176
1.8599999999999823,1.13218
1.8649999999999822,1.1364100000000001
1.8699999999999821,1.13311
1.874999999999982,1.14325
1.879999999999982,1.1286399999999999
1.8849999999999818,1.12723
1.8899999999999817,1.1377
1.8949999999999816,1.1345399999999999
1.8999999999999815,1.13048
1.9049999999999814,1.13574
1.9099999999999813,1.13396
1.9149999999999812,1.14404
1.919999999999981,1.12809
1.924999999999981,1.12404
1.9299999999999808,1.14068
1.9349999999999807,1.13937
1.9399999999999806,1.1469
1.9449999999999805,1.1288200000000002
1.9499999999999804,1.1280700000000001
1.9549999999999803,1.13002
1.9599999999999802,1.12137
1.96499999999998,1.12697
1.96999999999998,1.1385100000000001
1.9749999999999799,1.13749
1.9799999999999798,1.1209
1.9849999999999797,1.13216
1.9899999999999796,1.13771
1.9949999999999795,1.14675
1.9999999999999793,1.13145
2.0049999999999795,1.13831
2.0099999999999794,1.14481
2.0149999999999793,1.12513
2.019999999999979,1.1276899999999999
2.024999999999979,1.12826
2.029999999999979,1.13131
2.034999999999979,1.13297
2.0399999999999787,1.13395
2.0449999999999786,1.15269
2.0499999999999785,1.13515
2.0549999999999784,1.12572
2.0599999999999783,1.14486
2.064999999999978,1.12925
2.069999999999978,1.14536
2.074999999999978,1.12263
2.079999999999978,1.13553
2.0849999999999778,1.12622
2.0899999999999777,1.13532
2.0949999999999775,1.14951
2.0999999999999774,1.12437
2.1049999999999773,1.12681
2.1099999999999772,1.1518700000000002
2.114999999999977,1.12478
2.119999999999977,1.14673
2.124999999999977,1.13557
2.129999999999977,1.14141
2.1349999999999767,1.14278
2.1399999999999766,1.14723
2.1449999999999765,1.1488
2.1499999999999764,1.12992
2.1549999999999763,1.13588
2.159999999999976,1.15199
2.164999999999976,1.15241
2.169999999999976,1.14911
2.174999999999976,1.1476899999999999
2.1799999999999757,1.13382
2.1849999999999756,1.1543
2.1899999999999755,1.12594
2.1949999999999754,1.1340700000000001
2.1999999999999753,1.1274600000000001
2.204999999999975,1.1372799999999998
2.209999999999975,1.1577600000000001
2.214999999999975,1.12402
2.219999999999975,1.15404
2.2249999999999748,1.14097
2.2299999999999747,1.14303
2.2349999999999746,1.13781
2.2399999999999745,1.13937
2.2449999999999743,1.1446399999999999
2.2499999999999742,1.13905
2.254999999999974,1.1359700000000001
2.259999999999974,1.13457
2.264999999999974,1.13055
2.269999999999974,1.14384
2.2749999999999737,1.13368
2.2799999999999736,1.1399
2.2849999999999735,1.13657
2.2899999999999734,1.12724
2.2949999999999733,1.15493
2.299999999999973,1.1418700000000002
2.304999999999973,1.1452
2.309999999999973,1.13995
2.314999999999973,1.13089
2.3199999999999728,1.1433200000000001
2.3249999999999726,1.14205
2.3299999999999725,1.13463
2.3349999999999724,1.14392
2.3399999999999723,1.13554
2.344999999999972,1.13732
2.349999999999972,1.1406399999999999
2.354999999999972,1.13605
2.359999999999972,1.12526
2.364999999999972,1.13737
2.3699999999999717,1.1380299999999999
2.3749999999999716,1.12342
2.3799999999999715,1.1311200000000001
2.3849999999999714,1.13584
2.3899999999999713,1.1361700000000001
2.394999999999971,1.13798
2.399999999999971,1.15262
2.404999999999971,1.12734
2.409999999999971,1.1388
2.4149999999999707,1.1398
2.4199999999999706,1.13939
2.4249999999999705,1.1359
2.4299999999999704,1.14362
2.4349999999999703,1.1447200000000002
2.43999999999997,1.14525
2.44499999999997,1.14106
2.44999999999997,1.13532
2.45499999999997,1.14219
2.4599999999999698,1.1334799999999998
2.4649999999999697,1.15087
2.4699999999999696,1.1374
2.4749999999999694,1.16107
2.4799999999999693,1.14212
2.4849999999999692,1.15248
2.489999999999969,1.14835
2.494999999999969,1.13685
2.499999999999969,1.14044
2.504999999999969,1.1637
2.5099999999999687,1.14342
2.5149999999999686,1.14447
2.5199999999999685,1.14706
2.5249999999999684,1.14553
2.5299999999999683,1.14386
2.534999999999968,1.16088
2.539999999999968,1.1574200000000001
2.544999999999968,1.1548200000000002
2.549999999999968,1.1476600000000001
2.5549999999999677,1.1294
2.5599999999999676,1.1464
2.5649999999999675,1.145
2.5699999999999674,1.13602
2.5749999999999673,1.145
2.579999999999967,1.14307
2.584999999999967,1.14495
2.589999999999967,1.14733
2.594999999999967,1.1476
2.599999999999967,1.1449
2.6049999999999667,1.13509
2.6099999999999666,1.1404100000000001
2.6149999999999665,1.14432
2.6199999999999664,1.12794
2.6249999999999662,1.13558
2.629999999999966,1.12257
2.634999999999966,1.11984
2.639999999999966,1.124
2.644999999999966,1.1369
2.6499999999999657,1.13656
2.6549999999999656,1.13703
2.6599999999999655,1.12846
2.6649999999999654,1.1407399999999999
2.6699999999999653,1.13703
2.674999999999965,1.14852
2.679999999999965,1.13402
2.684999999999965,1.13976
2.689999999999965,1.13706
2.6949999999999648,1.14326
2.6999999999999647,1.13602
2.7049999999999645,1.1393799999999998
2.7099999999999644,1.14551
2.7149999999999643,1.1485
2.7199999999999642,1.13236
2.724999999999964,1.13888
2.729999999999964,1.14561
2.734999999999964,1.13087
2.739999999999964,1.13716
2.7449999999999637,1.14872
2.7499999999999636,1.14665
2.7549999999999635,1.13096
2.7599999999999634,1.13306
2.7649999999999633,1.13222
2.769999999999963,1.13772
2.774999999999963,1.15838
2.779999999999963,1.14638
2.784999999999963,1.1458
2.7899999999999627,1.1351
2.7949999999999626,1.13675
2.7999999999999625,1.1394600000000001
2.8049999999999624,1.14479
2.8099999999999623,1.15651
2.814999999999962,1.1497
2.819999999999962,1.13844
2.824999999999962,1.15935
2.829999999999962,1.13503
2.8349999999999618,1.13935
2.8399999999999617,1.1360700000000001
2.8449999999999616,1.14875
2.8499999999999615,1.16
2.8549999999999613,1.15381
2.8599999999999612,1.14939
2.864999999999961,1.1477
2.869999999999961,1.15619
2.874999999999961,1.14165
2.879999999999961,1.1500299999999999
2.8849999999999607,1.15383
2.8899999999999606,1.1408200000000002
2.8949999999999605,1.1466
2.8999999999999604,1.15924
2.9049999999999603,1.15901
2.90999999999996,1.16377
2.91499999999996,1.17245
2.91999999999996,1.1860899999999999
2.92499999999996,1.21346
2.9299999999999597,1.27359
2.9349999999999596,1.2811299999999999
2.9399999999999595,1.3343
2.9449999999999594,1.35585
2.9499999999999593,1.36901
2.954999999999959,1.40971
2.959999999999959,1.3822299999999998
2.964999999999959,1.36338
2.969999999999959,1.35611
2.974999999999959,1.33802
2.9799999999999587,1.34738
2.9849999999999586,1.36257
2.9899999999999585,1.3538
2.9949999999999584,1.3219100000000001
2.9999999999999583,1.29662
3.004999999999958,1.30625
3.009999999999958,1.3326799999999999
3.014999999999958,1.32415
3.019999999999958,1.36893
3.0249999999999577,1.47949
3.0299999999999576,1.43167
3.0349999999999575,1.50537
3.0399999999999574,1.49098
3.0449999999999573,1.5473299999999999
3.049999999999957,1.55723
3.054999999999957,1.59051
3.059999999999957,1.59246
3.064999999999957,1.5718
3.0699999999999568,1.5084899999999999
3.0749999999999567,1.4324299999999999
3.0799999999999566,1.3456700000000001
3.0849999999999564,1.23766
3.0899999999999563,1.11022
3.0949999999999562,0.9866
3.099999999999956,0.8501200000000001
3.104999999999956,0.7327199999999999
3.109999999999956,0.67848
3.114999999999956,0.49101999999999996
3.1199999999999557,0.47189
3.1249999999999556,0.26437
3.1299999999999555,0.29773
3.1349999999999554,0.14296
3.1399999999999553,0.16912
3.144999999999955,0.12942
3.149999999999955,0.13517
3.154999999999955,0.13372
3.159999999999955,0.1355
3.1649999999999547,0.12262999999999999
3.1699999999999546,0.12499
3.1749999999999545,0.1241
3.1799999999999544,0.12473
3.1849999999999543,0.11427999999999999
3.189999999999954,0.13345
3.194999999999954,0.12314000000000001
3.199999999999954,0.13025
3.204999999999954,0.11395
3.209999999999954,0.11623
3.2149999999999537,0.11349000000000001
3.2199999999999536,0.11888
3.2249999999999535,0.09028
3.2299999999999534,0.09719
3.2349999999999532,0.09598999999999999
3.239999999999953,0.07879
3.244999999999953,0.095
3.249999999999953,0.09723
3.254999999999953,0.08309
3.2599999999999527,0.11602
3.2649999999999526,0.07584
3.2699999999999525,0.08267000000000001
3.2749999999999524,0.11039000000000002
3.2799999999999523,0.08778
3.284999999999952,0.09751
3.289999999999952,0.05126
3.294999999999952,-0.03927
3.299999999999952,0.09862
3.3049999999999518,0.14803
3.3099999999999516,0.012459999999999999
3.3149999999999515,0.1629
3.3199999999999514,-0.00028
3.3249999999999513,0.14714000000000002
3.329999999999951,0.042010000000000006
3.334999999999951,0.10703
3.339999999999951,0.05368
3.344999999999951,0.08459
3.349999999999951,0.06213
3.3549999999999507,0.07177
3.3599999999999506,0.08726
3.3649999999999505,0.07929
3.3699999999999504,0.0885
3.3749999999999503,0.08499
3.37999999999995,0.08336
3.38499999999995,0.08983
3.38999999999995,0.07856
3.39499999999995,0.0737
3.3999999999999497,0.07185
3.4049999999999496,0.08229
3.4099999999999495,0.08374
3.4149999999999494,0.07367
3.4199999999999493,0.08774
3.424999999999949,0.06315
3.429999999999949,0.0719
3.434999999999949,0.06599
3.439999999999949,0.08002999999999999
3.4449999999999488,0.08513
3.4499999999999487,0.07261000000000001
3.4549999999999486,0.07253
3.4599999999999485,0.07649
3.4649999999999483,0.0811
3.4699999999999482,0.06432
3.474999999999948,0.07295
3.479999999999948,0.06705
3.484999999999948,0.09197999999999999
3.489999999999948,0.06598
3.4949999999999477,0.07921
3.4999999999999476,0.0735
3.5049999999999475,0.08655
3.5099999999999474,0.0873
3.5149999999999473,0.06854
3.519999999999947,0.06881
3.524999999999947,0.07347999999999999
3.529999999999947,0.060579999999999995
3.534999999999947,0.07164
3.5399999999999467,0.05649
3.5449999999999466,0.08107
3.5499999999999465,0.08267000000000001
3.5549999999999464,0.08015
3.5599999999999463,0.08715
3.564999999999946,0.08523
3.569999999999946,0.07795
3.574999999999946,0.0724
3.579999999999946,0.07786
3.584999999999946,0.07272999999999999
3.5899999999999457,0.05967000000000001
3.5949999999999456,0.07672000000000001
3.5999999999999455,0.06912
3.6049999999999454,0.06838999999999999
3.6099999999999453,0.077
3.614999999999945,0.07281
3.619999999999945,0.07393999999999999
3.624999999999945,0.0712
3.629999999999945,0.06109
3.6349999999999447,0.06815
3.6399999999999446,0.07474
3.6449999999999445,0.07735
3.6499999999999444,0.07361000000000001
3.6549999999999443,0.07362
3.659999999999944,0.0815
3.664999999999944,0.06677999999999999
3.669999999999944,0.0741
3.674999999999944,0.0501
3.6799999999999438,0.056960000000000004
3.6849999999999437,0.07134
3.6899999999999435,0.07395
3.6949999999999434,0.0754
3.6999999999999433,0.06192999999999999
3.7049999999999432,0.053110000000000004
3.709999999999943,0.08043
3.714999999999943,0.07396
3.719999999999943,0.06617999999999999
3.724999999999943,0.06273
3.7299999999999427,0.04421
3.7349999999999426,0.07466
3.7399999999999425,0.07481
3.7449999999999424,0.08442999999999999
3.7499999999999423,0.061279999999999994
3.754999999999942,0.06047
3.759999999999942,0.06491
3.764999999999942,0.08071
3.769999999999942,0.07151
3.7749999999999417,0.085
3.7799999999999416,0.08682000000000001
3.7849999999999415,0.0608
3.7899999999999414,0.05774
3.7949999999999413,0.0586
3.799999999999941,0.0677
3.804999999999941,0.060629999999999996
3.809999999999941,0.07425
3.814999999999941,0.06201
3.8199999999999408,0.04122
3.8249999999999407,0.05313
3.8299999999999406,0.05671
3.8349999999999405,0.053110000000000004
3.8399999999999403,0.05994
3.8449999999999402,0.04143
3.84999999999994,0.07011
3.85499999999994,0.044539999999999996
3.85999999999994,0.0633
3.86499999999994,0.05704
3.8699999999999397,0.06957999999999999
3.8749999999999396,0.06254
3.8799999999999395,0.05637
3.8849999999999394,0.06537000000000001
3.8899999999999393,0.06336
3.894999999999939,0.06731000000000001
3.899999999999939,0.06045
3.904999999999939,0.06614
3.909999999999939,0.05653
3.9149999999999388,0.0607
3.9199999999999386,0.058070000000000004
3.9249999999999385,0.05367
3.9299999999999384,0.06154
3.9349999999999383,0.07251
3.939999999999938,0.07309
3.944999999999938,0.06389
3.949999999999938,0.05765
3.954999999999938,0.054279999999999995
3.959999999999938,0.06486
3.9649999999999377,0.048389999999999996
3.9699999999999376,0.060379999999999996
3.9749999999999375,0.05901
3.9799999999999374,0.04717
3.9849999999999373,0.07162
3.989999999999937,0.06539
3.994999999999937,0.07382000000000001
3.999999999999937,0.059
4.004999999999937,0.05802
4.009999999999937,0.06517
4.014999999999937,0.0651
4.0199999999999365,0.06769
4.024999999999936,0.05529
4.029999999999936,0.06665
4.034999999999936,0.06767000000000001
4.039999999999936,0.0565
4.044999999999936,0.06645
4.049999999999936,0.05785
4.054999999999936,0.05552000000000001
4.059999999999936,0.05844
4.0649999999999356,0.06625
4.0699999999999354,0.07489
4.074999999999935,0.07274
4.079999999999935,0.0614
4.084999999999935,0.062020000000000006
4.089999999999935,0.057870000000000005
4.094999999999935,0.07416
4.099999999999935,0.06975
4.104999999999935,0.06307
4.109999999999935,0.06311
4.1149999999999345,0.06398
4.119999999999934,0.06037000000000001
4.124999999999934,0.05951
4.129999999999934,0.05612
4.134999999999934,0.07292
4.139999999999934,0.06333
4.144999999999934,0.07355
4.149999999999934,0.06617
4.154999999999934,0.062329999999999997
4.1599999999999335,0.07599
4.164999999999933,0.05068
4.169999999999933,0.07098
4.174999999999933,0.06725
4.179999999999933,0.06175
4.184999999999933,0.06159
4.189999999999933,0.06397
4.194999999999933,0.06838999999999999
4.199999999999933,0.06321
4.204999999999933,0.058839999999999996
4.2099999999999325,0.07743
4.214999999999932,0.05155
4.219999999999932,0.05695
4.224999999999932,0.07249
4.229999999999932,0.057460000000000004
4.234999999999932,0.0646
4.239999999999932,0.05384
4.244999999999932,0.06996000000000001
4.249999999999932,0.058179999999999996
4.2549999999999315,0.060239999999999995
4.259999999999931,0.07797
4.264999999999931,0.08461
4.269999999999931,0.06758
4.274999999999931,0.08057
4.279999999999931,0.06559
4.284999999999931,0.06191
4.289999999999931,0.06448999999999999
4.294999999999931,0.07017999999999999
4.2999999999999305,0.056479999999999995
4.30499999999993,0.08064
4.30999999999993,0.06808
4.31499999999993,0.06322
4.31999999999993,0.06498999999999999
4.32499999999993,0.06892999999999999
4.32999999999993,0.07603
4.33499999999993,0.08143
4.33999999999993,0.06881
4.34499999999993,0.0766
4.3499999999999295,0.06751
4.354999999999929,0.06661
4.359999999999929,0.057510000000000006
4.364999999999929,0.06242
4.369999999999929,0.06085
4.374999999999929,0.05495
4.379999999999929,0.058620000000000005
4.384999999999929,0.06336
4.389999999999929,0.06742000000000001
4.3949999999999285,0.07644
4.399999999999928,0.05319
4.404999999999928,0.05973
4.409999999999928,0.06493
4.414999999999928,0.06437999999999999
4.419999999999928,0.06747
4.424999999999928,0.06785
4.429999999999928,0.07595
4.434999999999928,0.0707
4.439999999999928,0.07468999999999999
4.4449999999999275,0.0531
4.449999999999927,0.06539
4.454999999999927,0.06241
4.459999999999927,0.06164
4.464999999999927,0.059070000000000004
4.469999999999927,0.07099
4.474999999999927,0.06021
4.479999999999927,0.06732
4.484999999999927,0.07112
4.4899999999999265,0.056679999999999994
4.494999999999926,0.06928
4.499999999999926,0.0667
4.504999999999926,0.055479999999999995
4.509999999999926,0.06548999999999999
4.514999999999926,0.06065
4.519999999999926,0.07477
4.524999999999926,0.05367
4.529999999999926,0.06117
4.5349999999999255,0.04591
4.539999999999925,0.05641
4.544999999999925,0.07234
4.549999999999925,0.060860000000000004
4.554999999999925,0.05056
4.559999999999925,0.05268
4.564999999999925,0.06448999999999999
4.569999999999925,0.060579999999999995
4.574999999999925,0.06579
4.579999999999925,0.06525
4.5849999999999245,0.05042
4.589999999999924,0.06364
4.594999999999924,0.06126
4.599999999999924,0.0557
4.604999999999924,0.04786
4.609999999999924,0.0694
4.614999999999924,0.0538
4.619999999999924,0.05558
4.624999999999924,0.08098
4.6299999999999235,0.0621
4.634999999999923,0.05388
4.639999999999923,0.0642
4.644999999999923,0.060239999999999995
4.649999999999923,0.061329999999999996
4.654999999999923,0.0617
4.659999999999923,0.051739999999999994
4.664999999999923,0.06861
4.669999999999923,0.06464
4.6749999999999226,0.05977999999999999
4.6799999999999224,0.05442999999999999
4.684999999999922,0.05964
4.689999999999922,0.0503
4.694999999999922,0.06137000000000001
4.699999999999922,0.0665
4.704999999999922,0.05292
4.709999999999922,0.06461
4.714999999999922,0.05711
4.719999999999922,0.07378
4.7249999999999215,0.06672
4.729999999999921,0.05801
4.734999999999921,0.0583
4.739999999999921,0.07707
4.744999999999921,0.06897
4.749999999999921,0.0694
4.754999999999921,0.054020000000000006
4.759999999999921,0.056889999999999996
4.764999999999921,0.06511
4.7699999999999205,0.04963
4.77499999999992,0.05823
4.77999999999992,0.05471
4.78499999999992,0.056
4.78999999999992,0.06554
4.79499999999992,0.05185
4.79999999999992,0.04965
4.80499999999992,0.06641
4.80999999999992,0.04655
4.81499999999992,0.06267
4.8199999999999195,0.05702
4.824999999999919,0.05264
4.829999999999919,0.0597
4.834999999999919,0.07227
4.839999999999919,0.05051
4.844999999999919,0.051829999999999994
4.849999999999919,0.05977999999999999
4.854999999999919,0.05095
4.859999999999919,0.06462999999999999
4.8649999999999185,0.061189999999999994
4.869999999999918,0.06214
4.874999999999918,0.06122999999999999
4.879999999999918,0.056760000000000005
4.884999999999918,0.05366
4.889999999999918,0.04453
4.894999999999918,0.05064
4.899999999999918,0.06165
4.904999999999918,0.052879999999999996
4.9099999999999175,0.05337000000000001
4.914999999999917,0.06706000000000001
4.919999999999917,0.05634
4.924999999999917,0.06166
4.929999999999917,0.047139999999999994
4.934999999999917,0.05195
4.939999999999917,0.05571
4.944999999999917,0.04916
4.949999999999917,0.06727999999999999
4.954999999999917,0.05424
4.9599999999999165,0.07056
4.964999999999916,0.05417
4.969999999999916,0.053779999999999994
4.974999999999916,0.04372
4.979999999999916,0.05947
4.984999999999916,0.06355
4.989999999999916,0.061279999999999994
4.994999999999916,0.060820000000000006
4.999999999999916,0.05016
5.0049999999999155,0.05074
5.009999999999915,0.057179999999999995
5.014999999999915,0.06079
5.019999999999915,0.03658
5.024999999999915,0.054220000000000004
5.029999999999915,0.04527
5.034999999999915,0.05246
5.039999999999915,0.05088
5.044999999999915,0.06282
5.049999999999915,0.04662
5.0549999999999145,0.05376
5.059999999999914,0.05119
5.064999999999914,0.05363
5.069999999999914,0.03205
5.074999999999914,0.06254
5.079999999999914,0.06605
5.084999999999914,0.05898
5.089999999999914,0.06171
5.094999999999914,0.0637
5.0999999999999135,0.04412
5.104999999999913,0.04633
5.109999999999913,0.06475
5.114999999999913,0.04685
5.119999999999913,0.03765
5.124999999999913,0.043089999999999996
5.129999999999913,0.03637
5.134999999999913,0.05621
5.139999999999913,0.06531
5.1449999999999125,0.048010000000000004
5.149999999999912,0.06143
5.154999999999912,0.041
5.159999999999912,0.04448
5.164999999999912,0.05159
5.169999999999912,0.05042
5.174999999999912,0.06972
5.179999999999912,0.04603
5.184999999999912,0.06705
5.189999999999912,0.05391
5.1949999999999115,0.055929999999999994
5.199999999999911,0.062020000000000006
5.204999999999911,0.04728
5.209999999999911,0.06962
5.214999999999911,0.0503
5.219999999999911,0.04834
5.224999999999911,0.04073
5.229999999999911,0.04999
5.234999999999911,0.06962
5.2399999999999105,0.05407000000000001
5.24499999999991,0.0557
5.24999999999991,0.05993
5.25499999999991,0.053810000000000004
5.25999999999991,0.06306
5.26499999999991,0.05517999999999999
5.26999999999991,0.05325
5.27499999999991,0.0666
5.27999999999991,0.06125
5.2849999999999095,0.0517
5.289999999999909,0.054060000000000004
5.294999999999909,0.04917
5.299999999999909,0.052489999999999995
5.304999999999909,0.06639
